0.53727537416853,-1.35798654284046
0.832522046985105,-0.0291115981676899
0.399113845778629,1.03936778129094
0.293950496707112,2.39032702890569
0.341694712871686,1.89638246197891
0.733307409565896,-2.28828612742713
0.10920918546617,0.837331731419122
0.306989696342498,2.28047214298143
0.47183536645025,-0.242721525797419
0.503877193899825,-0.807697452476599
0.679851904744282,-2.59597146046125
0.102997954003513,0.653215276795119
0.742165316129103,-2.18216951302375
0.937116822693497,5.4303166601571
0.834052681922913,0.0259711114556849
0.808250496862456,-0.814404648950234
0.888555181445554,2.44866243294475
0.641126150265336,-2.50848568134662
0.503166838083416,-0.795468073785446
0.372968326322734,1.4569450958849
0.931309712352231,5.02984453078316
0.179004246136174,2.23821744334999
0.0344247203320265,-2.12014058904462
0.683823941042647,-2.59127271365555
0.988693623570725,9.54866012308271
0.515636474592611,-1.00737161982645
0.985375005519018,9.2521819286852
0.379656427074224,1.35384646658542
0.0665867240168154,-0.643863741168323
0.50406075338833,-0.810854726348983
0.634934599976987,-2.47381907383538
0.946910947095603,6.13391353066651
0.27894224668853,2.49009381690428
0.691912569338456,-2.57320574897941
0.381249244092032,1.32888572418908
0.500990371918306,-0.757891369601823
0.958661988843232,7.02565587308936
0.88828317145817,2.43423775581839
0.543092151870951,-1.44771797070232
0.911313953343779,3.74366041300647
0.324161318130791,2.10592737573974
0.951738214120269,6.49389513818116
0.6316622227896,-2.45338520413029
0.508377603953704,-0.884754333730168
0.0462195223663002,-1.54099142789485
0.352103619137779,1.75869152769355
0.130501656793058,1.39111377562315
0.921944172820076,4.40971857220523
0.610967353917658,-2.29225246095703
0.423941428074613,0.613847401372801
0.724602067377418,-2.37642796000243
0.340771092334762,1.90814418627313
0.798712871270254,-1.07905302798807
0.133087463676929,1.45044563425341
0.811363524757326,-0.722765610779229
0.876550451852381,1.83509968396625
0.617697570472956,-2.35049327092341
0.691708424827084,-2.5738043926242
0.235179151408374,2.59436441435919
0.11054095486179,0.875455695470523
0.530838530277833,-1.25630505473629
0.147713812999427,1.75499586020507
0.674099087715149,-2.59803066330469
0.303066409192979,2.3156818560323
0.0837553136516362,0.0151656593729239
0.311787631595507,2.23498575071452
0.260404037311673,2.57020517379363
0.802170169306919,-0.985903119795086
0.838732295203954,0.198580196768568
0.898037948878482,2.96692406968595
0.607224585721269,-2.25755148791098
0.545977455796674,-1.49141978599957
0.742548546520993,-2.17719631079845
0.0536805498413742,-1.19745500108065
0.784366914071143,-1.43254895473728
0.166044454788789,2.06490490849801
0.993752318900079,10.0092332052156
0.43215344613418,0.46894122192467
0.608341307379305,-2.26807463340771
0.160515792435035,1.97959414101204
0.554559181677178,-1.61801791573375
0.90638699918054,3.44834073110218
0.965643176110461,7.58047702235384
0.882613301975653,2.139103751937
0.379016721388325,1.36382820351512
0.196438153740019,2.41482993554169
0.960873904405162,7.19940590682515
0.616475319722667,-2.34032148896816
0.999212931375951,10.5182122183268
0.751136891311035,-2.05725471764087
0.589529131306335,-2.07247651187488
0.250941572478041,2.59126634477255
0.195087409112602,2.40338334255155
0.519482436822727,-1.07141672501765
0.445598744321615,0.228958261064147
0.342694555642083,1.88356397754149
0.0120943887159228,-3.34167686935692
0.553035776829347,-1.59592796818613
0.258591920835897,2.57531219578276
0.579822657629848,-1.95728583742305
0.156438530888408,1.91220760091504
0.96150641492568,7.24943759533142
0.947546783369035,6.18082759606804
0.710107665508986,-2.48905105948347
0.559404251398519,-1.68712000295826
0.283357607433572,2.46384849001995
0.746934244176373,-2.11798950890792
0.148467856226489,1.76929265165068
0.140380996512249,1.60884132764294
0.293201993452385,2.39599794494527
0.963609260274097,7.41688549692392
0.482464208267629,-0.432557171234988
0.383131454698741,1.29919658277529
0.248195764608681,2.59473706677532
0.676026686560363,-2.59795885734585
0.113893062341958,0.969322144938912
0.11522792908363,1.00587224646094
0.706322864629328,-2.51167582188493
0.57370018074289,-1.88006230624677
0.158010088605806,1.93863502606884
0.223343112971634,2.56886334880169
0.0676550811622292,-0.600306661959147
0.593661215854809,-2.11867365467613
0.339497934095562,1.92423066676548
0.50217640446499,-0.778387977459299
0.274294313276187,2.51481845322967
0.90317438938655,3.26028295547628
0.85408514062874,0.810220736339374
0.88893578806892,2.46888702348852
0.158649348886684,1.94922171705944
0.653995136730373,-2.56311223934035
0.0851190304383636,0.0638266497852937
0.117373880930245,1.06364736738282
0.678610366303474,-2.59688728316213
0.944615026470274,5.96577446339595
0.595016902312636,-2.13344640614782
0.142897355137393,1.66046078959425
0.114707051543519,0.991666015828408
0.854323684936389,0.820282092462929
0.0352962405886501,-2.07581292568978
0.746246516006067,-2.12755401356842
0.0540870535187423,-1.17923774041693
0.922799747204408,4.46506349971571
0.0955844952259213,0.419664093740966
0.902305405586958,3.21002184775543
0.624275119742379,-2.40205803871653
0.00620733946561813,-3.69183165357597
0.698297261958942,-2.55067643644087
0.618371470132843,-2.35602347303088
0.784624999621883,-1.42665151614321
0.0324822217226028,-2.21983139185087
0.16789559321478,2.09192941850937
0.363162713358179,1.60273479635542
0.0722390071023256,-0.417294639511363
0.086131040006876,0.0995931317861016
0.507757191313431,-0.874176191219298
0.313329651020467,2.21981255135544
0.167055029887706,2.07975318296924
0.598821739200503,-2.17387052885176
0.492856115568429,-0.616143516596857
0.777715215226635,-1.57882834849197
0.693320934893563,-2.56887174048571
0.539621813222766,-1.39443879528488
0.363562704296783,1.59692031296278
0.811349184252322,-0.723193762292558
0.498528518946841,-0.71520083287396
0.557657791534439,-1.6624168434904
0.427269590552896,0.555310551031264
0.949236563872546,6.30624386086973
0.611626835539937,-2.29819781160574
0.528972523985431,-1.22638771496061
0.161666188156232,1.99791718203623
0.207325350493193,2.49385443304623
0.851005922304466,0.681893837985892
0.286719016730785,2.4421079995682
0.385698600439355,1.25837474152714
0.992685373639688,9.91121998489768
0.072700496762991,-0.399216226496822
0.714730243431404,-2.457656669511
0.309353516669944,2.25839127129249
0.599903559312224,-2.18508087207886
0.502643252257258,-0.786442960797885
0.991759734228253,9.82656609148536
0.972729134606197,8.16304427710729
0.715925741009414,-2.44885564642917
0.765671923756599,-1.81621826898012
0.336354901082814,1.96330648424163
0.823966480325907,-0.324677639617375
0.304892616579309,2.29951799555862
0.137948719318956,1.5574772291632
0.0194462507497519,-2.92105665666777
0.499877727357671,-0.738621109298105
0.0592799459118396,-0.951016678192865
0.876141894143075,1.81504025903081
0.507537188474089,-0.870421586336166
0.533854430774227,-1.3042463449265
0.743460977915674,-2.1652265335137
0.989550705766305,9.62595775079527
0.519679561490193,-1.07468101263478
0.0215176732745022,-2.80584777019635
0.369214388541877,1.51354270042327
0.793260488426313,-1.21961931667143
0.681660417234525,-2.59416779525512
0.829158225795254,-0.147803047711211
0.0200958214700222,-2.88477333895075
0.241414588410407,2.59806206312213
0.579792103962973,-1.95690899713045
0.0641542852390558,-0.744317105944078
0.390597908291966,1.17945831280734
0.800242564640939,-1.03822581865256
0.180346118053421,2.25407541444417
0.806277079740539,-0.871146449957545
0.480693186167628,-0.40104642627844
0.992194909136742,9.86632104009211
0.826679249294102,-0.233208872846022
0.734818127006292,-2.27137465180233
0.303217193810269,2.31436225160175
0.950647690566257,6.41180302232189
0.218687379965559,2.55197455916524
0.0971943649929017,0.47167155530202
0.432347766123712,0.465494226215303
0.729696937603876,-2.32675557550305
0.278692964697257,2.49149609136471
0.108428043546155,0.814749179117806
0.566703777061775,-1.7877599448933
0.853158304002136,0.77129253669485
0.34642903553322,1.83490717015162
0.736090248450637,-2.25675835362313
0.156307590426877,1.90997989474283
0.68129871180281,-2.59457326434416
0.85593354748562,0.888636111893802
0.0334010017104447,-2.17252529940621
0.99562118621543,10.1820423349609
0.997235923772678,10.3325131510697
0.63371683540754,-2.46638316236134
0.741931380936876,-2.18518956449981
0.64118388434872,-2.50878389364472
0.495415907353163,-0.66095924257613
0.132113963598385,1.42830522626477
0.120940372347832,1.15700369951753
0.940964851062745,5.70250725530069
0.22214612388052,2.5648979271865
0.429797656834126,0.510667947407458
0.518988919444382,-1.06323632925871
0.860857267631218,1.10262023342474
0.203708924353123,2.47018791251479
0.743799688760191,-2.16073677057567
0.816865501925349,-0.554362282341915
0.831930125597864,-0.0502322972880478
0.947233816841617,6.15771693889238
0.834246282698587,0.0329862951693896
0.909578377613798,3.63867195661189
0.332288418430835,2.01248642413303
0.749722067266703,-2.0781417719575
0.322744260076433,2.12153473331975
0.132919117575511,1.4466338708849
0.825615839334205,-0.269312020628158
0.167665836401284,2.08861687709881
0.861212471267208,1.11834606400347
0.524016244336963,-1.14602076195537
0.730538603151217,-2.31803182465819
0.1602989428211,1.97610637609686
0.704031594097614,-2.52404414846076
0.101474124006927,0.606443901006902
0.558670681435615,-1.6767724741505
0.320252965670079,2.14846533923571
0.758055409882218,-1.94859351688385
0.281664432492107,2.47422617881314
0.298667126335204,2.35297820394463
0.890168943209574,2.53474341793176
0.189089888939634,2.34807742555191
0.666426702169701,-2.59226803506187
0.278756060171872,2.49114197320546
0.487637753831223,-0.524258430584098
0.704986160621047,-2.51901229405205
0.258194704074413,2.57636450495465
0.146460583200678,1.73093419091439
0.71916551166214,-2.42357997694775
0.730887621408328,-2.3143708850493
0.662050605984405,-2.58474579368273
0.241695639677346,2.59807477684978
0.688142420724034,-2.58306247724935
0.853588481200859,0.789328042220309
0.545310363406315,-1.48136490168958
0.332060958025977,2.01519053095305
0.0208217839244753,-2.84439101460114
0.130235403310508,1.38490916620146
0.709599718218669,-2.49224747258256
0.105882725212723,0.740025319857824
0.018726758658886,-2.96141161736086
0.18899747193791,2.34716744187147
0.401053426321596,1.00698268805825
0.160547638544813,1.98010544140643
0.513173653744161,-0.966014713218124
0.611961344256997,-2.30119391190584
0.605926894349977,-2.24514395622979
0.725238755578175,-2.37051288318501
0.197106011910364,2.42035385777254
0.266048718942329,2.55111848215901
0.871228767791763,1.57799464393303
0.768771762028337,-1.75844175281288
0.346260993741453,1.83712265125305
0.228908012621105,2.58392443405851
0.487665018998086,-0.524740204268177
0.681713241850957,-2.59410670225247
0.468433106550947,-0.181664048272327
0.445104253478348,0.237827091516624
0.731722355820239,-2.30551166865147
0.0838041044771671,0.0169158604652209
0.234126238618046,2.5930875278423
0.0984042712952942,0.510284748069965
0.0202993026468903,-2.87343663430597
0.858358775265515,0.993105296960116
0.841228448553011,0.293263069490657
0.35531647852622,1.71436565523423
0.990455002756789,9.70783845966647
0.486851077526808,-0.510350769551115
0.406738111516461,0.911133201287855
0.0419324282556772,-1.746336826867
0.134597539668903,1.48432129598766
0.660665126051754,-2.58173672856211
0.108162735821679,0.807041936114171
0.777039184235036,-1.59308380473663
0.0507892421446741,-1.32851216391695
0.054640949703753,-1.1544977243353
0.225991590414196,2.57672017418882
0.854659521952271,0.834476409036824
0.932842219015583,5.13433389172062
0.974704261869192,8.32895143124507
0.232752812560648,2.59113490786831
0.187252174131572,2.32964997354522
0.870629609096795,1.54961226772464
0.605627520009875,-2.24225440890238
0.339450380764902,1.92482865172972
0.302191452356055,2.32328552220741
0.140330759808421,1.60779509250851
0.134618649026379,1.48479081968226
0.792600944405422,-1.23610190933201
0.681103007635102,-2.59478330501705
0.963251129956916,7.38824682732727
0.10434532025829,0.69404245075818
0.102853984571993,0.648823528429066
0.0578523566946387,-1.01292917302499
0.610088792163879,-2.28425289999762
0.451306438539177,0.126439694295563
0.872992014046758,1.66218136110018
0.837364561390132,0.14747271056073
0.0104105086065829,-3.44061243124593
0.233321281149983,2.59198263230571
0.113216039957479,0.950604493814501
0.478972084121779,-0.370372235252843
0.300233702873811,2.33996573478074
0.553905030013993,-1.60855332130116
0.0992448695469648,0.536873457546443
0.444504976039752,0.248571960064872
0.639871190767735,-2.50188809204273
0.46856571896933,-0.184045808861338
0.92981002596207,4.92841884160429
0.740564844571054,-2.20259338405698
0.27048072963953,2.53282775929645
0.610245727701113,-2.28568845830877
0.213327046716586,2.52758425138185
0.763469054363668,-1.85589664849522
0.706519045168534,-2.51057049581473
0.277338415151462,2.49896560788915
0.782726172124967,-1.4696515786479
0.397757978178561,1.06190537042774
0.686936316778883,-2.58568411629972
0.307964232051745,2.27144693437966
0.596455052029341,-2.14890681903231
0.729952991940081,-2.32411725277382
0.183916182722896,2.29439880886881
0.485387285007164,-0.484436572914084
0.914881084114313,3.96273798044726
0.160466546891257,1.97880302993701
0.360035159857944,1.64779155270554
0.979133701417595,8.70665045244936
0.466422879369929,-0.145544067250618
0.967321197036654,7.71665638911873
0.0184870765078813,-2.97489373379858
0.0980315629858524,0.498433250043273
0.660733341472223,-2.58189188099634
0.814930737251416,-0.614524774889771
0.988951692823321,9.57190309647662
0.0185889331623912,-2.96916192842568
0.441770928911865,0.297541738873129
0.494923464022577,-0.652351857034585
0.912162465509027,3.79536976257001
0.17409209953621,2.17685747816822
0.857390312012285,0.951171641293427
0.860821229871362,1.10102692374674
0.37008654139936,1.50047789455635
0.731905757449567,-2.30354560021633
0.699577197199687,-2.54526243501161
0.727246844442561,-2.35131170964899
0.758805157849565,-1.93616092692979
0.73423445597291,-2.27796576287303
0.0318900942802429,-2.2504650781966
0.975647441111505,8.40872221617125
0.397671117912978,1.06334629008377
0.313822318101302,2.21490884313707
0.0864789767656475,0.111822257283821
0.760776685550809,-1.90284847962518
0.800264099845663,-1.03764666882341
0.936821862123907,5.40967782796262
0.582139615900815,-1.9856072103951
0.304887674981728,2.29956226630481
0.0573122454807162,-1.03651633908125
0.962462089257315,7.32532492297624
0.973217595368624,8.20393043716722
0.0389063176698983,-1.89481806018881
0.12550010276027,1.27156313020113
0.689743383321911,-2.57918574805348
0.963689973345026,7.42334676437657
0.526761192362756,-1.1906896630154
0.516752497758716,-1.02602523452133
0.813010612735525,-0.673218447528743
0.00141822453588247,-3.98555230420441
0.340815523639321,1.90758014030632
0.295163283124566,2.38098854057618
0.964557700324804,7.49297009934767
0.233499555615708,2.59223697345569
0.272607774240896,2.52303902894329
0.517638532444835,-1.04079499716802
0.189119938760996,2.34837293049796
0.280670460080728,2.48013740410674
0.0728047215379775,-0.395142055198084
0.893747656838968,2.72872460104746
0.386879438068718,1.23947325280432
0.0815109871327877,-0.0660834540416193
0.39552945480682,1.09876177588388
0.53329814481549,-1.29544257822186
0.218462445540354,2.55105819968519
0.748763101175427,-2.09204414816121
0.603394411038607,-2.220382073991
0.661508122459054,-2.58360325817789
0.550584930693731,-1.56003671444023
0.582463145488873,-1.98952148331901
0.0115407127887011,-3.3741004228564
0.909534732345492,3.63604523946162
0.957770176930353,6.95613466957222
0.0286305190529674,-2.42115926129399
0.604355364339426,-2.22986279153325
0.0235409259330481,-2.69470768766883
0.337311197072268,1.95151416868245
0.941785967210308,5.76129802684833
0.0431432372424752,-1.68774792087151
0.786178976297379,-1.39078875426407
0.79663565964438,-1.13351462755906
0.149585946230218,1.79024286318226
0.00684591382741928,-3.6532709165155
0.849162576254457,0.606441775695564
0.371986020589247,1.47184608205205
0.419874875573441,0.684971331352023
0.629415935603902,-2.43853188153417
0.0811437484808266,-0.0795167749515509
0.71159901493229,-2.47937764356895
0.364191200584173,1.58776064808704
0.376555846072733,1.401992640523
0.263351687695831,2.56083359930951
0.660415117628872,-2.5811619178871
0.297208572039381,2.36482294072829
0.152139259269461,1.836975887943
0.192903120303527,2.38409169362589
0.939602963626385,5.60554879605096
0.187759459717199,2.33480676740799
0.557433530688286,-1.65922779743643
0.153105833567679,1.85426627696633
0.427327828248963,0.554283811649632
0.934961521532387,5.28024293229062
0.270483753876761,2.53281430326899
0.182210257276893,2.27546786575844
0.348905213177204,1.80198155481038
0.216540813213214,2.54284882599726
0.028254421427846,-2.44107948552968
0.831305527128279,-0.0724099629760797
0.381172822089866,1.33008677434089
0.725854269927368,-2.36471552630882
0.707331800833344,-2.50591302912386
0.983779800590128,9.11125788076337
0.265195994405076,2.55430696318625
0.214901690836996,2.53530465900977
0.723577946890146,-2.3857686062405
0.719998422078788,-2.41674315836736
0.623673094902188,-2.39756438572677
0.260277547873557,2.57057791258545
0.252367060398683,2.58898997167678
0.566390132997185,-1.78352471979763
0.691684707300738,-2.57387345865386
0.545955227920786,-1.49108523301664
0.526157423388213,-1.18089786617991
0.582967322086915,-1.99560144103597
0.316663260105997,2.18610913830727
0.67069922760129,-2.59666002300282
0.660246999701485,-2.58076993144167
0.334054017439485,1.99132690813036
0.955835811560974,6.80638892977845
0.0101732234470546,-3.45463233137531
0.000151464249938726,-4.06458635165622
0.441565107787028,0.301224568148744
0.635850923135877,-2.47928178688921
0.712987816194072,-2.46998043163901
0.386737244902179,1.24175339456279
0.845208790386096,0.448038635550332
0.154885857598856,1.88553539497606
0.677845467347652,-2.59732160182757
0.0610109865665436,-0.876781571567877
0.718868634197861,-2.42598323311193
0.692011981969699,-2.57291152003234
0.945929956389591,6.06183035291892
0.901366817997769,3.15602415423214
0.219028248218819,2.55334547573721
0.122047695796937,1.18531680099984
0.0177106368355453,-3.01870176045957
0.232816531090066,2.591232710996
0.209595761727542,2.50742183025343
0.281245411839336,2.47673451228505
0.720069834263995,-2.41615049966764
0.122681038454175,1.2013682810041
0.176311078947037,2.20522263432018
0.351048800162971,1.77306183748673
0.862182782730088,1.16150346802661
0.843813465209678,0.39324805963908
0.580902379471809,-1.97054673472502
0.510437774239108,-0.91977344959678
0.266465091146529,2.54952254981808
0.502911313436925,-0.791064736575148
0.167943047592416,2.09261212921073
0.975166893796995,8.3680350911346
0.306325722951442,2.28655804067236
0.49440741748549,-0.64332460179879
0.31370231276378,2.21610578841243
0.781474666669965,-1.49750120252478
0.703701803227887,-2.52574259476944
0.0542121005710214,-1.17364413918848
0.494081577751786,-0.637620847087119
0.370360919740051,1.49635703655303
0.606387919513509,-2.24957387409763
0.139537187991664,1.59118624499459
0.617693139007315,-2.35045672091043
0.196352144004777,2.41411202437214
0.517072905786335,-1.03137037237194
0.430624620290473,0.496033763334512
0.464214025996625,-0.105826436665566
0.120903933420777,1.1560666003212
0.887675436213613,2.40209783223231
0.684601851273328,-2.59003404338741
0.61379572423175,-2.31738846435076
0.503300002776086,-0.797761948618807
0.525524924742058,-1.17061977538009
0.49685505987145,-0.686074176308242
0.282053512288257,2.47187574530221
0.319690570700914,2.15445412779281
0.419276911532506,0.695389758774325
0.541256551397964,-1.41963211841008
0.607540337368846,-2.26054140026837
0.786437335191295,-1.38476746357323
0.424685360630974,0.600787250610376
0.0705814794637263,-0.482747964952738
0.766854803310707,-1.79443995209952
0.416376897133887,0.745762066065789
0.527562224073336,-1.20365102808967
0.694884668802842,-2.56364014471093
0.509613357950002,-0.90577989252712
0.0639643899630755,-0.752234516577351
0.275147265987471,2.51050765812133
0.911036076489836,3.72678073113799
0.424316188553348,0.607270079564947
0.264789258129895,2.55578985578843
0.367171209771186,1.54394467973962
0.591604104265571,-2.09589336166279
0.863793046446517,1.23376934965765
0.800979285500944,-1.01834383401404
0.738477736245841,-2.22839367368826
0.835287460358813,0.0708994082503311
0.232967206509784,2.59146118927127
0.909089438617229,3.60928369602576
0.550534716341645,-1.55929686615265
0.0468862622510642,-1.50957980724921
0.289074895903468,2.42598159225968
0.805169904371724,-0.902525050375491
0.480379192624241,-0.39545398223285
0.852424368960783,0.740651255224384
0.192190710920841,2.3775897430222
0.967254314105958,7.71120748437244
0.453931200550869,0.0792274706690521
0.943763499613851,5.90391485107367
0.73834185837768,-2.23004079140891
0.998095566872507,10.4130597604433
0.394431906286627,1.11682605801709
0.209622662048787,2.50757665926067
0.316075939219445,2.19213561884653
0.150366144021973,1.80468616470049
0.311574743129313,2.23705957548176
0.610121455742046,-2.28455192474116
0.0256162022706121,-2.58212990955498
0.358173886081204,1.67425679631171
0.5733482404612,-1.87552061412968
0.700604263693094,-2.54069862072582
0.400688123656437,1.01309495001086
0.254340357379988,2.585308819382
0.250041339080781,2.59253733711369
0.896879954263568,2.90202163816049
0.239363683853298,2.59756982743344
0.270706534851342,2.53181943530245
0.166229190304875,2.0676363082006
0.841786147328094,0.31466741921468
0.981486446224153,8.91045628595182
0.560177771607414,-1.69798580782267
0.772671861806884,-1.68249227686703
0.517294316086918,-1.03506129759122
0.197364876978099,2.42247087997124
0.262862965930253,2.56247791639951
0.367251680698246,1.54275277884398
0.546092790085822,-1.49315515457853
0.258366333320737,2.57591279640272
0.67304700682871,-2.59780976740358
0.809856492793187,-0.767455186984453
0.662571826484054,-2.58580017701582
0.94929134263657,6.31032755985669
0.98458883841522,9.18260160038153
0.90844587306492,3.57072756308712
0.0455955781508237,-1.57051428602053
0.989320249296725,9.60514414735568
0.0495377106126398,-1.38605190288196
0.289003524463624,2.42648079035936
0.97525209072046,8.37524188272689
0.27180990902707,2.52678686218614
0.529148294590414,-1.22921394957351
0.947480238974094,6.17591062122635
0.0401614995207638,-1.83287364800828
0.803989172447473,-0.93562856477889
0.898710445733741,3.00482345301076
0.01669309171848,-3.07642228273723
0.606919314013794,-2.25464997270199
0.126184702152386,1.28830247472743
0.867395671783015,1.39837779693855
0.864100065547973,1.24763939324178
0.452390368795022,0.106946494676555
0.667007435578853,-2.59303765620093
0.14706524531357,1.74259041006284
0.301577907288447,2.32856270578136
0.916583108948544,4.0688390191434
0.359118002699688,1.66086550050154
0.0031581949442625,-3.87791195054946
0.632742894347757,-2.46029225993449
0.664439029525965,-2.58922683531713
0.62877873936668,-2.43419740862119
0.318825419060886,2.16360108828009
0.432075245538726,0.470328189613046
0.703092379728332,-2.52882725895763
0.88263350399211,2.14013665017554
0.19264152366668,2.38171621302548
0.492097270442173,-0.60282401934997
0.814155276399106,-0.638350023674354
0.059469232102856,-0.942854554713493
0.325888613238931,2.08662348124988
0.00202521262690425,-3.94788154780631
0.0132581901270896,-3.27386639684799
0.244072288973257,2.59765852598471
0.101373337674886,0.603328027589225
0.00722072925418615,-3.63070330307978
0.276837388984859,2.50166394840417
0.151963021373376,1.83379962756226
0.700401195324957,-2.54161650429642
0.115869843866676,1.02328127396814
0.316730393096805,2.1854178957981
0.890104865189642,2.53130893471308
0.167754364665598,2.08989463703715
0.394495499553159,1.11578099570142
0.210115837398916,2.51039072654125
0.11806103005074,1.081892123963
0.372754553565755,1.46019331046852
0.338334357598796,1.93880322695162
0.441649057203904,0.299722497409149
0.52948117046617,-1.23456168925759
0.269427583785728,2.53743323589817
0.441749359713867,0.297927709457781
0.747639244655147,-2.10807597530994
0.23698553070426,2.59611294939133
0.816977373324335,-0.55085211527539
0.230486386222765,2.5871971612664
0.396332763833925,1.08550342634583
0.514138588448986,-0.98224944593929
0.62235202617012,-2.38754255624144
0.451318436302245,0.126223961660111
0.31148837110959,2.237899500822
0.604412998538464,-2.23042812270612
0.630185303045437,-2.44369432589174
0.358741629635915,1.66621213156238
0.895977954380214,2.85177998225059
0.953265169402584,6.60959831690714
0.0604759748093784,-0.899627559344834
0.223518446320668,2.56942245485686
0.604736834298819,-2.23359767881326
0.586613070918247,-2.03883601472227
0.970840646652505,8.00585599215238
0.305132917594165,2.29736171811161
0.0294005775358528,-2.3805182674409
0.0985157396644354,0.513821793722252
0.263106315629557,2.56166363637354
0.766387966927141,-1.8030745353286
0.699743597768247,-2.5445363159103
0.782542933709919,-1.47375351220975
0.92735342704691,4.76403435387124
0.139339637476951,1.58702771067478
0.239643223583698,2.59767840757665
0.846208555623889,0.487652272620429
0.670710299396887,-2.59666756263261
0.245870247948915,2.59672552516475
0.348138757050037,1.81222869371025
0.753509018104523,-2.02122386537469
0.990638704271987,9.72451276583723
0.806374148931354,-0.868379796178214
0.845395597163588,0.455417884779377
0.0375357819721103,-1.9630349438207
0.01482965471223,-3.18303728072924
0.947144239908084,6.15110900273587
0.232844960410148,2.59127612098017
0.307840818539262,2.27259595110102
0.283865463687107,2.46066049734508
0.466227747034281,-0.142036471408535
0.706494794692844,-2.51070752578516
0.934100966900587,5.22079790721535
0.54225918254815,-1.43499990841353
0.649403674295172,-2.5463929006599
0.186501889722422,2.32192473685237
0.315618194406852,2.19680639940701
0.331038321135566,2.02728577921986
0.411629745271057,0.827625091961151
0.781363770831376,-1.4999501867792
0.966562528163195,7.65495070066457
0.390314116608351,1.18406447388171
0.610436974558979,-2.28743399263815
0.301782750757411,2.32680585024806
0.076667309505865,-0.246413538552967
0.523504136595875,-1.13764461869787
0.383819285547361,1.28829573051159
0.791938749141991,-1.25253841326063
0.812749625882134,-0.681118550059647
0.803808109136298,-0.94067217522467
0.259394269902259,2.57311283527676
0.305982343386859,2.28968523857604
0.862634611083195,1.18169944353213
0.990053160581738,9.67141193132849
0.696264839498326,-2.55865369593349
0.211723059648648,2.51924027986495
0.385725456522778,1.25794571988949
0.87656776746735,1.83595103241285
0.996125163976103,10.2288903212019
0.678537865867838,-2.59693269055363
0.774199590785429,-1.65174329436702
0.817163557745516,-0.545002599971603
0.806120753055438,-0.875596760985488
0.276492048753425,2.50350345762738
0.427369869314134,0.553542571115221
0.0586746442131698,-0.977191343633299
0.938472358975559,5.52557720040471
0.857329216785729,0.948535914791122
0.635166068328544,-2.47520975914117
0.768097151070833,-1.77120977298849
0.733619704144076,-2.28482980317308
0.817448731279001,-0.536024535628213
0.435875784372911,0.402786118209426
0.837463239440694,0.151141718131259
0.586570111569017,-2.03833411503715
0.974585351301357,8.31891944905557
0.904111169045791,3.31475427677885
0.618886971846223,-2.36021615115481
0.206948175793514,2.49150452308673
0.360566749470308,1.64018470862903
0.457558646798134,0.0139442981238587
0.703542729374021,-2.52655450748002
0.733413093024865,-2.2871187811547
0.823535829782486,-0.339007793443152
0.263252884382382,2.56116891302238
0.438776903320104,0.351058372685932
0.323950476478785,2.1082627239813
0.477726478595287,-0.34814302787526
0.536167278653011,-1.34065548068237
0.553715054411441,-1.60579876418156
0.759802990825847,-1.91941324592284
0.784056065836921,-1.43962991808178
0.958896873518825,7.044017132264
0.385757682146505,1.25743086762084
0.783820004435256,-1.44499112646096
0.378145583672449,1.3773809966042
0.569983319845051,-1.83154968838512
0.909119182964787,3.61106915040158
0.695445288205519,-2.56165651984029
0.965581673430279,7.57550665142486
0.658605150179937,-2.57671191958263
0.184557993197814,2.30136210199356
0.285317096393555,2.45135786453913
0.913844565162435,3.89862121210284
0.868288995465264,1.43982436399794
0.901964938500896,3.19039982007082
0.173801602562889,2.17306467401536
0.847286564996466,0.530699808680072
0.357054327847436,1.69004763303679
0.757899751653895,-1.95115846624285
0.339190672151744,1.92809085248513
0.930069241439924,4.94589162460154
0.481463054427877,-0.414751103777085
0.518240491626784,-1.0508089951645
0.700431538745761,-2.54147983719568
0.97463598055765,8.3231901400915
0.699486131314188,-2.54565764529536
0.595513878390193,-2.13881366976646
0.9472098168917,6.15594620846204
0.741295038955286,-2.19334431788154
0.657909027766436,-2.57486601637686
0.757032029796392,-1.96535479000341
0.380317628616467,1.34350333127678
0.623513045255095,-2.39636198723562
0.583407998783514,-2.00089571775227
0.354563020635396,1.72483490161793
0.595633097458631,-2.14009735074871
0.215841888682917,2.53969319037391
0.114001163514331,0.972299588284977
0.459180461708456,-0.0152482329382284
0.749119747197255,-2.0868977531783
0.05949935503304,-0.9415566500168
0.610441462369636,-2.28747490216966
0.467123804381117,-0.158141533499458
0.294479908654466,2.38627329892333
0.823853224283084,-0.328451346575468
0.461179289035499,-0.0512242521474189
0.364434969844297,1.58420027318705
0.0718025965616107,-0.434448697125779
0.442012878367677,0.293211764228775
0.146554647712037,1.73275324309064
0.439755557570606,0.333579251094434
0.724306266289204,-2.37914785019235
0.0847661327570677,0.0512855361122977
0.460773050785065,-0.0439130553486953
0.426689008716494,0.565541847620726
0.843981948914006,0.399833312151769
0.692544694291428,-2.57130463010053
0.78577093873173,-1.40026421662717
0.858589503215626,1.00313810153267
0.054297250462696,-1.16983799421407
0.558940780581906,-1.68058725505052
0.75715348822996,-1.96337808276644
0.636964594712481,-2.48576683892787
0.231582950800657,2.58921404701247
0.237506417324767,2.59651391902305
0.885408686706796,2.28329421077257
0.66660719900392,-2.59251301949028
0.247862927149981,2.5950754073265
0.101361863780767,0.602973128327457
0.550909752957523,-1.56481826142571
0.76134987687692,-1.89299425900156
0.107850511558354,0.797947510340856
0.893789015710354,2.73099138973657
0.383985934546217,1.28565056677935
0.0552635986823589,-1.12680039028586
0.665973691502586,-2.59163025113634
0.0620668062474579,-0.83195227821602
0.733751563820988,-2.28336425484456
0.431749472627416,0.476104774853697
0.201368937734514,2.45351411955631
0.551056424155831,-1.56697487836419
0.816845468478277,-0.554990504061328
0.85587119567208,0.885973971413651
0.481994708301499,-0.424209124065893
0.413799634203315,0.790301435572114
0.190535388421267,2.36208107534129
0.304726399714127,2.30100551785546
0.8340697765816,0.0265901062687091
0.33619534317404,1.965265709801
0.920614438597113,4.32421859996354
0.255929159466177,2.58190133229697
0.436621640110388,0.389500418420295
0.619105560472235,-2.36198408908193
0.329492209013551,2.04537803438204
0.623740734765306,-2.39807156335516
0.654642636887729,-2.56521688493059
0.929842982906848,4.93063900040121
0.465751463314518,-0.133474088820201
0.380014550173655,1.34824763385488
0.431373086292297,0.482776134646494
0.109461706131697,0.844597008495444
0.618509007385001,-2.35714528991582
0.943197312997654,5.86293358419668
0.908694469137117,3.58560401807789
0.19087257841602,2.36528579099647
0.727285082451999,-2.35093802075933
0.186135977972299,2.31811454596727
0.714118974748999,-2.46204789211925
0.0702978000044823,-0.494031946718408
0.37445813161321,1.43422515827489
0.998119056224823,10.4152649569026
0.657337327720597,-2.57329448396718
0.391471870709211,1.16524697719086
0.312363491393626,2.22935055002542
0.246196385007352,2.59649963660841
0.816652370151132,-0.56104014071518
0.625162810320035,-2.40859965274111
0.0426985779777169,-1.70920980935829
0.323580000782385,2.11235511111758
0.463438011473045,-0.0918671804194222
0.0408345544710755,-1.79986624557324
0.0499992540571839,-1.36477507408934
0.132010689703748,1.42594254015417
0.671827170765027,-2.597325209689
0.444108079187572,0.255686114857554
0.727939195698127,-2.34449875559305
0.948157187318429,6.22600808494726
0.769620487932116,-1.74222419441097
0.394078290788457,1.1226335858593
0.07027378375642,-0.49498834728951
0.285282324301079,2.45158398037143
0.845903922338039,0.475550301413405
0.978309240657836,8.63575615483233
0.990909225074574,9.74909264420778
0.412286128150299,0.816352289631698
0.665654219686985,-2.5911607922148
0.604138855822384,-2.22773574264709
0.55615706089884,-1.64100343303676
0.641956852050498,-2.51273133880778
0.0714200702495873,-0.449531213965708
0.00539952982217073,-3.74081465474859
0.0898461611941457,0.228389126068238
0.806398939108476,-0.867672825980097
0.635015418520197,-2.4743054659837
0.726127779576927,-2.36211444733492
0.216247501317412,2.54153558777925
0.788028826238587,-1.34730488173633
0.471995468251407,-0.245592016854065
0.106471566716209,0.757467617516503
0.38669103407301,1.24249417011113
0.714206244098023,-2.46142546358114
0.0494014848954976,-1.39234459234167
0.0958407334983349,0.427990201733071
0.893539065029472,2.71730085943827
0.823656637687236,-0.334993090263119
0.123428104445338,1.2201690689137
0.964018282946199,7.44965476843522
0.0288892067037523,-2.40748482127291
0.514909846941009,-0.995196973648623
0.126415052451193,1.29390794527174
0.278413184685633,2.49305971358295
0.291594454785809,2.4079366274206
0.0922553525306284,0.309820849118801
0.205305454321206,2.48094903975325
0.148981748148799,1.77895858171466
0.305437887087464,2.29461537387608
0.975516887614504,8.39765940003021
0.626919180853292,-2.42124476719151
0.835377001203597,0.0741745631628818
0.72711030067876,-2.35264364783883
0.332709525479004,2.00746698464096
0.517914629541337,-1.04539011805344
0.714487003860995,-2.4594128541676
0.152092800009996,1.83613928164111
0.127697758376598,1.32487490780303
0.878895190777257,1.95126037698739
0.542063011787832,-1.43199818295174
0.891426448710263,2.60241961479514
0.808578854193911,-0.804861970616155
0.816380719421431,-0.569533399698351
0.81423938437365,-0.635773842922797
0.467044410295784,-0.156714774578563
0.329463974107057,2.04570624228324
0.117690023966134,1.07205674254147
0.71186618343927,-2.47759907651498
0.190117771504447,2.35807954872161
0.632103516487405,-2.45622454436131
0.468469231622294,-0.182312879467288
0.288012674311176,2.4333426003805
0.163175220601261,2.02149544867727
0.970729146385565,7.99661920561147
0.975193735212088,8.37030529045933
0.4821943778079,-0.427759885676164
0.0817189193330705,-0.0584947544842835
0.495562783908099,-0.663525155533566
0.21854068338871,2.55137798927793
0.811587056377903,-0.716084619353071
0.43572899652645,0.405399685246755
0.195478750625625,2.40673755111361
0.260274252854288,2.57058758982391
0.627013629302382,-2.42191347622404
0.861805824330077,1.14470250706635
0.391063919523731,1.17188550557471
0.079359311144799,-0.145347002952997
0.801153300330043,-1.01362683153062
0.0089965786319226,-3.52444043735085
0.211274491855875,2.51681976804996
0.283510784152895,2.46289059155425
0.511234742123634,-0.933275250521909
0.183657726971433,2.29157019771592
0.875696002971381,1.79320895424446
0.253768952563405,2.586437775096
0.205738382413983,2.48378161589078
0.590265489416197,-2.08083660339121
0.644027767702937,-2.5228909832635
0.412831370253116,0.806976638774922
0.862397770863026,1.17110517921975
0.121071591507643,1.16037541014026
0.362767307087779,1.60847114098028
0.866491161519662,1.35666765291178
0.835714795859531,0.0865510561110296
0.121310458751395,1.16650171889696
0.673763536149636,-2.59798008868397
0.58702582353726,-2.04364898303425
0.191315094009042,2.36945610866344
0.623197918524966,-2.39398505249671
0.397148514864966,1.0720082830527
0.677525144070387,-2.59747416340978
0.210101333912462,2.51030863156135
0.642566524446011,-2.51578543563506
0.445383502636105,0.232818979788689
0.421486001461744,0.656848316014724
0.925105747533962,4.61553445481745
0.647631790256128,-2.53910943136894
0.833364381222054,0.00111786280967063
0.714608848793432,-2.45853459189105
0.506176565308124,-0.847160645366163
0.620157439494506,-2.37040900760257
0.18918113829568,2.3489741792613
0.219617265509441,2.55566409310534
0.246372460853308,2.59637047816247
0.698250039247796,-2.55087039903855
0.743260530754924,-2.16787171512407
0.0176545889116824,-3.02187196858373
0.790529806632549,-1.2871365611481
0.737731429981068,-2.2373914759655
0.737455561989918,-2.24068719306044
0.692961521679536,-2.57001170833596
0.788358786841854,-1.33945767641384
0.482852491782978,-0.439458048693528
0.405295466771349,0.935584467932224
0.73336474574171,-2.28765310280787
0.988994839368388,9.5757917321603
0.979575222823769,8.7447280553001
0.0347871407866478,-2.10167698824907
0.311237073270604,2.24033846182873
0.48795974906534,-0.529946992781805
0.937202183995396,5.43629548598637
0.920740177622065,4.33227653378618
0.464635111857206,-0.113399980299637
0.727748953504488,-2.3463806771043
0.719291895162314,-2.42255153173876
0.96432209177874,7.47403677535123
0.60405884613283,-2.22694837315532
0.026776728220284,-2.51979913331161
0.800509534310549,-1.03103755387551
0.18650848348625,2.32199314034654
0.323164848843589,2.11692412676688
0.715830870671198,-2.44956437480011
0.621650993824005,-2.38213502279841
0.525100389728323,-1.16370949925208
0.887703802669421,2.40359527414748
0.293228985508904,2.39579467690522
0.577074923785403,-1.92305041261452
0.070241276640445,-0.496283154036127
0.0224331333301961,-2.75539054856773
0.93941947678104,5.59253804658959
0.555512557271868,-1.63175514357907
0.731057365890592,-2.31258117869769
0.349176071351394,1.79834849105324
0.845240170601755,0.449277493445567
0.45492167933844,0.0614046890860014
0.674826152389869,-2.59807619612998
0.166612535249442,2.07327981841758
0.693249478936195,-2.56910023628649
0.698228045133874,-2.5509605974207
0.522016600705683,-1.11324009666364
0.613137338543311,-2.31162197787937
0.88185751135461,2.10055682957139
0.5113082267344,-0.934518893776095
0.58766879956238,-2.05111294311766
0.236800827551633,2.59595969638716
0.913239435758442,3.86136306485574
0.617017502896488,-2.34485610546374
0.210035480791703,2.50993537462727
0.94586470676586,6.0570486019304
0.890792425023392,2.56823219996361
0.242341002449393,2.59805426217969
0.847361599793658,0.533709041739814
0.515298874815926,-1.00171800769998
0.290105554042384,2.41869910702236
0.363467841874808,1.59830033935015
0.0384981294628233,-1.91507181546124
0.632036831229925,-2.45579714815712
0.832005825825036,-0.0475368019758005
0.709130438743159,-2.49515630651855
0.292344286805019,2.40240884606637
0.968668320216238,7.82677817122781
0.906890387879685,3.47812898055925
0.83352927560918,0.00705945153949106
0.21595998457633,2.54023277190011
0.793705116724595,-1.20844453129595
0.349886235548183,1.78879378233886
0.170248925220221,2.12518250175191
0.31532559171319,2.19978005944962
0.534935069736093,-1.3212970905092
0.833111707353964,-0.00797146364790358
0.870132506359369,1.5261506064908
0.122633378021419,1.200163971973
0.620130555471405,-2.37019539127848
0.951993967639282,6.51321287714168
0.101859371643513,0.61832842429637
0.657316877041012,-2.57323734132738
0.637581061804667,-2.48928351255846
0.762419368606061,-1.87440318100623
0.373570405645296,1.44778059903739
0.216834740247577,2.54414879225128
0.89794974331744,2.96196447165807
0.856071274727583,0.894520649841684
0.0715339463204145,-0.445036684666299
0.255495847202837,2.58286969720151
0.302008453756571,2.32486424987878
0.322565448237583,2.12348933938592
0.120976137695834,1.15792314171959
0.668601208133623,-2.59487165844968
0.543807160342112,-1.45859895881544
0.186303579015657,2.3198632253644
0.140831534285098,1.61819674203607
0.523589846445248,-1.13904742463881
0.904781942022964,3.35394254128603
0.738916531903669,-2.22304743623319
0.405444614822045,0.933060459794659
0.706288210349157,-2.51187031009947
0.466672692913562,-0.150034237553888
0.711466536857188,-2.48025441318793
0.164299347437918,2.03872402344819
0.585960889002308,-2.03119695166672
0.74011627305299,-2.20821792692169
0.512224398320541,-0.950005511191434
0.27002699370496,2.53483164800234
0.790183616569266,-1.29556005117026
0.105818939395249,0.73813026472118
0.0902397541794926,0.241804711668241
0.40629100240767,0.918720143147396
0.468589237192646,-0.184468189145104
0.0712271637748927,-0.457153756108601
0.940331962192431,5.65736386209165
0.823921062285081,-0.326191407527325
0.615807073423639,-2.33468342131763
0.319247709820047,2.15914633638906
0.679144301451743,-2.59652546889967
0.00413746945559978,-3.81779647189982
0.449648158857599,0.156249282348611
0.924224613700062,4.55781425400294
0.995453239884228,10.1664539266319
0.123485404532403,1.22160516106451
0.116232031024992,1.0330561200024
0.0916631708387285,0.28995651931258
0.807253756793216,-0.843194422526553
0.496596740558743,-0.681570641023101
0.418939298018813,0.701267328757352
0.662391547113657,-2.5854403026742
0.0596954051870853,-0.93311624004414
0.0245556414593011,-2.6394830345112
0.987295709783211,9.42322831647516
0.0557477478869259,-1.10534689903179
0.601121895946562,-2.19755347168376
0.75462100491859,-2.00389509192209
0.230665587354451,2.587541118135
0.681366859702393,-2.59449858498851
0.229541891720146,2.58529134526079
0.942837869748473,5.83697860597822
0.488163458183408,-0.533544624341467
0.621717550326139,-2.38265107027833
0.78415443841368,-1.43739165667516
0.740723253693432,-2.20059670875574
0.856215870939195,0.900704906550298
0.927837856812403,4.79627777592869
0.0287051659543067,-2.41721109898413
0.760165471117944,-1.91327231592328
0.0275618941523135,-2.4778818356131
0.424075880553573,0.611488086155753
0.958808147814125,7.03707882937158
0.741206262959167,-2.19447498746539
0.49821884627454,-0.709817372654796
0.601967799477279,-2.20611766512264
0.0994334693532437,0.542812219524069
0.603040110087022,-2.21686056463558
0.887782332720235,2.40774219520105
0.447470682905987,0.195363642149079
0.174828996183351,2.18639600143482
0.681449223309755,-2.59440726572414
0.321406350005418,2.13607848824485
0.380089967511594,1.3470675881203
0.232378702610731,2.59054648237065
0.259518029401079,2.57276482604359
0.706730168079957,-2.50937278559834
0.0342455226927996,-2.12928565433743
0.949870580108836,6.35357836223281
0.128789058420807,1.35089197207006
0.0207026919815689,-2.85100346259167
0.211399179650471,2.51749642278954
0.838621945353225,0.194436562460674
0.203989333938807,2.47211395937556
0.102608250686899,0.641314409745489
0.956332527566701,6.84470474391797
0.763998738955706,-1.84646005341654
0.227293155388907,2.58012174064708
0.32358302664943,2.11232174395065
0.455700083868578,0.0473961532188407
0.708042646059766,-2.5017360148727
0.551893251715228,-1.57925000649752
0.819027572171763,-0.485911861337888
0.11259892443195,0.933437256099552
0.518786579370499,-1.05987911627637
0.544731488917023,-1.47261560186324
0.440323694143444,0.323425809506217
0.0110304178670049,-3.40407670998527
0.401425297139212,1.00075449799507
0.255872305948287,2.5820300532156
0.854227871168405,0.816238766650684
0.229610557900742,2.585435176807
0.89721073419787,2.92051481764565
0.0393189147580415,-1.87440008546143
0.292522649513558,2.40108338691855
0.830429662019014,-0.103321192756157
0.403928495012224,0.958674975498706
0.57713508582674,-1.92380743298036
0.800273951143026,-1.03738169565335
0.624258932191879,-2.40193781462562
0.932358472375199,5.10125876979554
0.703329198295251,-2.52763687867968
0.0581158881541342,-1.00145308247798
0.483771938597783,-0.455787771900493
0.871710685780272,1.60090587925644
0.771187364123762,-1.71183135337078
0.90156374569051,3.16732869311636
0.215808999259025,2.53954245586256
0.830743969185278,-0.0922538393982766
0.546230708016083,-1.49522914902739
0.777004615403712,-1.59380974890031
0.85847327648662,0.998082139045228
0.0540476029273123,-1.18100345046637
0.803480052622035,-0.949788201833369
0.366191903362051,1.55841329617655
0.82230571215041,-0.379654403431816
0.497792617417872,-0.702402858755766
0.326309924945235,2.08186879799188
0.933777350466698,5.19851330762068
0.998727562837303,10.4724717161891
0.619718487840146,-2.36690993604131
0.190175803843886,2.35863775164159
0.975228599272668,8.37325445790395
0.0432122161146253,-1.6844242425921
0.149529239628464,1.78918746804132
0.715757650323212,-2.45011015002727
0.654253061162308,-2.56395816253232
0.857108050957322,0.939004100401308
0.103303142357618,0.662506263301965
0.331338205374777,2.0237494532605
0.715211450122297,-2.45414803382684
0.703108632471412,-2.52874590078044
0.406091421144083,0.922104238902004
0.977613123832271,8.57610935231265
0.822555501013994,-0.371434935375129
0.0489868624135852,-1.41153316683971
0.952465539332479,6.5488969608104
0.909787884447724,3.65128996473949
0.57153523596935,-1.85195167314647
0.230160161154345,2.58655657889467
0.489299268228933,-0.55358613715317
0.138322610175237,1.56546735098268
0.529631771612912,-1.2369791492418
0.738839571364224,-2.22398811338989
0.455005291150883,0.0599000410831287
0.0704442702699453,-0.488202772498223
0.91634801751934,4.05412326059465
0.377960519166663,1.38025415048622
0.408621837152168,0.87908229989927
0.20824397704564,2.49946309566609
0.959727761801332,7.10913909826369
0.893597757443786,2.72051373831693
0.888290717033669,2.43463756780435
0.477255130419508,-0.339725191792966
0.907278085127473,3.50113063803727
0.754907047608867,-1.99939205731563
0.240238434867933,2.59786589978793
0.957091466058046,6.90343021636677
0.00185560248792171,-3.95839484752871
0.836087742354721,0.100253894338512
0.901092940708622,3.14032429611589
0.804285621736199,-0.927352027974361
0.875534028746188,1.78529430760681
0.702985753538087,-2.52935977834295
0.713637076318264,-2.46545799522555
0.255413783015683,2.58304980163583
0.846045144833624,0.481157121097712
0.210757967317477,2.51398525882859
0.682420314755291,-2.59324282087992
0.989810316357762,9.64943035267346
0.867773894686252,1.41589515904027
0.733221197035164,-2.28923665703987
0.832494388800114,-0.0301007275544798
0.609242387348786,-2.27646104998596
0.585775304120034,-2.02901555087933
0.265885814791545,2.55173592033035
0.805268744472414,-0.899737099443763
0.66403788048774,-2.58853702829475
0.869231831282377,1.48384063285874
0.653573960065842,-2.5617094084607
0.703012260375544,-2.5292275957399
0.281231100670993,2.4768197601385
0.00389007315970957,-3.83295197084233
0.90427691838704,3.3244234372676
0.0810963965486735,-0.0812517166097297
0.11783197009936,1.07582398935246
0.235463019227609,2.59467611152351
0.682413255330175,-2.59325187066081
0.452563593862578,0.103830724999946
0.268217362463474,2.54252685961474
0.648198269773275,-2.5414878303809
0.281536145834252,2.47499665886066
0.350283239036798,1.78343408609818
0.751329423394054,-2.05437761849378
0.535486003383994,-1.32996355788074
0.373598613310605,1.4473506585777
0.557856726692989,-1.66524254112104
0.879210000159219,1.96699134105317
0.948081786511466,6.22041953223021
0.188255505869165,2.33979759539215
0.984310203930363,9.15800081463978
0.795993587467819,-1.1501217297437
0.28584226872772,2.44792325700287
0.411875353660434,0.823408780238869
0.839372138027102,0.222676428235251
0.50554256956093,-0.836298630900934
0.639091431396082,-2.49767803236391
0.524505982641131,-1.15401865224541
0.0369492021854967,-1.99241668409584
0.666847419226542,-2.59283098153083
0.0280378635507077,-2.45257078990364
0.512958944309503,-0.962396934248172
0.953401497798041,6.61997149008095
0.506705193314701,-0.856206150396177
0.0207591538783163,-2.84786788424107
0.312673120293766,2.2263052320124
0.00687054172158241,-3.65178657776798
0.0939618975389749,0.366514838914672
0.90960422414355,3.6402277978081
0.888011001283303,2.41982903696002
0.685226932633668,-2.58896254183656
0.0857355652842671,0.0856511412050898
0.383568723686039,1.29226982271439
0.397611902328208,1.0643284123491
0.36952260392718,1.50893157143113
0.980821525910869,8.85263273752685
0.326194897526875,2.08316872025905
0.359995859209448,1.64835308447704
0.64101958507672,-2.50793401420172
0.440380374435335,0.322412601547709
0.983046031091362,9.04678000861357
0.624405986396596,-2.40302875193947
0.786060684826225,-1.39354003546994
0.863046821206808,1.20017984358266
0.320693878689781,2.14374671569146
0.108347930479795,0.812423872496132
0.961389660835266,7.24019069795396
0.617270400980487,-2.34695900510947
0.937449412420392,5.45362683494852
0.6470713657327,-2.5367105467652
0.0986427946481854,0.517849236971464
0.724628380965441,-2.37618514027905
0.689052106812596,-2.5809153689154
0.626557225827128,-2.41867138317392
0.128503121435642,1.34410429264795
0.605000816751271,-2.23617269564275
0.223393105203286,2.56902333015283
0.343064734712243,1.878795535529
0.58828769158572,-2.05825854124863
0.216761989286169,2.54382852576252
0.228503461694345,2.58301505330234
0.548463326878846,-1.52862296760808
0.857216409174725,0.943672255203711
0.440888706129044,0.313323780935205
0.247737996745855,2.59519778277468
0.391627707984298,1.16270880200942
0.140221810434014,1.60552398285808
0.0989063077140599,0.52618797330328
0.502672131173313,-0.786940994306438
0.1645724743139,2.04286688543953
0.0454303056467324,-1.5783550681836
0.702355058863759,-2.53246597806906
0.683332891669124,-2.59200063597961
0.801457734778523,-1.00535538046895
0.211601582355797,2.51858854320862
0.683668043697253,-2.59150833279542
0.338995986850932,1.93053224864501
0.315877629211172,2.19416196837959
0.496921957237646,-0.687240142763739
0.447943578707054,0.186872025787576
0.218351979041472,2.55060475844466
0.325594993773848,2.08992643008718
0.347730689216405,1.81766409974436
0.258620693348348,2.5752350307779
0.936875594314188,5.41343516751656
0.733270638622344,-2.28869173456668
0.242283956380561,2.59805886216442
0.476481474004686,-0.325901452910054
0.497380183311179,-0.695223071331476
0.437343340134248,0.376636163367858
0.979975326918066,8.77930115303753
0.0221656118519604,-2.77010643382491
0.598713528364897,-2.17274223273358
0.180499954149127,2.25586882148689
0.506364063592628,-0.850370163090658
0.0923103929962963,0.311662133719925
0.80563236749731,-0.88945809291628
0.258309805067256,2.57606207210589
0.500260760542005,-0.745259499929007
0.534033139003441,-1.30707077378135
0.325189860770479,2.09446937018099
0.659629812464118,-2.5792933360631
0.843120983336121,0.366270343121189
0.220899550244212,2.56049195404823
0.456332380650565,0.0360161228258113
0.909624260384589,3.64143404588229
0.333600967656821,1.99678495242163
0.488903777906671,-0.546611084226553
0.881703634979203,2.09273158411356
0.750327135436237,-2.06926409722426
0.227295412216336,2.58012737719158
0.578784791985527,-1.94443646640725
0.418019343866035,0.717265376987322
0.595878771739081,-2.14273789945226
0.18974346248433,2.35446246162371
0.053320899605751,-1.21361536273879
0.17738262959756,2.21853787025013
0.0349070199299604,-2.09557912064041
0.0165487695485353,-3.08463741553243
0.885115953395143,2.26807469769052
0.712675768183544,-2.47212466264426
0.287740906234831,2.4352022308775
0.800222030607983,-1.03877793038561
0.172991398256272,2.16238893876154
0.91306174104102,3.8504466110418
0.258062280714512,2.57670993390538
0.305381102953106,2.29512756057694
0.781603920273483,-1.49464296018614
0.564163318136707,-1.75322205418157
0.441499960841611,0.3023901518494
0.858701818389818,1.00802785325595
0.938423577230424,5.52213731349495
0.989119257312268,9.58700930157996
0.26450701104477,2.55680443196077
0.797720551025122,-1.1052105741179
0.0557868694886565,-1.1036165188494
0.827524445718154,-0.204286026219629
0.386602806858718,1.24390815645129
0.263611447764561,2.55994506687934
0.887237341376022,2.3790048460378
0.688751309644431,-2.58164153078515
0.80166554893367,-0.999695067492553
0.364827571902424,1.5784571153027
0.188633411424235,2.34356552780942
0.397190908901393,1.07130609111235
0.31172464415431,2.23559986618327
0.645300050266087,-2.52882976947023
0.54019989608787,-1.40336700232902
0.359590135049075,1.65414328706715
0.258327537216246,2.57601529916899
0.145629442995414,1.71476914877326
0.729036813601851,-2.33349434540269
0.121154889464378,1.16251345864333
0.525182424811646,-1.16504552962384
0.524309054249898,-1.15080408528034
0.266721322201192,2.54852772868728
0.960536399390548,7.17277239312326
0.310027449158952,2.25197838459116
0.78955583833158,-1.31075724570994
0.00615103263407946,-3.69523856910003
0.872257127892226,1.62697391091066
0.394260642584413,1.11963953891106
0.194653084501624,2.39962447132225
0.805668345652521,-0.888439134713048
0.139664939371869,1.59387038584102
0.678981491131708,-2.59664091317056
0.889890630031005,2.51983614463719
0.00220037833787501,-3.93703446759666
0.282051693182439,2.4718867822537
0.0578479217365384,-1.0131224863154
0.383857253007591,1.28769322540309
0.618821183685213,-2.35968290477795
0.0911256668623537,0.271840824265171
0.780985470395535,-1.50828148946214
0.0593219336587936,-0.949205196170468
0.0130364624783397,-3.28674992281438
0.370931876124814,1.48776561940388
0.247673040954396,2.59526041279747
0.351242756471038,1.77042632876672
0.0201257388107479,-2.88310565727345
0.91011415142566,3.67097041498136
0.794120189035311,-1.19796661950037
0.232232643757015,2.59031016120575
0.594232419505715,-2.12492138823382
0.172590316971764,2.15705084557538
0.808873082511127,-0.796286509108441
0.159886747132987,1.96944702385596
0.937685096636415,5.47016984470679
0.176362360827625,2.20586552872603
0.294734716182575,2.3843096467969
0.510488023050129,-0.920625492714307
0.457076519727707,0.0226223907907874
0.40534311812371,0.934778170247642
0.941821748856455,5.76386563187738
0.798543900484219,-1.08352525862839
0.831502219894901,-0.0654380410575168
0.539241538150236,-1.38855424769727
0.606513541657478,-2.25077677074132
0.240795325487852,2.59798758524108
0.0218259890098125,-2.78882302612403
0.946627708850428,6.11306414382273
0.691648276755586,-2.57397934896654
0.768899461487308,-1.75601264350802
0.970035084523261,7.93923243967965
0.380074261920527,1.34731335974397
0.989557782420889,9.6265972194669
0.717137445462868,-2.43964678699003
0.202330766012892,2.46049795438563
0.240113611333072,2.59783150297657
0.452445185743272,0.105960526222678
0.396469696424901,1.08324032298314
0.482557448092848,-0.434214558735486
0.0672928930725902,-0.615034707103816
0.725216097896919,-2.37072480644902
0.482234843773767,-0.428479410967861
0.456331562483683,0.0360308485712673
0.425985330250114,0.577931417570652
0.846641880227253,0.504914315186112
0.00751195219345391,-3.61320239030513
0.733342401683331,-2.28789987673192
0.588354208040982,-2.05902425448095
0.817411821801215,-0.537187812970446
0.391880973009393,1.15858113491989
0.347989113302901,1.81422356646878
0.641813656315207,-2.51200640506996
0.207206660881639,2.49311792070772
0.833917523734272,0.0210800240464755
0.467998544219881,-0.173858226261344
0.583752065431327,-2.00501635962293
0.862294795690104,1.16650435533975
0.882200625026599,2.11803330553139
0.424230684293434,0.608771066691543
0.321288003819063,2.13735593592099
0.876038955757394,1.80999462498564
0.0767316450364888,-0.243973455946929
0.323903405340388,2.10878347244916
0.787634826498106,-1.3566389718392
0.368283402174711,1.52743136880124
0.0309869791381061,-2.29740888260656
0.996236376697198,10.2392423870499
0.711252075387165,-2.48166653566969
0.840999652631581,0.284508400517429
0.862935892306268,1.1952014347383
0.329288356937468,2.04774587726255
0.191330323228613,2.3695989154115
0.93693218100816,5.41739326155184
0.0721719949506223,-0.419925025019843
0.747626416850835,-2.10825734215123
0.908049765275791,3.54706786495636
0.649501258973032,-2.54678068409895
0.943338356679305,5.87313132522972
0.225120906950906,2.57427605253936
0.203106125583872,2.46599539640846
0.545365899335593,-1.48220311565028
0.570745396893471,-1.84159418120954
0.884825845016167,2.25301936846399
0.0287359654903412,-2.41558261115375
0.86277157603763,1.18783406594954
0.655537538928911,-2.56802159537032
0.961262728553265,7.23014366526236
0.822018514154479,-0.389083289677076
0.375964068342,1.41111391768543
0.306381583912298,2.28604800575394
0.264226223574951,2.55780199461748
0.739658788545057,-2.21390937680312
0.0442172363400459,-1.63617027622143
0.740219691302627,-2.20692505238691
0.0954337874427438,0.414758510768252
0.665843059541658,-2.59144025497411
0.713986237999052,-2.46299173823796
0.0150861123111099,-3.1682941977809
0.624378196429461,-2.40282280039023
0.806256480049342,-0.871733255858695
0.401803177781403,0.994419462802529
0.811541326344013,-0.717452517302844
0.422638941556215,0.636677886740584
0.125467630801722,1.27076617460126
0.481133161112666,-0.408879833350173
0.497510807821527,-0.697497579910526
0.085879327962175,0.0907244983031381
0.362454474437982,1.61300142294396
0.120560092153028,1.14720709337544
0.501970901386812,-0.774839900257398
0.667624638881534,-2.59379635948783
0.0145948377903551,-3.19655594326137
0.516629943856969,-1.02397953628787
0.197529295925051,2.42380853797747
0.666327292099595,-2.59213088416529
0.883610009448603,2.19022258089781
0.762657155515626,-1.87023344319712
0.945331558119506,6.01803706457393
0.946031564613804,6.06927978074829
0.0768376549240202,-0.23995541733999
0.73250981210731,-2.29702012925416
0.246579650556669,2.59621203350615
0.491920073283836,-0.599711634177881
0.991740191122517,9.82478257226784
0.33934907708317,1.92610186091768
0.27254101773724,2.52335609221919
0.519426668994129,-1.07049290576537
0.674236575840041,-2.59804599867503
0.877259647240862,1.87004719605383
0.132702112896368,1.44170990953252
0.210382885066792,2.51189514883194
0.537418199237436,-1.36021499083573
0.00851736892946064,-3.55300788455818
0.290195625275373,2.41805614319961
0.00941670429892838,-3.4994604024281
0.593930878210813,-2.12162741242988
0.986463251989335,9.34891093185109
0.436675653560087,0.388537929357961
0.310320792719722,2.24917086530035
0.126075512496755,1.28564066568135
0.966141250915825,7.62078350603241
0.483347627799958,-0.448253867765295
0.191665791440755,2.37273259522648
0.0262114543002099,-2.55010363804681
0.100744544295594,0.58382556746521
0.126786324661225,1.30291422150497
0.789595673093572,-1.30979591051769
0.168658705428243,2.10284721393345
0.524514004122466,-1.15414954942067
0.848802753258497,0.591832582879023
0.698947392171249,-2.54796427983403
0.949071168201044,6.29392065242203
0.39121125289239,1.16948896092923
0.0872115746606141,0.137458285403102
0.118398420978338,1.09080513591743
0.775267102755606,-1.6299213423772
0.804019698873162,-0.934777378494294
0.0154170314781368,-3.14930359417822
0.081344576086849,-0.0721658100769638
0.662772062700242,-2.5861939134589
0.127658715471625,1.32393851087246
0.635331728961319,-2.47620059826319
0.293672101339325,2.39244452567846
0.742976358160377,-2.17160670506542
0.296474241418764,2.37068686452392
0.353896038606763,1.73406483011716
0.00241503212600946,-3.92375675682467
0.0881772446446121,0.171016614388136
0.838628226425499,0.194672321112527
0.203620289452374,2.46957590928549
0.63813075562939,-2.49237515662688
0.0158281058538705,-3.12576496210283
0.189674350665882,2.3537914489041
0.674042290542275,-2.59802341377435
0.387628181371838,1.22744851070354
0.339450475759804,1.92482745737094
0.135750176152214,1.50979680805608
0.461315740598366,-0.0536799352152224
0.896812309278175,2.89824429520933
0.498877720441669,-0.721267923811555
0.607698404230177,-2.26203387578357
0.544776880647987,-1.47330247278283
0.17032436770387,2.12622819669522
0.0698322518728673,-0.512602141154475
0.792252289829776,-1.24476996402017
0.796305747004226,-1.14206113517802
0.203603915171698,2.46946268054951
0.0768291146960109,-0.240278991283029
0.612688987515867,-2.30766557469703
0.585364080034196,-2.02416993970984
0.189708565361798,2.35412376555661
0.647702297195792,-2.53940800388746
0.527487800922245,-1.20244823057456
0.641210116678849,-2.5089192361412
0.428239046828821,0.538208469145801
0.143967931624502,1.68195626899503
0.00956367258913815,-3.49073626103844
0.557376492768526,-1.65841609284963
0.982141754124314,8.96761770969937
0.297242987668142,2.36454647885542
0.737476503942162,-2.24043757787754
0.345759272808209,1.8437229182978
0.676512554520741,-2.59784294962668
0.041493259370327,-1.7677032262297
0.039326879195869,-1.87400649264166
0.343343498650938,1.87519664326895
0.306342872790992,2.28640149390851
0.0178227473516017,-3.01236370419668
0.243012251798064,2.59795962632706
0.135507679544389,1.50446453921573
0.497065865900367,-0.689747903389091
0.970884504728019,8.00949057710393
0.737789851613343,-2.236691434419
0.591663510771468,-2.09655733021365
0.536010563606396,-1.33819844552222
0.246286152862012,2.59643441928081
0.164199298247695,2.0372022356527
0.461525462800637,-0.0574541669796025
0.295507703907788,2.37830282631099
0.467192698037252,-0.159379558993059
0.397394106024876,1.06793927297976
0.00404831790365279,-3.82325543548098
0.723714038264006,-2.38453969153462
0.0368918911553919,-1.99529335824051
0.792775318957865,-1.23175500225557
0.547642156714574,-1.51638018870186
0.32348560448736,2.1133955721354
0.886687757214531,2.35012439427857
0.910155023215339,3.67343840729253
0.769611249910668,-1.7424016418163
0.286971202818677,2.44041652568853
0.619255591649562,-2.36319412270131
0.428941375110298,0.525805156912884
0.703973419498652,-2.52434524178669
0.23777734558098,2.59670427691436
0.299866698216647,2.34304102551126
0.841351456474513,0.297976218500362
0.988452148623765,9.52693628068522
0.260650118812919,2.56947305444389
0.526256051845849,-1.18249870357799
0.07505171187222,-0.308087352809993
0.878381060669199,1.92563821053374
0.107125322101638,0.776722999459365
0.571156552061439,-1.8469925766462
0.123859511921182,1.23096053882903
0.885714270872995,2.29921183821419
0.556570826331154,-1.64692431471492
0.59121153713204,-2.09149668494366
0.986218152567744,9.32708334646775
0.427025915356353,0.55960570225816
0.863172847777605,1.20584046596819
0.73045915318653,-2.31886163571312
0.531863382086158,-1.27265414900716
0.372848234837875,1.45877022017803
0.444344832096249,0.251442654999784
0.50217156810686,-0.778304492482704
0.983681519981474,9.1026091613385
0.0857116160914302,0.0848054042034203
0.99777967040427,10.3834254013964
0.568586479173973,-1.81300969936294
0.309460236690938,2.2573792208656
0.388420126866549,1.21469682470771
0.452980978414416,0.0963227619581035
0.627103279577568,-2.42254714443365
0.468007994350046,-0.174027989279005
0.0409593963995576,-1.79375982787505
0.0934791956096888,0.35056157808489
0.687230445677415,-2.58506838357442
0.0490479373838753,-1.40870324704096
0.507996706990525,-0.878261716309126
0.472941783023998,-0.26255304898736
0.447914693038911,0.187390767123611
0.185948237311095,2.31614876502398
0.252847350202501,2.58815048823273
0.529168682638556,-1.22954166253688
0.357094449689612,1.68948341143076
0.640202339738607,-2.50365040057533
0.567222744226456,-1.79474971347718
0.992839461192489,9.92534610737424
0.129869697149843,1.37635785138847
0.483944409294054,-0.458849095082052
0.933637420879677,5.18888943916885
0.709075183607638,-2.49549601327982
0.849263867596164,0.610561319060479
0.70450800913386,-2.52155433207021
0.0108944238163531,-3.4120805095807
0.0271366396918893,-2.50055936140198
0.0642847574781626,-0.738883580659772
0.580625646747649,-1.9671583867756
0.183085181051865,2.28525389405562
0.257581271696836,2.57794195044686
0.828548885183409,-0.168957856075478
0.211237799841911,2.51662008642287
0.874133300967515,1.71720000976644
0.0648507305886596,-0.715373213548131
0.922351183369756,4.43601451602982
0.258672173833475,2.57509664842971
0.935680461348966,5.33011336548774
0.359263759106398,1.6587920315752
0.968663239153102,7.82636148007388
0.393786586821079,1.12741967984736
0.814842982683331,-0.617229202234208
0.960833600722253,7.19622311368466
0.956571189453825,6.86314826601985
0.0270332915242761,-2.50607964793948
0.250867084600031,2.59137641638012
0.751381610985845,-2.05359631763037
0.0572214762214571,-1.04048913322683
0.579978128662333,-1.95920202349763
0.628556129522622,-2.43267058662346
0.0676608863286674,-0.600070920792067
0.923724365886301,4.52516831396285
0.651284228311852,-2.55361901429293
0.442711099982262,0.280712178396703
0.345878657652065,1.84215434971829
0.69262381317094,-2.57106162265048
0.62557900394313,-2.41163195576157
0.915388033492491,3.99423387047437
0.995420169783756,10.1633858040047
0.700995675753802,-2.5389077572354
0.898876684717834,3.01421562376273
0.382030101958662,1.31659398739048
0.30174190714024,2.32715655151022
0.787317967507988,-1.36411706683889
0.930473266867921,4.97317407160338
0.176343719242141,2.2056318947015
0.838383774273098,0.185505364296787
0.555013228906319,-1.62456871904778
0.0728640067391098,-0.392826017697044
0.492104774573818,-0.602955807970813
0.980419508647174,8.81775813237579
0.797551716212183,-1.10963548718493
0.489989167777821,-0.565744597109225
0.970116503769532,7.94595457981793
0.307701508747414,2.2738908517864
0.497849432053044,-0.703391503700662
0.0704011770430952,-0.489917118549615
0.950098475674167,6.37062969670734
0.443351357942447,0.269245112491583
0.389970454853028,1.18963673924461
0.00665412819944322,-3.66483715419265
0.801093147136271,-1.0152582995439
0.332133589778095,2.01432761115991
0.146601698361337,1.7336623299329
0.918291668174788,4.17637280203055
0.444953463040292,0.240531069842989
0.153649587882683,1.86389682668648
0.424851555144414,0.597867647710181
0.881140753859654,2.0641723374878
0.118776409653947,1.1007553413667
0.71495962375775,-2.45598987487074
0.39067333121784,1.17823343428375
0.620888730976731,-2.37618523395605
0.999315519351512,10.527892501016
0.426864211913198,0.562455187512839
0.88634112291038,2.33195999312429
0.874544853111729,1.73714191068498
0.906701843021438,3.46696153534183
0.143522923346609,1.67305486732378
0.569763468578458,-1.82864268668934
0.829072716645896,-0.150778089512928
0.56258538342081,-1.73150491970246
0.814868372865021,-0.616446942366514
0.378159957472235,1.37715775289817
0.855428716400638,0.867116196125017
0.513855506666005,-0.977490786535844
0.824496078770608,-0.306983527386457
0.241853068582714,2.59807615478075
0.674906271742657,-2.59807584268881
0.0511047600302845,-1.3140835200637
0.814643430057913,-0.623371183073148
0.889751315582544,2.51238369535508
0.182823327369988,2.28234204998242
0.0658083751332015,-0.675813313504995
0.322828695178032,2.12061060912278
0.313126517925411,2.22182654975381
0.32427792227827,2.10463386399222
0.278758693020791,2.49112718462291
0.989639792591333,9.63400940574495
0.43251616624184,0.462506407183031
0.435103193391114,0.416537923910897
0.521985830971971,-1.112734137075
0.398387409048155,1.05145332404845
0.60502313519828,-2.23639004125645
0.259979839669541,2.57144559111648
0.559306386159733,-1.68574195175196
0.282647992251441,2.46824492381869
0.0498899433296174,-1.36980818182892
0.532859104219824,-1.28848174756767
0.78068731399253,-1.51482279063191
0.800719765713438,-1.0253638083152
0.594016632763669,-2.12256514217868
0.907991629559547,3.54359995375344
0.536495458800346,-1.34579604798735
0.837232613237575,0.142571096442761
0.293644072022289,2.39265717604055
0.898528510006145,2.99455515947292
0.603164356900379,-2.21809708312051
0.198541042394936,2.43192072554035
0.31468910141848,2.20621607685824
0.335593695286661,1.97263189146093
0.289883239660412,2.42028158689339
0.565830547595397,-1.77594821838746
0.989957362879068,9.6627377161061
0.45692814188078,0.0252930909921498
0.849423973821104,0.617079160882969
0.564586465246975,-1.75901154719971
0.683528217719868,-2.59171608407053
0.023729401640594,-2.68442415139057
0.184559966204688,2.3013833744019
0.474349806085229,-0.287770600528963
0.97140215546824,8.0524463019931
0.640817241743207,-2.50688213823287
0.81011736090295,-0.759763350391555
0.910592866595834,3.69991341314789
0.515232018660754,-1.00059780916029
0.199540782952681,2.43973603219079
0.771315732272342,-1.70931528127189
0.946162077598274,6.07885404062378
0.936050427844748,5.35585052155612
0.0484300474636257,-1.43738739106785
0.027616374194622,-2.47498090536002
0.296338638290763,2.37176238676386
0.787690514000133,-1.35532208493066
0.900247860234231,3.0920412469287
0.913698361255229,3.88960762798869
0.214249446755275,2.53216314681114
0.65625750599429,-2.57019002502529
0.659148607868701,-2.57810120855815
0.497316436376423,-0.694112887404711
0.745694948825985,-2.13514928928016
0.906961012398824,3.48231519829328
0.284669175511226,2.4555447332587
0.291616982081905,2.40777160302558
0.20356686017476,2.46920625025792
0.786540943197906,-1.38234805977861
0.456731532467529,0.0288318895241582
0.985270567703992,9.24292417770916
0.0595804003532976,-0.938066035465404
0.757039044750854,-1.96524071537755
0.620088908122852,-2.36986429051141
0.78584100631997,-1.39864008365851
0.393354222178459,1.13450587996009
0.928686843253672,4.85299007264009
0.248075109208003,2.59486178437309
0.449356991564855,0.161481573765574
0.208488255972043,2.5009272322099
0.658499769633636,-2.57643726380263
0.844905406003818,0.436076423950946
0.534272302407771,-1.31084777228158
0.968246019911021,7.79218040960977
0.92638013837859,4.69950814733702
0.683927088044584,-2.59111450656382
0.653204107657075,-2.56045558929628
0.934692450799048,5.26162707353071
0.626946817617863,-2.42144055914803
0.750251717399806,-2.07037512033069
0.374221642501652,1.43784129364821
0.978578593814746,8.65888760323763
0.362863582093269,1.60707548925136
0.991997147444636,9.8482451062188
0.854855534620583,0.842776844576888
0.678236191393808,-2.59711208923684
0.55686784721911,-1.65116664974071
0.963507718406618,7.40876042696941
0.260291412938386,2.57053717377631
0.742902984144166,-2.17256821981203
0.00949244434013963,-3.49496349032032
0.918814644683152,4.20949399544923
0.959603955037892,7.09941873560093
0.615292397560552,-2.33030421700335
0.90809216001071,3.54959753128247
0.168386244680732,2.09896402421858
0.0954558679368347,0.415477633112169
0.662228827131912,-2.58511110692036
0.189278993289918,2.34993393738982
0.44947146740742,0.159424505582036
0.666126953437924,-2.59184969184802
0.812709650956094,-0.682326958039873
0.277507603866979,2.49804653457
0.380783144617453,1.33620556665268
0.0843595187179744,0.0367911720399796
0.445755414431915,0.226147835888392
0.688982762629166,-2.58108419561887
0.612044739769772,-2.30193880713922
0.251599781680852,2.59025533031076
0.673067945288494,-2.59781594676849
0.511794660938904,-0.942745683166414
0.282626216532663,2.46837876262722
0.457705871434882,0.0112942825513773
0.60528923640959,-2.23897711154154
0.381306431489065,1.32798673939839
0.733741421950981,-2.28347710672671
0.338125889655203,1.94140092154603
0.49284149101004,-0.615886964783943
0.48423416307196,-0.463990852243201
0.952611283631995,6.55994257816514
0.45143992966041,0.124039337441009
0.228729804279283,2.58352740020652
0.238689909223467,2.59725407531949
0.199748914223164,2.44133805573694
0.962371205445379,7.31809289858496
0.571965619456023,-1.85757266833359
0.408888180274516,0.874539519167778
0.266746391309425,2.54842987839349
0.258641746360809,2.57517848825431
0.563382247462869,-1.74249727498854
0.623890554532409,-2.39919287314122
0.67016393202357,-2.59627166872405
0.36366725503467,1.59539858553491
0.456309471046552,0.0364284600705449
0.738640937721357,-2.22641008700301
0.804998555919155,-0.907352055502503
0.217237266246229,2.54590307114178
0.552722639637068,-1.59136635759488
