2.34851065476621,0.671405683038756
2.27819019372209,0.294102021260187
2.46818256778103,0.579517246456817
-1.91145201497685,0.822263941168785
-0.822630793686956,0.0278441538102925
-1.48088005409186,0.902839633869007
2.00927726815121,0.202490009600297
1.63214861062359,0.121260463492945
-2.24908268014656,0.28167665284127
-2.05226747589851,0.214469041442499
2.49166598931709,0.540792449144647
-2.19098779491386,0.740796385565773
2.38987338987881,0.646765824407339
2.46424960116261,0.415744696743786
-1.71110235314426,0.135465845931321
-0.658376984848934,0.982350069796667
1.78198455981644,0.149313186528161
1.35717501898487,0.0800916305743158
-1.78565622528773,0.150061042746529
-1.39494835860478,0.914927419042215
1.6679002308575,0.127542817499489
2.25768359362187,0.714743082877249
-2.49884422137633,0.515202048933133
-0.170650651468414,0.00116622587665915
-2.49511833828267,0.531231060158461
-1.78547663541668,0.849975609686226
-1.20732990119654,0.937828939640895
-1.32106870935131,0.924489220837131
-1.53389904356163,0.894824200076982
2.31341916522315,0.310464592650533
1.97304703070578,0.807056047953665
1.89969038760591,0.825033932458609
-1.96284745196099,0.809659805614501
0.798488342553192,0.973810779396445
2.49952202280935,0.509776824619621
2.49014202423776,0.544358854414895
2.35251852223262,0.669192978879437
2.18378880397367,0.743398147867993
-2.3852028859923,0.350225877715275
2.34764936685666,0.671876985114068
-2.39200580292478,0.64536963077262
-1.09785639401866,0.050791302928701
-1.27837033170133,0.929686829913408
-1.69475188719933,0.867576715303585
-2.16862140067659,0.251236560521647
-2.45292499855024,0.403426928911358
0.953699955614027,0.0378114499617368
-2.33126296376436,0.319421707419679
1.77338100166414,0.852427003672346
-0.570453805782225,0.0131906962487847
-2.33561236752168,0.321684003109112
2.49886197001348,0.515084899496287
2.42096529299137,0.375271967845038
2.30381386464968,0.694158870726824
2.48636974184765,0.552140390034765
2.18342680591976,0.743528017541394
2.49660698399508,0.473958826856688
1.27101076503411,0.930559247266501
-2.44386455699652,0.39463852182962
-2.45799818932078,0.591267716372386
2.37807022710294,0.65424422128126
-2.11940276482389,0.234810865949839
1.17476503192997,0.941358227282763
2.42242927514067,0.623585825553164
2.26136266337904,0.713189015164971
-2.24631141680409,0.719461615663022
-2.10102676028071,0.229024978820235
-2.49988205398729,0.504856814397499
-0.978325027018572,0.0398747934959829
2.39022348630902,0.646537597291172
2.48412552194763,0.443743305746466
1.3304284819466,0.923318322515115
0.351339213616298,0.995037806918845
2.06572070836815,0.218376282602549
-2.32535740661752,0.683598794275895
-1.91501656541671,0.178583662258461
2.3392623274557,0.323608190286905
2.17638568280252,0.74603620544076
1.16788863705969,0.0579124009236693
2.33495176971494,0.321338282432407
2.45228807143756,0.402782056247815
2.4171217700944,0.627674954244867
-2.36266665257926,0.663438831223175
-1.7886635961369,0.849324063863605
2.24275292614913,0.279087409842759
2.38711857710181,0.64854829502292
-2.15566910045202,0.75322643853724
-2.35103539429066,0.32998440368101
-2.36752825624703,0.660600119037554
2.49992426018578,0.496107991086319
1.54016309007929,0.106152432737872
1.28407926852336,0.0709946185816079
2.36572106667805,0.338338151108474
-2.09918235539604,0.771546197822317
1.25967807503991,0.931889390805736
-1.8965293932587,0.17422853037715
2.11785618835548,0.23431709385477
-1.65944219409572,0.126034675166011
2.18388975932878,0.256638086866587
2.06719173514189,0.21880836924538
2.45887276494002,0.409679520409554
-2.18326103603347,0.743587458506227
2.0745591021941,0.779012869345024
-2.49630080762389,0.527189908316359
2.49945456779222,0.510443875798956
-1.03390229387089,0.0447617745958269
2.0368924089483,0.210098684765399
2.27459389228807,0.707482300465927
-1.11583607844093,0.947433116612956
1.63969870442771,0.122567189624533
1.61046572011835,0.117565683322027
-2.27129622922477,0.708922324236482
2.45342114399573,0.403932380024344
2.24701039864698,0.719175205565989
0.967974042331983,0.9610000543762
-1.61641626587483,0.881428811466321
2.41582121767704,0.371344204293564
2.12688481347036,0.237217885674909
-2.02905488271468,0.20790848811157
-2.18365947876019,0.743444554740563
-2.38171171778724,0.65198016888462
-2.2409753254872,0.278367006918415
2.49804329602694,0.480221535777673
-2.43805454405748,0.389385346323252
-2.48391945961063,0.556619473034516
2.45680676338322,0.407458003610373
2.32479364963317,0.316115853143856
-2.44764992170067,0.398213977226987
2.49614143081846,0.472230983199552
2.28200813790927,0.704199790256098
-1.58135137881818,0.112736378330737
2.46135117469411,0.412421373650432
-1.18977842940359,0.939746621996164
2.4886179254376,0.4523425467778
2.06076267464191,0.21692706248723
-2.15929623729664,0.751987282186747
-0.500587502086409,0.989873949205503
-1.55730384431421,0.108857839833945
1.35298069502195,0.0795505624264479
1.40378922717722,0.0862669553607702
2.38612716480593,0.350815932033584
-1.79035022255043,0.151021715253592
-1.20799799937907,0.937755220802501
-1.38901025917145,0.91572348983027
2.44968622077773,0.599807298276573
-2.2894181618752,0.299145377939567
-1.11875120137094,0.0528581545222551
-2.41375684501535,0.630196450510994
-1.80194792055336,0.153417617781088
-2.42282500999157,0.376724865287542
1.19815866785271,0.0611644587479532
-1.80430792891072,0.153909093001857
2.47282519919916,0.573521570768207
2.35495221239535,0.332166740205139
2.49023531893356,0.544148864690214
1.90137077263094,0.824640674283728
-2.2647542045314,0.28825596650131
1.35548419410699,0.92012677132152
1.26902460037899,0.0692064734175801
0.242235515695579,0.997647343203425
-1.67507572225131,0.128833119757473
2.49880667211252,0.515446961391717
-2.34037848141739,0.324201414827257
2.3278657340232,0.682322914013639
-2.17058973562921,0.251924189040437
1.51760264680992,0.897335234098136
-2.15625635544152,0.753026364604011
-2.49892357269036,0.485328970244154
-2.19332063035872,0.739945378154516
1.84167002641067,0.161872715456411
-1.66772880254973,0.872487886575982
-2.47799265949982,0.433802604442462
2.40335794232687,0.362323480425403
-2.46335232349388,0.585298377554864
-1.13006568735671,0.946002311306074
1.68969482254947,0.131493207300082
-1.142030717435,0.0552184428088367
-2.10125761670126,0.770903409225866
0.785020846052441,0.0252898875623941
2.36491036610893,0.337864382658154
-1.92069541945788,0.179941936163232
-0.277670026536042,0.996906403917819
0.915340421619015,0.965280642732978
1.77090505054784,0.85292465495877
2.48911342454662,0.453389117261395
-0.38554292489683,0.00598151236772537
0.279499535831073,0.00313462549820542
2.09819939659851,0.228150093462318
-1.35567239971016,0.0798975198995322
1.19059422497754,0.939658294199035
1.17354554135082,0.941487977746874
2.12107547216518,0.764653648482636
2.31194873777254,0.309748268453404
0.354917215920458,0.994935703696683
2.39443358569357,0.643761998275295
2.02635117339451,0.207158683100715
-1.76998278145083,0.146890331292525
-2.49928336702024,0.488028949359432
1.77019679463572,0.146933246636763
1.30325527903118,0.0733139009680599
1.81512137600113,0.84382172068581
-2.38857111624011,0.352388615254313
2.19784256363097,0.261715458706021
-1.243801583927,0.933726071147248
-2.42173099432823,0.375867974944413
-1.66095376765246,0.873696806607768
-2.4908881843696,0.54265022999607
2.13078563081291,0.761515016434714
2.27774393487058,0.293904627207667
2.40769454046659,0.365388410631567
-2.35842916840079,0.665868846699595
2.48338160493416,0.557555470382795
-2.25412052611394,0.716235117753968
2.30685043020983,0.307288703741506
2.26473147204799,0.711753758834675
-1.19629802678688,0.0609614581335336
-0.755236076288607,0.0233609974384308
1.8705748450517,0.831719746114686
-2.42783062522849,0.619270860683173
2.27022876024469,0.709385899826884
2.06011602119722,0.783261150121689
-2.49995272935649,0.49692525784485
-1.71325609317333,0.135870706522837
1.7008871518893,0.866441422142088
-2.16045603305835,0.248410673579201
-2.11987426176653,0.76503834547475
-1.46497663653193,0.905158904846758
2.25683272506702,0.715100539382547
1.27895617057741,0.0703829093836248
2.44008394842776,0.608809985686094
-2.3784985489582,0.65397982369177
2.4999930866479,0.498824130743742
2.38874279981106,0.647500215098262
2.38394546297885,0.349427222972736
-1.9300607544457,0.182203493779525
0.500759365286016,0.0101330769248307
-2.46683348096421,0.58117452240549
1.91089685293237,0.822395608993247
-1.87594024281352,0.830505564576015
2.48020938799108,0.56278897728771
2.08621865210605,0.775513465050608
2.4955248259779,0.529903740854934
-1.72844694997786,0.86124623962678
0.375374444506385,0.99433163064532
-2.33292670783395,0.320283225504681
-1.05493841973016,0.0466963520739228
-2.47631221528623,0.431333323242143
1.98491803550965,0.196019711671397
2.1207207720862,0.764767324784771
-2.45729399089772,0.407976906746626
1.43250329154036,0.909777223365381
2.47291083354341,0.57340626930818
-2.49951153398793,0.509883504360914
1.78386972014872,0.850303229875863
2.29518113042813,0.69820631458424
-2.45709401555455,0.592236435040832
-2.43808819791046,0.610584978945553
2.39653663465517,0.642353385454044
2.40492025918437,0.636580898659304
-2.48703214954729,0.449138978729025
-2.42849432928706,0.381270847283304
2.12893625864748,0.237883201101795
1.2469523934927,0.933364037657157
-1.2573228598418,0.0678361780010164
1.99908090902165,0.199755065375939
1.95016825106865,0.187152190832421
2.39022740952563,0.353464962448925
-2.47800344294201,0.433818752877414
-2.0764593880653,0.77844686456956
1.31147812667328,0.925677113467827
-2.42536605360027,0.62125996965915
2.49781583743181,0.520895973080769
2.37126238041283,0.341618849197403
-2.0171227226281,0.204621197655797
-2.49844186367365,0.482349783182144
-1.88586027801526,0.171760391676798
1.62494522929495,0.879976473050192
-1.97825278901134,0.8057133234106
2.33517607418559,0.678544414928183
-2.47867849758135,0.565162230050191
-2.22425566650207,0.27172939479351
2.48079425635665,0.56185785564594
-1.92828719144528,0.181773130781949
-2.36103624727383,0.335621432168409
-2.48342062581886,0.557488084072247
2.07986315142535,0.777428857283667
2.29211002670728,0.300377193139866
1.57929857219631,0.88759855623357
-2.24838492400745,0.281389365904033
-1.7073243029168,0.865242041647434
-2.49844636494557,0.517624711617827
-2.44637434344651,0.396994646405801
-2.45559764906907,0.406183117534965
1.63982814091986,0.122589683858678
-2.4644887568289,0.416024963837117
-2.48849762958226,0.452091943239793
0.857177217587873,0.0303087304346263
-2.28985207495134,0.299343330552801
2.49524719268133,0.530816519865766
2.08214515447314,0.223256685305387
-0.534234981018729,0.988450324395671
-2.49943362383055,0.510642481036484
-2.24534573712391,0.719856546027586
-1.00341019663113,0.0420407014898956
1.72882970752371,0.861172969220206
-2.34438849173344,0.673648219089955
-2.49977064134834,0.493227288126945
-1.44340437387519,0.908244231482968
2.26779151683544,0.710439695511013
1.14559766880391,0.944414490368217
0.492830060699598,0.990188475232571
2.33507075811677,0.67859950219281
1.71849862173207,0.863139779539779
2.49114991183623,0.542034327285364
2.43449587134859,0.613706614123657
2.46870675348754,0.421136328950524
-1.74722738222641,0.857614120235667
0.379127806472517,0.00578295835293829
2.26799469773354,0.710352090653032
-2.4961177574413,0.527854005806148
1.72536018735418,0.861835997318849
2.06428261174172,0.782045194879174
-2.22425455956898,0.271728963358328
1.81881042701949,0.1569589744322
-2.47642855735368,0.431501357583329
-2.10873761758994,0.231431523803622
-2.42970073595692,0.617737731197849
-1.9107632431204,0.17757271649316
-1.27711845798699,0.070164289791137
1.69777620385296,0.867018035613
2.28698654434225,0.701959653990343
0.812832663172112,0.972834138432518
1.78692276568229,0.849680255632848
2.25434547726077,0.716141293523833
-2.21111243618255,0.733322248794138
1.99266914806566,0.801945006009191
2.21487664723198,0.731889752903953
0.824877569785176,0.97199902520515
-2.4329689283807,0.384993531741202
-1.62319133055954,0.119723789626732
1.9182913363219,0.820634268224239
2.35237910905031,0.330729503184557
1.24589221178483,0.933485990390182
-2.17541379358191,0.253620225936174
-2.30962232194195,0.308621346019208
-1.96550386102084,0.191014914773405
2.40360174957398,0.362493835855275
-2.29500949204366,0.698285796912387
-1.81800000180441,0.15678718010895
-1.05576377629696,0.953226779820397
-1.49799401840311,0.900300583103672
-2.49997313351887,0.502318030921742
2.49931649997797,0.488308921456337
2.20969776230155,0.266142282634974
2.49249590066445,0.538711334345862
1.81145447424127,0.844594410154969
-2.31191019325769,0.690270466264337
-2.49931131590816,0.51173532474786
-0.213867788176423,0.0018329368904233
1.98545451766206,0.803840113105252
2.11293288285434,0.232753699179739
2.46162820954555,0.587266616290435
1.00980316042598,0.957396876998246
-2.41161602175463,0.631773770321161
2.42983260087859,0.61762882838957
-1.25103934239704,0.0671073775738478
2.49708320632145,0.475854225456715
2.3686963288247,0.340090312762186
-2.47819011191276,0.434098931960762
-2.42298285525232,0.623150977771729
2.44573986372003,0.603606277611107
-1.49899358125791,0.900150883710012
-2.49117264309904,0.5419804060366
2.06507616511817,0.218187265563756
-2.48276809219433,0.558604641584679
2.20286294977062,0.263577088713646
-1.66665898589421,0.872679370222613
1.08890796214304,0.0499209202826023
-1.90811113678009,0.1769450888969
2.47826364910922,0.434209640370682
1.89758987107405,0.174475642619655
-1.00042909836181,0.958220105152577
-2.46041380515175,0.411374065326527
2.18836980642799,0.74174677580595
-2.29873066478624,0.696554046589881
-2.48269443048145,0.558729333337396
-2.1884156287362,0.25826981686987
1.66093717605474,0.873699756339192
-2.15662284745519,0.752901395317167
2.14954994158954,0.244701347546652
0.24025066098517,0.997685829410329
-1.84972847254197,0.163636828539893
2.24990900441926,0.717982519650832
-1.95381981043047,0.188064869027585
1.41260944111741,0.0874695372767746
-1.46116978976066,0.094291590154171
2.20282782014477,0.736436003586277
1.23932587473016,0.934238246874884
-2.38392139661052,0.650588017422706
-1.38638735347855,0.916073556290939
-1.93650386364118,0.183775220066309
1.55446458626977,0.891593659296632
2.29905444446519,0.303597488673404
2.4999780024301,0.502097497228533
2.03328640161917,0.209087888943031
-2.35760398544882,0.333662578137591
-1.46821230406026,0.0953098651953042
-1.40753424053859,0.0867762174457312
2.37443177515197,0.656470284098759
2.49619687869281,0.472431073430926
-0.754064651501249,0.0232868157327175
2.02621566604102,0.79287881962955
1.60542765315653,0.116719316923991
-2.49178325436577,0.45949508016929
-2.00140839038,0.200375938555226
2.42896744989826,0.381658607861027
2.25642061023361,0.284726589685306
1.98202065506391,0.195264434441924
1.77172103278336,0.147239198209718
2.15005275028679,0.2448707644362
-1.34096617516504,0.921986242290586
-2.38302424931015,0.348845056025311
-2.05265335393924,0.214580014115199
2.48845675205735,0.54799291328527
2.23674274044154,0.276663311291486
2.25716387505717,0.714961507357657
2.49870730095148,0.483922905521467
2.40840011618419,0.365894238697365
-2.42627285919113,0.379467844497412
1.86878505532906,0.16787698562257
-2.2078036398956,0.265427786158398
-2.17410977661952,0.253160239895806
2.42769258754772,0.380616801790893
-2.18016766644662,0.744693191256374
2.3130066773117,0.689736671280116
1.12107889770516,0.0530914140399545
1.95583695687891,0.811429080087692
2.38674865472688,0.351214132504538
1.52260173587232,0.10343051282689
-2.34633407292528,0.672593906987458
-2.0765137508665,0.221569352084771
2.45165753252441,0.402148000895977
-1.78633529099554,0.150199701078236
0.412416179330533,0.993149587651715
-1.44691248390459,0.092252810485661
1.46363910208897,0.0946477788966149
-2.37516451562095,0.343975191237405
2.44720969339059,0.60220855474472
-1.54373792439178,0.106712663779035
2.47204760493999,0.425439785700291
-2.44908239590558,0.600398290436715
-0.661796283884178,0.0178371362853795
-1.97799854255057,0.194220879347995
1.33009885228185,0.0766402455046773
1.74349262316761,0.85834248829633
1.62033508799148,0.880763139110059
2.17496033950746,0.746539856540039
1.84622155107296,0.837132969871163
-0.86857114133669,0.968853246653453
-2.33760902780824,0.322733642999083
1.91710501261627,0.179082043468952
2.49479923818599,0.467765384353697
2.42431406070609,0.377901460276917
-2.02920052143358,0.792051039636135
-2.24618270969757,0.280485696624964
-1.53891741021322,0.89404229237698
-0.464420020308494,0.0087031836155802
-2.49551222095073,0.470054212259129
2.43621904847826,0.387779369484633
2.41475377870747,0.370545113924891
-1.72010692554901,0.862835068022832
2.12860311178286,0.2377749979496
-2.38990155133163,0.353252519620582
1.59560356472862,0.115081865107641
1.87261055549253,0.831260001054034
-2.30982047066696,0.691282972926274
2.43051758372121,0.382938601542264
-2.08617681285402,0.775526137091219
-0.559183701623647,0.98733206698671
-1.37658555739599,0.91737331985496
2.3370065477109,0.677583827637136
2.37742830198092,0.345360461855307
-2.49680126959941,0.525285110343248
-2.03472331737898,0.790509966900572
-0.990994127569985,0.0409605402965099
-0.78338954483613,0.974817894399166
-1.85107462255643,0.16393317678012
-2.25981482453342,0.286155480891466
1.88019054597539,0.170461928704754
-2.07823375883595,0.22208314598538
1.53409480113884,0.105206223903224
-0.958246192525984,0.0381877336185426
-2.49996071074707,0.502803174778819
0.959541533014446,0.0382953304797411
2.46322958081529,0.414559955010191
-2.48692198276099,0.551076042000204
2.4078632880931,0.365509199444205
0.529083039735363,0.988674580352381
-2.29792194906496,0.303068060893565
-2.47610719411541,0.568961775861681
-2.49999989517028,0.500144796213135
2.49268576629659,0.538219194393605
-2.17521008354002,0.253548293374479
2.44588144377669,0.396527498727664
-2.2412670885899,0.72151495097205
-2.26757620392606,0.289467517053708
-2.00875575855929,0.7976508224383
2.49885198155994,0.515150939580053
1.28785900348771,0.928551942575723
2.4930792493645,0.537178411148489
-2.40600522843361,0.364185591228306
2.49154075924723,0.541097272420302
-1.7916583910943,0.848709633341059
-1.58315881390428,0.11303187883459
2.49838312567092,0.517979718977585
-2.42047269657851,0.625109859742224
-2.44171064627785,0.607340415474027
-2.14181724903912,0.242114841705188
2.14171379442467,0.757919524097815
-2.44197252995276,0.392898148857057
0.373294797236867,0.00560538051649928
-2.44830094413967,0.601157794939354
1.68435092602106,0.130515929544345
-1.6134690038154,0.118072374723852
-0.838324257117197,0.971050419379026
-2.49882314626458,0.515339991776273
1.30019560576198,0.0729406885802746
-2.28653596570117,0.297836375422776
2.41291892728947,0.630816245218739
2.49978574948936,0.506545858690515
2.17271551320662,0.74733032961376
1.76803975692871,0.853498821379617
1.84697955214031,0.836966854985803
2.49982483929672,0.4940813081339
-0.898269303323156,0.966609569499269
1.78698344228413,0.150332147488371
-2.49463903403295,0.467273197602481
2.26701262887991,0.710775116225705
-1.92918776930363,0.181991537800059
-1.48186999193463,0.902693994343281
1.8428315321323,0.837874056072906
2.05580447915448,0.784511366626248
-1.61323518605283,0.881967131281272
2.01234461121854,0.203320431057364
2.46893514076936,0.578577164793387
-2.49965287549923,0.508331871358678
2.45113356614593,0.401624344289303
-2.08773460594898,0.775053755845875
2.4973492927358,0.47698130318895
-0.356212276985514,0.994898487115279
2.37682872913767,0.34499223344028
0.516487099547201,0.0107867100741714
-2.47996781092336,0.436830495717004
-1.37757538331196,0.917242666240782
-2.38963263715148,0.35307745449245
-2.45989705960276,0.410802139900625
1.93853313301777,0.815727052511647
1.27351486353506,0.930263170273975
1.4248418316966,0.0891557105351239
2.24493704789433,0.720023421570659
2.08877735646941,0.225263096392155
1.23968303020808,0.934197465889156
-1.57192865918863,0.888795076636598
-2.27942168313029,0.294647932518274
-2.48950542255823,0.454234182601795
2.37262244311479,0.657564303372055
-1.93300120707148,0.81708083092235
-2.24785230031765,0.28117038263008
-1.56009997180208,0.890696203103289
-0.896699767523755,0.0332696912810206
2.4389029338994,0.390135996975005
1.92742957608202,0.181565376929939
2.43260950186361,0.384689807659015
2.44152904522184,0.392494479892775
-1.85588868306854,0.835003116168082
-2.247941285371,0.281206949148327
-2.21527901805522,0.731735959416255
-0.794990656130571,0.0259540167171508
2.40542366753003,0.636225838912651
1.75136436721561,0.856803747359663
1.99736480865983,0.800701434724033
1.84424579432191,0.83756524999626
2.20385707098399,0.73605202906765
-2.49991804455863,0.504048557719216
-2.43656950213735,0.611915872199461
2.35102661649841,0.329979548463598
-2.46648921994773,0.581591893685982
2.06555320451693,0.781672857003286
2.49818412808834,0.519053673837334
2.43147756852822,0.616261228919029
2.04924113069594,0.786399077391252
-2.48066738587684,0.43793895887211
2.02918286899852,0.792055945610628
1.74269394026172,0.858497856650501
2.37778620339447,0.345580730354413
1.00017313209192,0.0417575442697853
2.45932157317992,0.410169626586139
-2.23048369722156,0.274173298617825
2.41538112039595,0.628985897405073
-1.21545098215173,0.936929235002026
0.602373550320406,0.985268837073818
1.84641503307291,0.162909417180344
1.81715983125793,0.843390748137608
-2.21757546776289,0.730855716392398
1.78604469389604,0.150140350917354
2.47192605094365,0.425278758397326
-2.35597356399349,0.332741091027856
2.47121749713477,0.424347086809576
2.47231347116094,0.425793234724551
-2.40981686278667,0.366916163591668
1.5636620895117,0.109873821958899
1.73662879148308,0.859673209488392
-1.74599724143932,0.857854363275692
2.24941953823623,0.71818448533304
2.46797255127918,0.579777562292293
-2.11250025384898,0.232616928173229
2.32600829712337,0.316731300903484
-1.39292118395245,0.915199738694355
-1.99543117500506,0.801214503357187
2.49218594842663,0.539501492865384
-2.3123867112889,0.690038701053709
-1.58548522751084,0.88658694201149
2.2642251634096,0.71197022520937
1.54944799820808,0.107611880870536
2.05797305924692,0.783883559750393
-1.51269606468145,0.89808293688111
-2.33807325591095,0.677021292503923
-1.25109906574872,0.932885718299076
-2.30773734155594,0.692286074627191
2.36695295391996,0.339061040896922
-1.98051816129394,0.194873939966783
-2.27070212154156,0.290819515706971
1.55040769710982,0.892236457904801
2.30556393877463,0.306673858547583
2.42517220951129,0.378585049649701
-0.240162175898764,0.997687537688762
-2.3690788436268,0.34031713521108
1.61881216013106,0.881022161571309
1.08069253750025,0.950870431028306
-1.83911426717815,0.838683256879449
2.33870070507855,0.676689446438104
-1.12019944318232,0.946996787795797
1.55902609300343,0.890867631882429
2.19503947371381,0.739315833896399
0.638157807838983,0.0165641878265887
-2.48338557328672,0.55754862097092
-2.48880766530585,0.547259456245229
1.71706905310769,0.136589825851843
-0.786114091699635,0.974637741222978
2.46741280675416,0.419532853644341
2.46230205196465,0.413497143425047
-2.2369821257566,0.723240764113143
1.11104471924048,0.0520902040880173
2.3876174693499,0.648227233672515
-2.25600053618801,0.284550555283204
2.40377281894388,0.362613503588364
2.48446157607314,0.444340076530352
1.82864930110993,0.840942325536162
-2.17069704612197,0.251961750211194
-1.74159904757637,0.141289378050715
2.48710869552354,0.550711078336462
-2.36044928063843,0.335284585598856
1.90755636628169,0.176814065314829
2.4571966828948,0.407873030751944
-2.45582518128375,0.593578347703442
-1.75667414090581,0.85575811797753
2.23320265776343,0.724749272689223
-1.9873900626427,0.196666471427307
2.25100222391329,0.717530594440177
1.95456477399854,0.811748394975439
1.83545184978264,0.160522960592061
1.83615901133648,0.160675961058587
2.46559900610876,0.582661125343293
2.33206855367664,0.319838265888393
-2.29792865390665,0.696928809629753
-1.74190480847341,0.858651231043041
2.10267923865414,0.770461828680709
-2.17452401364154,0.746693762717769
2.39640048887605,0.642445034580305
2.02867891254419,0.207804047269747
2.23154898070582,0.725405336823314
-1.11721982860086,0.947294974466786
1.50291523464974,0.100437949877232
1.74672512425344,0.857712249737233
-2.49973889647684,0.507226200774312
2.49873672967987,0.51589308748953
-2.49785299434433,0.479282453190535
-2.48417702495751,0.443834349047393
2.26424906958338,0.288039989536628
2.24643847220328,0.719409588724375
-1.45788099964187,0.906181387603283
2.40397234165494,0.63724678219296
-1.24057185685222,0.934095909586176
-1.4013064330666,0.0859304270707071
1.89509213618438,0.826105859829113
2.48814564108906,0.451366156339645
-1.25687256664844,0.932216212153435
-0.732834799170269,0.978035695618019
-2.42562493691091,0.378947339486331
-2.22322620740698,0.271328599890694
-1.19902131258898,0.93874128558673
2.21609408763033,0.731424025958404
2.36091758041716,0.664446730399504
2.47027243512863,0.57687759003602
-2.07936874180096,0.777577062137425
-2.37675744086184,0.344948515994474
-1.81553525857847,0.843734299996868
-1.9754903436397,0.193572984077036
-0.836912773188802,0.0288491956889629
2.26926706279358,0.709802478319034
2.49235970862021,0.539060508366674
-2.17387864695564,0.253078828100115
0.737760419312527,0.0222674570977688
2.40790824739842,0.634458599146456
-1.46819028175023,0.904693330638111
-2.41626652490472,0.628320860443637
2.39473227247253,0.643562856363133
-1.06662202842442,0.0477913115173578
2.11656726220838,0.233906555920839
-2.31816826438794,0.687199989100918
-2.19137636017192,0.259345089551061
-1.86817379583247,0.832260540453717
-1.87847898472626,0.82992827729322
2.46999928229085,0.422772143501788
-1.94966776513016,0.187027438543737
2.05770577239587,0.216038949554786
-2.1141932218305,0.233152701286599
-2.44530321336408,0.604017728241161
-2.49970682628527,0.492342891870067
2.15063871058907,0.754931609379128
2.05526632962779,0.215333155123517
-0.199443769402609,0.00159365241415799
-2.36485843032791,0.337834084406495
2.215047899456,0.731824313057587
-1.90091147529643,0.175251755164936
2.32204161239087,0.314730169717222
-1.95358747754927,0.811993331182748
-1.08067801765825,0.0491281768772751
2.40043717549554,0.360300126485527
1.37865388209315,0.917100154561922
2.49592285020257,0.528544089291245
-2.45397079629191,0.595504414755851
2.2865283103248,0.297832912066951
1.90782550693229,0.82312238146551
2.40862099886194,0.366053012898192
-2.42553491905883,0.378875212045386
2.40997182865479,0.632971543585882
-2.30903307261614,0.691662857076153
2.46696740178966,0.581011564237997
2.15508312601286,0.246574135497212
-2.1694331170598,0.2515198236797
2.20931604523162,0.734001932665706
-2.49577926307867,0.529041948961094
-1.9027385091801,0.175680024316534
-2.3751413529782,0.656038912246004
-1.70329703885314,0.86599339870736
-1.90806334788423,0.823066201293841
-1.64422138006219,0.123355018440634
-1.67938246330972,0.129612389951944
-1.59427080542189,0.114861032925546
1.91647931926478,0.821067408425733
-0.877819608942522,0.0318362365942448
2.48387160431749,0.443296612706035
-2.34621187404835,0.327339658048004
2.09292451471934,0.226528467610478
-2.34341025953325,0.674175584455952
1.28510052843011,0.928883043816313
1.42350195658337,0.911030031973496
-2.48538772068391,0.553980692056939
-1.77646822355022,0.14819547184743
-2.27339075756194,0.291990917176008
-1.62184169329058,0.88050647941418
2.46442507046469,0.584049764322117
1.90601409911898,0.176450297236443
2.14354778444918,0.757309377659112
0.867532213744346,0.968930180650204
2.49723454124026,0.523511398117989
-1.86345068114068,0.83331975992769
1.7886871967009,0.849319230066612
1.9868447384836,0.19652360980399
2.43043453661017,0.382869651541114
2.44035111085222,0.391429938608781
-2.09117860663381,0.774005257990211
2.18288019442645,0.743723946856335
-2.40339427065122,0.637651150347665
2.02307183047101,0.793746854877099
2.49968586669797,0.492073921952397
-2.37506976332922,0.656082493485883
2.26057218271855,0.286475911736488
2.25470249563094,0.715992282843217
2.05488647081771,0.784776515327394
1.99234351606556,0.197969053639099
-1.99733717629352,0.199291223660111
-2.49997399057423,0.502280758228153
-2.244724894062,0.720109986141324
-2.41715279826992,0.627651455113664
1.7208678909342,0.137309294193983
-2.46528296383392,0.41696268110536
-1.05220010040772,0.0464418472256511
-1.13843262282509,0.0548496360424906
1.08157693574778,0.950785595690832
-1.2715809074143,0.930491904495284
-1.23493249105193,0.934738622279838
2.21115688477352,0.733305399073288
1.7937264524712,0.151715896790847
-1.6124726856865,0.117904104292393
1.97993867744173,0.194723546039313
-2.39992753551304,0.359950319631025
0.820930264174142,0.972274221247062
2.14667020149726,0.756266037235036
-2.0535699428589,0.214843868045136
1.94273471638808,0.185307653620839
0.409659559520797,0.00675851572304964
-1.63769611131669,0.877780436072499
-2.34538022644681,0.673111708834767
1.11394346701324,0.0523782868403941
2.18962147676494,0.258707000641152
2.44104581326356,0.392056433716789
-2.31815295366606,0.687207572860643
-2.36981781060117,0.659243655391037
1.84128644143437,0.161789163947105
-2.39483483097969,0.356505591422319
-2.35775341882053,0.666252677096054
-2.47262165911643,0.57379488623701
-2.31440820510053,0.689051808789372
-2.26655607320461,0.710971426218748
1.45855401333557,0.906084729591385
-1.86532262387325,0.167099323589355
0.943042105531047,0.0369375166483223
1.32206988092901,0.92436452396214
1.59454811063914,0.885093044489622
-2.40592791392685,0.635869183111936
-2.43932028506754,0.609492748044431
-2.22178987577614,0.7292291210033
-2.438496541553,0.38977575278841
2.00308942499192,0.799174380954355
2.49164796429905,0.540836465079337
2.28296226724265,0.703772744629532
1.67512982426771,0.871157113462687
1.89942329423607,0.82509636413306
2.43488237829166,0.386624905047938
2.14676530361929,0.756234168773517
-1.67559710180671,0.128927265759557
1.48080561526453,0.0971494207624346
-2.49979162384518,0.506455501075834
2.4991301793228,0.486811600858346
-2.24908970629205,0.281679548090324
-2.29327015880379,0.300910876365378
2.48093585996405,0.438369728624821
-2.41094669413716,0.367737225489691
1.57848895997301,0.887730452930555
-0.374844928722047,0.0056522972881794
-2.40080781183072,0.639444878092036
-2.49314673796815,0.536996942013502
1.07632623018966,0.95128801651299
0.87868725212285,0.968098652549088
2.3955836518217,0.642993561690673
-2.43495822895229,0.386690084589645
-2.49601247629364,0.528228863375261
-2.30089277677436,0.304460497107357
-1.75560960349827,0.855968252522871
2.15757839996637,0.752575172809884
1.63497710349323,0.878251232439652
2.32685049927337,0.682840559398755
1.01937158462723,0.956547109177336
-1.86267343838097,0.166506512090564
-0.600637249045291,0.985354917356744
2.49846087472981,0.517542243236676
2.25235425274653,0.716970073524863
2.36486842879867,0.337839916814119
0.237931072430643,0.997730401111767
-1.66223789139246,0.126531651010737
2.2506276677572,0.717685562325642
2.28564022625453,0.702568384120241
-2.47588734806919,0.569276789668947
-1.80700605155794,0.845527372555807
-2.24503783592768,0.719982282491401
1.57059419269346,0.889010739279911
-2.14718474639411,0.756093550473452
-2.47185683752379,0.57481277291663
2.03816729512277,0.789542679209262
1.26993013122947,0.0693132246378809
2.49922834782253,0.487577978521585
2.49775430431414,0.521188143175095
-2.38854636475122,0.352372595574707
2.18629469105577,0.257503358880058
2.49999353728709,0.498863100307062
-2.20895059110046,0.734139897162095
2.48569637829295,0.553409180836752
1.95959400612998,0.810482935514301
-2.49303925151547,0.537285541649908
-2.43574964476226,0.38737253122963
2.12511261241239,0.236645001219586
-1.09544465777049,0.0505558543372899
2.46028750003938,0.588766078464687
-2.49923418313217,0.512374971294776
2.44819442434099,0.601260863244534
1.6873552239767,0.868935351958498
2.49411344389326,0.465708234813064
1.85103077693663,0.836076483130455
-1.73167051649059,0.139371813507751
2.17193759913179,0.747603478608653
-1.58809346119705,0.1138415269088
-2.47294696729163,0.573357561836019
2.4701697349676,0.577009474858642
1.81647567010408,0.843535508494824
1.51450021735498,0.897808450972661
0.724136174030628,0.0214343597181141
-2.42484551721492,0.621675670146942
1.84342485313909,0.837744566844776
1.59992628355768,0.11580026615411
2.46474318223353,0.416324186138809
1.60033374349362,0.88413184764795
2.44077859231738,0.391814998583868
-1.36120484334056,0.0806137162726372
1.38533017887861,0.0837856179568917
2.47818067730949,0.565915257902816
1.45260533332784,0.0930632606614381
-1.42239910947609,0.911182722076774
-1.24926556198899,0.0669025257229805
2.25794132705085,0.714634662959725
1.59416041241107,0.885157244745642
2.24712716189126,0.28087268373929
-1.77148559752303,0.85280809388496
-1.79319125864724,0.151605676859617
-2.0686986438655,0.219252004753798
-1.994940208535,0.198655442101881
-1.87182374973939,0.168562171747908
1.87585637641292,0.16947539546527
1.65958236180984,0.873940443620086
1.89819951732301,0.174617849756032
-1.9972775131728,0.800724627217278
-2.10861641481834,0.768606538651511
-0.677839531244529,0.0187294494826347
2.18899844909763,0.258480991236866
1.13318963193226,0.945685147074983
2.0323689288686,0.208831558236852
-2.28459805143248,0.296961900778115
1.71964892211493,0.862921897089109
-1.91334824988972,0.821813515853137
-1.45803806417856,0.0938411639072001
-2.27000551421968,0.290517307119444
-1.66799007202059,0.872441089013591
1.64215289002156,0.122994223609567
-0.462425088139898,0.00862791948020458
-2.22143618011383,0.27063380391337
-2.48924869320699,0.546321029076353
2.46487138265583,0.416475376812741
2.49956720136403,0.490696654655039
0.938061634227768,0.0365330488421023
-2.43937534480488,0.390556329162791
-2.07105842147531,0.21994878933765
2.47459565616901,0.57109889970161
-2.33461813022016,0.678836035076529
-1.49237695885366,0.0988610708154738
-2.18878759324249,0.258404563646764
-1.62162143469699,0.119455972453579
-2.12602600290031,0.236940049799159
2.33738998948933,0.67738185217604
2.48943186221522,0.454074406530708
-2.48747389891076,0.450010560220107
2.44419773696132,0.605051877209917
1.59147143646444,0.114398201927543
-0.970658084181657,0.960774256382138
-0.701027131163272,0.0200599636882544
1.640672509215,0.877263500355184
-1.53717751905615,0.894313848344609
-1.44555072191363,0.9079403441865
2.28006667512926,0.294934551231563
-1.68261921575177,0.130200455663726
-2.37808011846672,0.654238121118397
-0.943293768611423,0.0369580206461251
2.48490285372214,0.445133686996996
1.42257608263147,0.911158231785521
-2.38870536598211,0.352475537685677
-1.52074397520543,0.896854520542547
2.30639458023575,0.307070578681305
2.13231712902784,0.238984777359292
-2.48030390655569,0.562639454379678
2.23918516181125,0.722355554113165
0.862355948274755,0.0306880688294768
2.23678092759096,0.723321390105411
2.30890968821925,0.691722304560244
-2.49891533308343,0.485272939084098
1.47199217132014,0.904140522470698
-1.58357007232886,0.886900805169716
2.31721938393012,0.687669318402186
-2.25524348965915,0.715766244102269
2.4851626414561,0.554393619298935
-1.10825539452072,0.948186121182516
-1.71518180505845,0.863766484195367
2.1913701762125,0.259342837147415
1.90545398555626,0.176318359561265
2.09941868573437,0.771473105996847
2.41164334450532,0.368246232857928
2.4654090796155,0.582887410419062
2.48512859815702,0.445544201182202
-1.79999748907659,0.846987552475184
-2.383185960659,0.651052928064018
1.19500486036983,0.939179388573393
-2.41324208969658,0.630577581003308
2.19031096833023,0.258957442594692
2.49987980895451,0.504902818705887
-1.719525531776,0.862945282133296
0.9437268113805,0.0369933173060417
-1.43135419896748,0.0900621921755373
-1.63022009055478,0.87907162681222
-2.3622829147104,0.663660554913804
1.59706410011414,0.115324226906523
-0.859855299833625,0.0305045745335519
-0.823316832759895,0.972108012763783
-2.32829062663382,0.317894233157858
2.09156123672643,0.226111585274339
-2.41865397803493,0.373491038335487
-2.38027236373954,0.347120508318767
-2.17461262848009,0.253337484318763
2.48118130805685,0.561233754269779
2.36696208870311,0.660933585138991
2.3232653216221,0.315344835398719
0.642279494816925,0.983217427274212
-1.83846965687912,0.161176782334223
0.250274243729157,0.0025117970071733
-2.45254007478681,0.59696332947351
-2.11548556349064,0.233562703011557
0.014229734712221,0.999991900520399
2.33647682012855,0.322137573501095
1.75146125137469,0.856784724164754
0.170821071755886,0.998831440927461
-0.316020512001066,0.995989154558629
-2.16742859403527,0.250821085181087
2.48334339198876,0.442378615960479
-2.40090028277049,0.639381179818884
-0.789456852458343,0.0255842381156981
2.31354754626809,0.689472715836018
-1.81978642147659,0.157166082179174
-2.49935256539429,0.488621504744515
2.0657845032256,0.781604998977855
2.2165656573585,0.731243307935074
-2.35297208448864,0.331059493357316
-2.48674080653381,0.551427681697533
2.49953344009067,0.490340637974441
2.49211554391173,0.539678768021986
-0.675347425825474,0.0185893289744854
0.664946592107529,0.981989461695775
2.46751562091318,0.419659061357379
-2.49948749969717,0.510123712476343
2.32048937645526,0.686046129092574
-0.942534935060343,0.0368962148204446
2.06057021914219,0.783128972165287
1.89793867994025,0.825443006819114
-2.49120023282994,0.458085133926943
2.37712754562191,0.654824369121343
2.49385527344219,0.535034768516198
-1.46323865789715,0.0945899542421103
-1.81200876391919,0.844477821607143
2.47695141089422,0.567738233832642
1.84035302883717,0.8384139908012
2.35715830907113,0.666589880362153
1.8719237273838,0.831415241584182
2.49935894801315,0.511322277132422
2.37214037662722,0.34214563248679
1.98567310839802,0.803782969014719
-2.44187079226512,0.392805404262617
1.58645071224417,0.88642847398296
2.37295047744247,0.657366582425311
-1.93263206444243,0.817170824855566
-2.28473552690977,0.297023787396029
1.78571687122156,0.15007342165336
-1.81018282931693,0.155138397356495
2.42581858274914,0.620897345477715
2.13369037167403,0.760565953096375
-1.44686365850962,0.0922458802815527
-1.55195083725312,0.891992275370285
-1.97451710041921,0.80667782574892
-2.41771510083754,0.372775208204985
2.3013274048763,0.695334807503968
2.23389662014831,0.275526759680361
2.44335415687606,0.394166080281138
-0.81028769900918,0.0269911694340408
-1.18066804289694,0.940727715147659
1.09678699538637,0.949313177494332
-2.35017775293471,0.670489240670577
-0.652893711968269,0.982648103730753
-1.48759477390275,0.0981511832214892
2.38399430369402,0.349458157317713
-1.10536612299704,0.0515285634901375
1.61964578434791,0.880880429176614
1.21507586719222,0.936970966402441
-2.1282200879944,0.237650671275333
-2.49856138555436,0.483040044084191
-2.137259264098,0.759393356740475
-2.49510496101907,0.53127378039062
-2.49095357697541,0.542497189249843
2.02390465705434,0.206482713343576
2.46548411972823,0.417201919015497
2.0028061242425,0.799250238342211
2.30458845228759,0.693790821824223
2.42149205827615,0.375681664794683
2.498381694203,0.517987673636526
2.48223453042555,0.559501843992621
2.13133212349507,0.761336823226884
-2.46867321504905,0.578905654372647
2.4897254835746,0.545284441672266
2.32589606166639,0.683325667632744
-2.49987525763243,0.504994782386348
2.3241271247472,0.684220857452601
2.43910173224977,0.609687326475978
1.81727999200936,0.84336531162262
-1.41831117412934,0.0882528244983405
-0.656771691443815,0.982437599916011
2.47191495989044,0.425264083314687
1.688672763813,0.868694144068286
-2.01958947398877,0.794703807681799
2.46787227246029,0.579901551129296
2.3592836233259,0.665382076986134
2.44444900809813,0.604817755520344
2.21334563523379,0.267526251031086
2.34596015791315,0.672797099221498
-2.46665994723817,0.581385184079409
2.4058360697954,0.364065779838711
-1.63785688315057,0.877752555534244
-2.49872884516154,0.515942594967782
0.134595006910044,0.999274841509759
1.538523915886,0.89410375081934
1.98089115875089,0.805029193172231
-2.49211931585987,0.539669290650636
0.960083368178869,0.961659611668438
2.49694818047035,0.475301996804774
-1.3563629737446,0.0799866914749146
2.10646170078457,0.230718058301136
-2.38299656599375,0.348827599547803
1.82868935790729,0.159066268475726
2.47939336310065,0.435934860957786
-2.49911271138949,0.486679856199771
1.08763600552483,0.0497979156207293
-2.24238536465572,0.27893820987083
-2.45042649306618,0.400922252330929
-1.31374721065521,0.0746028553694487
2.41029230322873,0.367261006031185
-0.875185766343191,0.968360966537148
-2.47100613974731,0.424071439541876
2.40008623457792,0.360059145838022
2.09922109187799,0.771534219384193
-2.05571371695228,0.784537597792223
-1.43668790409532,0.0908091953024268
-0.864931479057245,0.96912230970338
-2.14008878409207,0.241541492985561
0.692453746134841,0.980437625898048
-2.49548307440807,0.469957213615999
1.51206138776759,0.89817937463522
2.14176771162195,0.757901614531875
-2.41489375793799,0.370649601798505
-2.01314724973341,0.203538322821259
2.1787966365436,0.745181175181642
-2.33908168326576,0.323512393748388
2.06729267865934,0.218838055152446
-2.41477065168003,0.370557704009116
1.12711764022692,0.0536993916612118
2.33348086159701,0.320571232121438
-2.41130274533813,0.367997110588476
1.97668550638047,0.806118565844372
-1.81915653212509,0.15703239152208
2.3590198141182,0.334467463428155
-2.36877539192854,0.3401371659711
-1.36255165774932,0.0807886938564479
2.4373070958399,0.611271581379697
1.49776098981311,0.900335460202768
2.0589746662687,0.216407099971548
2.42342811466476,0.377199971815571
-1.84796081488821,0.836751589551568
-2.12794343202904,0.237560921348631
2.16046244741673,0.248412876855582
-1.88118138689428,0.170688197016716
2.48915917724917,0.546513047767803
2.35130808392873,0.330135313328356
1.34523749640291,0.921442099381238
-1.64646805981478,0.876252198824659
-2.02096639126465,0.794325999217108
-1.84411731348684,0.162406674586236
-2.45519426595475,0.405761766480282
-2.33568695216893,0.321723084896803
0.451252827040735,0.00821261154487729
-2.33754587400946,0.322700334247202
1.26030056410141,0.931816742988303
1.29457166348043,0.927742175059393
-1.23573966124381,0.0653531323187053
-2.44713387497025,0.602281141560525
-1.90505120327965,0.176223539281636
1.84355153114716,0.162283091805875
-2.00424438631955,0.201135185081512
2.35529983780129,0.332361976383254
-2.4992738145802,0.487949440255761
-2.34390225856106,0.326089425012469
2.20212092797479,0.263300746213645
2.37081087724194,0.658651288598776
2.11462731413132,0.233290320960805
1.10166314658501,0.948835752205923
1.48675396613712,0.0980267350096256
-2.20850899289555,0.265693531604484
-2.46568975500658,0.582552778767422
-0.546506532288613,0.0120930166449398
-2.10960367082352,0.231703719589859
-2.45020745826994,0.599294191459194
-2.41097017838794,0.367754349950701
-1.81831490014079,0.843146086903289
-2.46898003416705,0.42147927894257
-2.40107933575006,0.360742249991745
0.4155383416103,0.00695526017807424
2.38093181718283,0.347531815525144
1.45541807571016,0.906534536043182
2.32280261156222,0.684887860901654
2.39110547483184,0.645960900001228
2.30815662413751,0.30791533133015
-0.447048490399248,0.991940957726911
2.30373653092282,0.694195571122691
2.38600041025639,0.350734861101955
-1.77095316817965,0.14708500308916
-1.26049825706769,0.068206338910386
2.49519927126777,0.530971339438111
2.4999281254412,0.496208601165563
-1.0654890676772,0.0476844885852188
-0.948132697242707,0.037353509105742
-2.07723493734041,0.221784614725038
-2.44758254652815,0.39814919186756
1.82785924184639,0.841111746616662
-1.8535303277059,0.164475018857047
2.33346637406819,0.320563695859164
-2.25268321181209,0.716833424288779
-2.26697031954101,0.289206682238728
2.42690186417547,0.620024554431438
-1.75693587833119,0.855706413742155
1.80704660126565,0.154481110163033
-2.22607579399058,0.727559799561277
2.38971417866844,0.646869485499337
-1.17992663099138,0.940807129954919
1.11239545034898,0.0522243257146329
1.53733551368939,0.894289209507406
1.97826855030189,0.194290756247938
2.29125514214848,0.700014986796305
1.59948876538039,0.115727404598147
2.47943796245797,0.436003940645605
2.4173441721443,0.627506416058168
2.47091905522014,0.423958163475618
1.1441712415736,0.0554385455325246
2.45675604512686,0.407404161058366
1.66391166284618,0.873170094098896
2.25901993832212,0.285819803131744
2.08206948129368,0.776766087161377
-2.11951299027059,0.76515389373526
-1.76123900686387,0.145145823713392
-2.2237481214533,0.728468316607177
-2.48850303618417,0.547896821983159
-1.70853579988878,0.134984634816647
-1.09783912431422,0.949210385326296
2.45956873854242,0.410440718987957
2.25397543367628,0.71629560738802
1.43210170623636,0.909833366284147
2.47088629236462,0.576084408443421
2.02099368290566,0.205681496765465
-2.36598543828636,0.338492983952165
1.89640279265697,0.825800948310643
1.00758049509739,0.042407100321725
-2.00703691357348,0.798114261822775
-2.38272877708808,0.651341147720814
-1.79348024636501,0.151665183715522
-0.578687103401769,0.986420445144176
-2.37688111401251,0.654975632904097
2.15589569555784,0.753149264259264
2.49882267611395,0.484656945103779
-1.54246948153149,0.106513639446348
1.97008353138777,0.807816236047074
-0.13751354452505,0.000756972003728151
2.34707418907878,0.327809088397771
-0.614058870925045,0.984682646812871
1.34568082767344,0.921385481953621
-2.05328421531681,0.785238421754912
-1.04759364415465,0.953984473599121
2.36864145121057,0.659942199010402
-2.34438563971099,0.326350240735337
2.4611501583693,0.41219569533132
1.82028269961596,0.157271483913064
-1.85901985925205,0.165692048380151
1.94978763543508,0.187057310249656
-1.60751726881447,0.117069811560214
1.02657031517982,0.95590145373717
-2.29204089106024,0.300345442956313
2.49041019704656,0.543752508703619
-2.47551174564437,0.430188368540257
-2.48443330236772,0.444289618171751
-2.47223542084602,0.574310705531389
-2.49079876653226,0.542858606902882
-2.49846308690166,0.482470364077017
2.38962876950588,0.646925061708316
2.43715565741423,0.611404183320701
1.9158522605594,0.821217067772523
-2.33007314254267,0.318808482494205
-2.08802408410725,0.225034153088927
-1.31880737085532,0.0752296093851328
2.38368717956334,0.349263749551028
-1.84371626090259,0.162319064838812
1.71027293981415,0.86468981183134
-0.744704461733243,0.0226986166089773
2.40792567062443,0.634446117794141
-2.47682970044237,0.43208398274146
1.34015527559494,0.0779107280541211
1.10000639616591,0.94899825961329
-0.701833533849233,0.979892891831696
-1.30262719549804,0.0732371904887259
-2.11673332610914,0.233959399629384
1.72239242608313,0.13759887800552
2.49399359626359,0.534638673067093
-2.48286337765141,0.441557054175064
2.36769564594626,0.339498619548976
-2.45778792457577,0.408506061881781
2.25203080244782,0.282895668875426
2.10934984734224,0.768376095918939
1.68668603979285,0.869057730073109
2.47331927565026,0.427146239439026
-1.92169113680612,0.180181102827191
-2.36754383451023,0.660590932704508
-2.19575295024641,0.739053883589804
1.97913069945338,0.805485952179879
1.85061304454777,0.163831508951262
2.36334164246553,0.663048002868891
2.26550519538393,0.711422440595925
-0.966426490470059,0.0388700903858989
2.45197225830842,0.597536053741351
-2.30950859464559,0.691433544736356
2.45609694280893,0.406707383459434
2.05926977017123,0.783507179003209
-2.38389309497012,0.349394062301144
-2.49807942925276,0.480404934147373
0.838098292097764,0.971066502854228
-2.48993382872247,0.544823890319094
-2.03803198603295,0.789580774493515
2.35129309158238,0.669872987549752
1.77825412620493,0.148556561442092
-2.43394098987446,0.385819220915437
0.0596347397794096,0.000142272328957915
2.21014250137359,0.266310451785102
-2.46203066197416,0.58681129408069
-2.4921114786818,0.539688979741186
-2.47580323331102,0.430603069253266
1.90366159429956,0.175896773580462
-2.13536897328938,0.760015334002674
-1.08935183550201,0.0499638868495822
-1.91626541904931,0.82111847307533
1.857163008816,0.165279486216605
2.45366746627496,0.59581564902328
2.08652528283228,0.775420568883419
1.9199563840675,0.179764618864283
1.32007194737577,0.924613238312304
-2.40877095384575,0.366160918725654
1.99837225403167,0.800433575641364
1.81805205410859,0.843201790703461
-1.47812097409333,0.903244758723304
1.71702738178849,0.863418049644679
0.510282229486831,0.989473678404465
-2.48642044416713,0.447956412564963
-1.98681902582147,0.196516876341775
1.22530838791501,0.06417345860973
-1.38110051679933,0.0832237356808037
-2.33007676315131,0.681189655093476
0.497657404811393,0.0100066487211734
2.42133368766203,0.624441660707816
-2.31834773410047,0.687111066887155
2.48403577665334,0.556414983933792
-2.47569006750191,0.430441768374294
-2.49045758378745,0.543644483434036
-1.75323147752005,0.856436776230112
-1.68064413743602,0.129841370042413
-1.33091409506151,0.923257258487865
-1.12738621154525,0.0537265264429152
-2.10319437355386,0.2296984330751
0.3538968910169,0.994964927667752
1.26289330523852,0.0684863617643714
-1.73402948924619,0.860174498287961
-2.46065655380732,0.411644055275247
2.36286774121662,0.663322507636622
2.49243216101466,0.538875145139173
-2.49892498683184,0.514661391731352
2.11193039505969,0.232436922844499
2.49578789439304,0.47098773624748
-1.67825522692671,0.129408073844388
-0.427006151219815,0.00734735373407602
2.28533138813978,0.297292284667492
0.458382943783717,0.991523552918807
-2.13818788894059,0.759087054990232
1.88437930840474,0.828579647699371
-1.3541088021329,0.0796958552673459
-2.15846332618162,0.2477274434641
2.41047111437082,0.367390949511901
-2.37457710531578,0.656382041284814
-2.37987236884628,0.346871621441096
2.47146771518637,0.424674749840051
-2.49530664249927,0.530623363563791
2.43946802013526,0.609361012931913
-1.41188480188405,0.912629679311067
-2.22312510853127,0.728710712632164
-2.168170555059,0.251079414738342
-2.49882241648307,0.515344746178016
0.956478130586413,0.961958854692057
0.112750095187913,0.000508762197569013
1.42890402905716,0.0897204233333468
-1.56680434323271,0.110378432320431
2.46651945981495,0.581555319717154
-2.30404019400011,0.305948585737497
1.0196526771788,0.0434779997449368
-2.3921338923342,0.354714702581987
2.45134495480089,0.401835258351639
-2.37188713030642,0.658006511395797
-0.802193209984423,0.973560389131308
1.78425122925092,0.850225501693785
0.404532374753462,0.993410723749548
-1.93877952938262,0.815666528884321
-1.79073389420386,0.151100466027856
-2.4997462801695,0.507123299175873
-0.120550735000904,0.999418362509459
2.30400013925007,0.30592956347391
2.4273847378606,0.380366671131924
-2.10403705450912,0.770039113704115
0.816363331638594,0.0274092294275761
-2.23332074570114,0.275297668296844
-2.47661865425328,0.43177682464011
1.31049311136284,0.0742015591822565
-1.90516785053556,0.823749005328864
2.4017164632063,0.361182417487726
1.89819040759832,0.174615724012256
1.20365130311564,0.938233889173716
2.44470206518078,0.395418584346771
2.35009000575811,0.32946238364093
-0.868266041749811,0.0311241494491696
2.47255066740296,0.573889971477911
-0.58560300286223,0.0139107438735664
-2.49836946194357,0.481944494880736
-2.47974168512598,0.563523594057187
2.43846906982523,0.610248554730788
1.91547691831661,0.821306593483314
1.91419143606355,0.17838711803779
1.48770448219979,0.901832570787519
2.15545403973187,0.246700344840065
1.29480877843429,0.927713466109708
2.1782676194423,0.254630875773728
-2.47901762898379,0.435355867957696
-2.49854886571558,0.517033573472872
-2.37262271060949,0.34243585774675
1.55530947379253,0.891459445701912
-1.62392796791612,0.119849611073732
-2.1495616013253,0.244705274468288
-2.2085408346945,0.265705537283793
1.80755995960786,0.845411464339122
2.4606042616286,0.588414177065715
1.23218231282582,0.935050652129576
2.16481497550712,0.249913925072178
2.46258924061959,0.413824775721878
-1.05020777616013,0.953742818208411
0.450636756096967,0.991809984203428
-2.2974976146545,0.697129877051339
2.12586268649773,0.236887260805815
1.5511052485159,0.107873871922493
-2.41298306755668,0.369231086922809
0.488103472260965,0.00962239038199186
2.27262725019239,0.291657456895337
-2.28731978401336,0.701808642596006
-2.33206711560382,0.319837521295995
1.67239557697197,0.128350001526996
2.00596108124428,0.201596237253398
2.17601260646359,0.746168165002018
2.42552567940672,0.621132188709453
2.45620497520339,0.406821221346036
0.506054144110646,0.989649229682982
-0.583636422063934,0.0138161447830498
-1.70546145518831,0.865590001223609
-1.59202134578587,0.114489012630656
-2.4985608048068,0.516963377827778
-2.46057699582721,0.41155547555536
2.05625117582136,0.784382214769721
2.1127028947621,0.232680978719145
-2.12289725041333,0.764068723190576
2.33741803278803,0.677367070224136
-2.3799306386339,0.653092149412259
1.9070301575059,0.823310128413141
-1.47610858346762,0.903539512306452
2.32028670623796,0.686147210653871
-2.45719418885296,0.592129630036652
2.48976541326448,0.454803457250819
1.91253306330326,0.822007284499705
1.92348204521547,0.819387966068462
-2.27089753180478,0.709095614496619
2.26110861671084,0.286703228019178
-1.85952992613566,0.165805538417771
-1.59523328517476,0.884979519760236
1.93978592319447,0.815419122576714
1.71092225393226,0.13543203426525
2.21823746345616,0.730601175688207
2.36676853476656,0.338952590478584
1.16639499303162,0.0577546961139888
-2.00212714294003,0.799431922379881
2.49999963107049,0.500271635595709
2.4860146839004,0.447186747333035
-2.29191701486821,0.699711431516334
-0.661105185449079,0.982200785307214
2.28539044448242,0.297318918863311
-2.32466821122156,0.683947569457814
2.49174765348573,0.540592428529635
1.75274533405739,0.856532399309799
1.56117645471127,0.109475835459307
0.911565002313917,0.965577028924599
1.9523819749532,0.812295028707013
-2.49051036596494,0.543523840373382
-2.48355254332901,0.557259676745161
-2.00100731793969,0.799731193808839
-2.3118180080539,0.309684735490009
0.590154672987363,0.98586901370436
0.827154409739309,0.971839616075158
-2.35915845124176,0.665453486144543
2.380814726253,0.347458695527166
1.49966076387416,0.900050876429304
2.41374429804801,0.630205754656345
1.54404627515841,0.893238914664835
2.43270147303739,0.615232554962859
1.86791437013572,0.832318877335638
2.12658274240279,0.762879884336144
2.49910548373865,0.486625724472106
-2.46564865590191,0.582601865753531
-2.30763826838588,0.692333629122004
1.63755111826059,0.122194423805922
-2.2507891300814,0.717618776019663
-2.49568365814985,0.470631255768239
-0.659808158654555,0.982271840097383
-2.15167749409989,0.754580750362948
2.49995213672919,0.503093955805525
2.43347853375889,0.614574382081628
-1.64224551332094,0.876989637734368
-1.64195812595868,0.122960293199867
-2.17712333011554,0.254224980482832
-2.43651269141085,0.388034665258601
-1.91953180918419,0.179662825539708
1.15584397809982,0.0566480089910328
-2.24096157814997,0.278361446922645
-2.42023846912838,0.374709018273279
-2.36370050683319,0.337160211987793
2.49620844693359,0.527526997262612
-2.49999901260867,0.499555614776909
-2.23250243525172,0.725027365144342
2.22295621830998,0.728776366915554
-2.49384411890826,0.464933485724032
1.54520454193805,0.893056887667626
-2.2687282543588,0.710035435855389
-2.43395577456398,0.614168172003701
-2.17317668022741,0.747168211266398
2.26030110468144,0.713638846296817
1.49401521693437,0.0991050745360553
-1.8295782835396,0.159257087856531
-2.18266563337349,0.743800798431039
-2.33950316138544,0.676264001755044
2.44881261844477,0.399338833754882
2.34539473506479,0.326896154088899
-0.651800843359653,0.0172928150277585
-2.2131737540982,0.732539195334539
2.07311295469497,0.220557506661862
-2.38517194643891,0.649793829768896
0.587851790346131,0.0140193307306617
1.70904167562736,0.864920624298975
-2.39722606801104,0.358111708890647
1.15665553333341,0.943267322378233
2.48165659590567,0.560458428692073
2.46901683119703,0.578474425710738
2.18063775108274,0.255474418634549
1.73465475086159,0.860054045682773
2.3615903450305,0.664059872273356
2.16895312287541,0.748647730797529
0.739967241122422,0.977596000069752
-2.30179961630035,0.304887875681743
1.94435815896886,0.185708966106176
0.748232530531046,0.977080625481904
-1.00362981154505,0.0420599514618516
-2.4649199786429,0.416532761184499
2.3471124107916,0.327829929301515
-2.49875188443493,0.515797493513674
-0.375469122764048,0.00567124551162124
-2.44763946571941,0.398203920340165
0.550244204142829,0.0122610814869404
1.33714138397071,0.0775285609997809
-2.02954488130658,0.791955309920013
1.65065467583247,0.124482269864529
-2.01177310745753,0.796834564302117
2.12226698149043,0.235728710656986
-1.77749397879081,0.851597221568227
-2.44495974006971,0.395659812260419
1.86431068133378,0.833127344027162
-2.43573730315308,0.387361855478957
2.34908897489483,0.328911603195593
2.23959495601443,0.722190407803282
-2.40447804877082,0.363108026096597
2.09116134062563,0.225989471189678
-2.49999925598066,0.499614248983562
-1.97100242866003,0.807580846361816
-1.91285130157838,0.178068336565048
-2.16493803891118,0.249956540763378
-2.47470587994106,0.429054723121226
0.794501303894413,0.974078798433766
-1.51577461470453,0.102385748876259
-2.48562967829943,0.553533205529675
1.86470428471999,0.833039212739095
-2.33181183587406,0.319705400848761
-2.39619610732145,0.357417502440512
-1.53580811037147,0.105472766561434
-2.48740412977269,0.550128113944083
2.49905516524117,0.486254773801193
-2.29922308819464,0.303676472045481
-2.03542908357501,0.790312138618901
1.4336136182396,0.0903781258966774
2.19181977679671,0.740493331803009
1.39972281524063,0.0857162305619568
2.49775847974864,0.478831554763019
2.26004998737732,0.713745086919516
-0.726769442458041,0.0215940561611205
2.00258939828024,0.20069175073877
-1.7499615736078,0.857078954344615
2.17192997726305,0.747606152901426
-2.36753186079527,0.339402006473392
2.49510896091296,0.468738987110555
-1.84736299832045,0.836882766103372
-1.91210624294096,0.177891340339556
-2.03797377564973,0.210402839118615
-2.45278163371671,0.596718613989651
-1.8110679236677,0.844675672240555
0.974785182993129,0.960425622528419
1.97336276228377,0.193025120999664
-2.33337019163072,0.679486328037456
2.30105504208002,0.30453688907437
2.48371152823383,0.556983171030879
2.47841866803515,0.434443640755489
0.698089867064997,0.980111259501427
-1.53436418955417,0.894751898478717
2.49163058171842,0.459121132967994
2.4952509261143,0.469195574522018
-1.07155092769467,0.0482576570939273
2.46832253925332,0.4206567350775
-2.17842609844539,0.745312839746475
-2.46757723674551,0.580265205586329
1.65419821526699,0.125106507679448
-1.79453822839742,0.15188320656307
-2.37707402471541,0.34514276497066
0.913372818610858,0.96543528418988
-2.44994017104976,0.400442346697673
0.556660733845805,0.0125524098984897
2.44010214760849,0.608793659601361
2.35302222022414,0.668912572786212
-2.37646868112663,0.344771573785692
-1.34705978826263,0.078790791798383
2.35322837011715,0.668797658523545
-2.46565660682906,0.582592371851206
2.30225718765631,0.305103941354901
-0.376708417518746,0.00570896151475608
1.97393288284083,0.806828223867342
1.87418655482542,0.169096705503762
1.88710659799785,0.172047034604475
1.28265111997487,0.929176239063963
-2.1451135574657,0.756786901969463
2.38526635285068,0.350266312947497
2.48834781051152,0.548218325944617
-2.49510729473291,0.468733668094501
2.12287041074559,0.235922646243125
-2.47571627237675,0.569520914461464
0.342581104234476,0.00471671996638179
-2.49801152251762,0.480061661684886
-1.57507032789409,0.888286155415699
1.29319019279322,0.0720907046925277
-1.07594747551673,0.048675857950002
2.25385399172005,0.28365377895534
0.828473713794103,0.971747021423653
-2.14682613599583,0.756213781191036
-2.23833027530268,0.722699580481276
1.76379120028963,0.854346756823361
-2.30555497794487,0.306669584009796
2.36850780256152,0.660021347226575
-0.657865820885477,0.982377966400236
2.49999648630228,0.499161704676226
2.2500191884861,0.282062976853922
-2.45871184099047,0.590495543088764
-2.48472544447107,0.555186761310324
-2.39100602425612,0.646026051370427
2.42914926663355,0.381807979894802
-2.47387398940681,0.427903541130945
2.49746369547372,0.522516740253195
2.49624223546634,0.472595838364214
2.49931155850372,0.488266742089763
1.80355880089122,0.153752940706909
2.49027586656364,0.455942715285346
-2.21086816012925,0.733414822025225
2.31951223559272,0.313467108644545
0.771256361930023,0.0243882413487881
2.48473470762979,0.444829923799261
2.49393723595876,0.465199389029294
-2.46495022454151,0.583431502571329
-2.00294592821896,0.799212807789445
1.85360667326475,0.835508110234514
-2.37124928904907,0.341611009323969
2.01841549787524,0.204974653432146
1.86038744608963,0.834003505995497
2.04313797853468,0.788137966999784
2.45819147066455,0.408940745983273
1.85652243082891,0.165137373609468
-2.47051209555674,0.576568919466808
-2.49670565401488,0.525659990031272
-2.24990257088466,0.282014824217185
1.70914958892515,0.135099592618644
-2.34941828124572,0.670907429885119
1.80547595097683,0.154152831993997
2.44955789006553,0.400066793663427
2.49056451737446,0.456600283505395
1.10353923969714,0.948651363374665
0.425329076250087,0.00728932721540332
1.25436687723128,0.932507282588631
-2.23978298756092,0.722114580217749
2.1158353959199,0.766326159238815
-2.45518213319899,0.405749123543501
1.38572701320282,0.0838384618982673
-2.45690563385363,0.407563057960942
-2.41048804847398,0.63259673723951
2.03065383225064,0.208353294990957
-1.16255866586767,0.0573508229572326
2.1401856386595,0.758426425280049
-2.43907523291924,0.39028910570778
-1.78385693401797,0.850305834319443
-1.47344983487198,0.903927992796525
-0.174336249461789,0.00121720670722425
2.49490930788417,0.531892033759505
2.00405155491409,0.201083465479314
2.47120523725726,0.575668930308893
-2.25406620460176,0.716257767053321
-2.4950582902807,0.468577633379027
-1.81896819723887,0.843007562449202
2.29599573724261,0.302171430317685
-1.93048199698297,0.182305854046717
-1.88558727286932,0.828302338486537
2.43247190689893,0.384573759976774
-2.36822196445883,0.339809522498399
-2.46573405362002,0.417500163195655
2.45312042922761,0.596374303568155
2.04664642366866,0.787140273489058
2.49590854237378,0.471405911026523
-1.93278365033848,0.182866125367582
1.80110985826429,0.153243412263691
-2.30287854898826,0.6946021982003
2.48301201115374,0.558189810952172
1.23976440610114,0.0658118280116469
-2.26204195526543,0.28709944174625
-1.75765646616579,0.855563988443464
-1.88190753362762,0.829145805677399
0.870830932748288,0.968685544328764
0.680978693148321,0.981093255802989
-2.49561480913594,0.529601840768009
-2.07345818340943,0.779340019449592
-2.4990641359431,0.486320168944076
-1.84614470960353,0.837149801198393
2.10152426652199,0.22917933925055
1.91579451976039,0.178769157268107
2.21372779542244,0.732328151352704
2.48930430243309,0.453798662405461
2.18522131677661,0.742883329745382
2.4803405699461,0.43741864268668
-2.49370666641216,0.535455358913168
2.3242093218603,0.315820627845824
-2.0049026768053,0.20131185115315
1.44534544671501,0.0920305629260838
-2.28293647173739,0.296215695794672
2.33259450961341,0.320110828150064
2.46821442876364,0.420522321714088
1.58378542393504,0.886865544132888
1.93870818832753,0.184315945254639
2.0679928045095,0.219044077442959
2.10738851340238,0.231008278671652
2.49851258816429,0.482754888478667
2.46491971787505,0.583467546850443
2.49237539281329,0.539020456839353
-2.46656035840554,0.581505827605724
2.45842975194795,0.409198424080387
-2.14231526997558,0.242280362872407
-0.762651307528996,0.0238335172180086
-1.92836564019438,0.818207853939384
-2.45846961202348,0.409241602756083
1.71694820162363,0.136566987028345
-2.47390812466233,0.572049591457471
-2.49059512777235,0.54332939395681
-2.17638619869496,0.253963977098465
2.35823061280171,0.665981731144711
-2.48127876383095,0.438924408750609
-1.6475083195559,0.876070011407137
2.05582058855094,0.215493289520964
2.02854324431112,0.79223362612538
-1.87068523049685,0.16830515419133
-1.58456262335363,0.886738221161067
-1.79270338359578,0.84849473903887
-1.57185001303454,0.111192204989493
2.15109467501915,0.245222316589206
-1.46070922264658,0.0942252562381327
-2.42254023145961,0.376501202117652
2.34197255637259,0.674947368679568
-1.92677076774085,0.181405937997624
2.2119346514618,0.266989691415802
-2.49130190375121,0.541672448627651
2.32319739653784,0.315310654696077
-1.88709350212705,0.172044020378962
2.35383317198104,0.668460012879223
2.48734755404537,0.449759719194844
-0.632985134111418,0.0162922444287688
2.27252760699556,0.291613985551521
-2.49816270287654,0.519165708916262
-2.12074881951797,0.235241661546752
-2.10556960579965,0.230439124861732
2.34890290458309,0.328809445956722
-2.22813285630183,0.273246920667589
-1.3918343566801,0.915345500689
2.4699825005921,0.422750677214935
-2.49678833471382,0.525336149381474
-2.19902921003733,0.737846213625744
1.18629490890195,0.059877090388909
-2.43005159704655,0.61744773061946
-2.15212555008481,0.245570786530152
2.45390304367833,0.595574024133384
-2.19163753457065,0.25944024301134
1.39087292567724,0.915474307490513
-2.44600384892472,0.603356697130948
2.33649337126586,0.677853729343042
2.17324838582272,0.747142991283908
-2.41761228419762,0.372697078855708
-1.84390909817302,0.162361184833571
-2.24225948950405,0.721112856408581
-2.28670891019532,0.297914635855705
2.46207368574721,0.413237527478486
-2.30130813494492,0.304656111635268
-2.23724306424558,0.276863855775446
2.49375580432274,0.46468315506354
1.34662439267568,0.921264892676845
1.78902540552563,0.150750055210665
2.17931189732139,0.744997930945829
2.38696318128926,0.648648144444451
-0.506249751625034,0.989641141612083
1.68336816519022,0.869663177523762
-2.42986975639687,0.382401876384392
0.960541011928358,0.0383784682489932
-1.43114162377962,0.0900325060356408
-1.91950266315711,0.179655839689076
1.05002532106157,0.953759708441794
-2.38787263850652,0.648062724852934
-2.48256146608842,0.441046266583726
1.79710198386864,0.152412632014602
-2.49715453175795,0.523848894750699
2.42275067191574,0.623333561001346
-1.7694086420048,0.853224747581407
-2.05694804277629,0.784180558752269
-2.36375308130739,0.66280925902538
-2.01192000310905,0.796794737223536
-1.38469655941315,0.0837012880947441
-2.00194642049116,0.799480251735076
-1.84806075653871,0.163270349381492
1.34514528931756,0.921453871764243
-2.49672267005351,0.525593678001314
-1.30422163123023,0.92656797519885
-1.49203430116315,0.901189912343398
1.39440416980382,0.084999421145767
1.55633482376171,0.891296405112371
2.47912082935061,0.564485630486161
2.44546450522921,0.603865943150595
-1.47568509071421,0.0963985375128686
2.44828187093209,0.601176258176565
-0.3556479466228,0.994914721464738
2.32534568483377,0.316395267378539
-1.96505559721706,0.190900889690965
-2.1465384582089,0.756310175172985
-2.39955232949469,0.640306609682739
1.96996712415783,0.192153965122998
-2.07489790048533,0.778912079520524
0.888423038035085,0.032636993099004
2.23704791440898,0.27678560721688
1.62234222523577,0.880421119509265
2.4836521912753,0.557086528278887
-2.45029073874084,0.400788045953959
-1.44348546779523,0.908232762245461
-0.712863411231473,0.979242141591385
-2.00866811175065,0.202325518941507
-2.22535625117838,0.727841133717448
-2.45847083964093,0.59075706708245
-2.48983736720555,0.454962289193645
0.489857479208181,0.00969235575757921
-2.46851077471797,0.579108673380688
-2.23470429089161,0.275848557241261
-2.34592935325569,0.672813826939091
0.894831295725811,0.0331262717954814
0.7614752653755,0.0237582370173186
-1.51019795893583,0.101537849986926
-2.49946346497837,0.510358353611082
2.46945585169728,0.422080093296245
-2.40204366642105,0.638590941205621
-2.05120727036211,0.214164471486583
1.6231568345054,0.119717899942771
-1.95890146064371,0.189342306228355
2.29002003251608,0.299420015886426
2.2952104779694,0.30180727946572
-2.46634777661228,0.418237259145826
1.52881926329063,0.104388490552083
-2.49998378602684,0.498199226800352
-2.49999965691016,0.499738049693406
1.27075027733487,0.0694099985994399
-2.38717880840647,0.648509573657066
-2.47050651648103,0.576576119521633
-1.64643077318251,0.876258725300431
2.4772485913723,0.567302129697055
1.43962458376983,0.908777741948143
2.47147602102695,0.575314348563552
2.44918988339672,0.600293352734298
2.44172130067676,0.607330720638856
2.49981323878002,0.506111534079537
-2.45487969476836,0.594565466046333
2.36322386800743,0.663116271374747
1.80925096177655,0.154942847788334
-2.2108191510292,0.266566610662267
1.74329416735254,0.85838110698387
2.49752994713714,0.477779142092913
2.39342018098147,0.644435430178419
2.33509527322951,0.321413319092244
0.42224437252275,0.992816789075732
-2.24554457656555,0.719775299308822
2.41753447892952,0.627362010534853
-2.4871223914252,0.449315797304735
2.17842930896293,0.745311699341983
2.08644358084552,0.224554674467072
2.18695532595929,0.257741757435724
2.21740247092108,0.269077824195847
-1.40897995589167,0.0869733430445194
1.1551183502692,0.943427630933002
2.3775652936585,0.654555268352851
2.49640616136304,0.473199792904779
-2.15130411992791,0.754706936189905
2.00620317466476,0.798338654683903
2.06241193332922,0.782592074712738
1.64136296514522,0.877143347635865
-2.31715497526222,0.687701126327738
2.44967626118943,0.400182924233377
2.10911293148124,0.231549435295165
1.79974190764989,0.847040577791631
1.99843383404151,0.800417190650478
-2.35925700230033,0.334602733142674
-0.892687361226456,0.032962131081149
1.77220513631842,0.147336480207741
2.39665637947705,0.642272723838687
-2.01061640988143,0.202852114103734
2.49518426732248,0.531019653193653
-2.42429825510855,0.377888907911256
2.01489986025927,0.795985036995262
0.549428121483797,0.987775716464967
2.37615852684246,0.655418229987845
-1.35290163419922,0.920459613669664
2.49236608299423,0.460955764399841
0.965877859044735,0.0388241133186966
2.46857923380932,0.420976822031662
1.14067071927564,0.9449211305473
2.31639310563209,0.688076897058636
2.38100315439493,0.347576382569969
-1.86941371086627,0.168018531985581
-2.03395555736086,0.790724941529334
2.3777923808287,0.654415464727208
-2.31572917137692,0.688403652282432
-1.29307739994595,0.927922929404303
1.87802944263843,0.16996937035583
-2.46695188236814,0.58103046589531
-1.93849465371662,0.184263497358188
-1.98134034753822,0.195087525527924
2.21334343979552,0.267525414936244
-2.45967611790909,0.589441242162138
1.91290740209589,0.178081670543179
2.49022755968806,0.455833632266149
-0.696192401482661,0.0197785452473909
-2.22090043434579,0.270426372531801
0.221897715780501,0.998026561690494
2.43273265776697,0.61520621785894
0.168548372328685,0.00113763636909425
1.06108983619865,0.952728985575959
1.85868981951296,0.165618651546538
2.18054636419219,0.255441822577268
1.8813086816445,0.829282714053988
0.257955178244806,0.997331242775545
1.76248266322062,0.854607098735869
2.45155919523639,0.402049499796703
-2.40726883577621,0.634915788890794
-1.64115332495983,0.122820161515847
2.46251186439507,0.413736376678571
1.80982753045792,0.155063814017922
-1.85617236995637,0.165059758583084
1.92919676263175,0.181993720121682
-2.47270985266573,0.426323413616046
-2.47659530449039,0.431742927758023
2.16222189993765,0.750981788616627
-2.01711025322579,0.795382208423689
1.81318597280714,0.155770040350035
0.575255988657432,0.98658321169205
-1.80847456620038,0.845219915034249
