0.350823018234223,-0.648842737112134
0.417932797921821,0.951975841826984
0.288536583539099,0.64093608287349
0.679823343409225,1.27208942777419
0.489857291104272,0.803135067826561
0.72643710533157,-0.0118627451166284
0.775103610008955,0.0703022063770264
0.959932487923652,0.00822270029465944
0.170893240720034,-0.621312978131937
0.906432008370757,0.705736813576997
0.386989248450845,-0.0104686093913455
0.77610257989727,0.0939082298475553
0.09636195958592,0.21040570347778
0.0756718260236084,0.767698003589656
0.326657624682412,-0.416297096027034
0.643803232815117,1.62491340244681
0.560482190921903,-0.385784247952491
0.0357949293684214,0.937860146951258
0.718344323104247,0.173415766325057
0.0884228898212314,0.444162795879793
0.766919817775488,-0.095101751770295
0.934191352454945,0.0550044546493941
0.659141579410061,1.61818486014942
0.569332698825747,-0.251827886545742
0.285851411987096,0.715849809162025
0.948452212382108,-0.0503658163670062
0.41892263176851,0.978994053624403
0.548488209489733,-0.45038414825589
0.920548719353974,0.318905229519574
0.798742780694738,0.759256339639077
0.714878412894905,0.264294658266367
0.321652294835076,-0.307317147255971
0.214793319115415,0.662988920369264
0.0199174422305077,0.605602430093646
0.0345168702770025,0.918530376872471
0.96141643030569,0.0250476047628053
0.952481272630394,-0.0444820490043856
0.347467919811606,-0.649369834301446
0.285262861289084,0.731880005336913
0.253717305371538,1.24690596488907
0.645160810090601,1.63362684972555
0.619385279016569,1.19143813742262
0.393010112922639,0.175176937955657
0.0454091394785792,1.03502656641286
0.445341524668038,1.43465141764266
0.0464107159059495,1.04005996323546
0.734081941889599,-0.143462002212298
0.666001400910318,1.54228687769483
0.695182332769036,0.845956632502651
0.783437675796449,0.28627920145474
0.583271492971107,0.0815899474748849
0.876259765354916,1.55483519785383
0.982577925082296,0.462168262701666
0.013602813705802,0.428058842056413
0.235738562420011,1.13703808062458
0.341718313284218,-0.624626182095406
0.836568055907264,1.74884908266955
0.88545677321963,1.32661506688545
0.679475798970088,1.28050384916892
0.672714586835355,1.42872508873741
0.253573568537831,1.2472782489226
0.117010407848284,-0.392312419397741
0.361214583041146,-0.577361281479446
0.212330369045958,0.590084931755379
0.18375557125546,-0.304712953139049
0.61709221964702,1.12862520781255
0.0826111570931971,0.602129034646713
0.0386949598323554,0.976286409387453
0.941660234704614,-0.0242132733236824
0.342411226360127,-0.629303856127968
0.0579951261170208,1.02661635467743
0.648342696484178,1.6469875827644
0.522203594911844,-0.120135619962147
0.269107237458229,1.0942894829439
0.441565426066518,1.40666317671061
0.74376186192967,-0.237096051464217
0.664812046103179,1.55848372033534
0.648345776833594,1.64699569466761
0.217036910355091,0.727076076868735
0.640837426297367,1.59969367314112
0.282649903791025,0.801127294323856
0.2593642140273,1.21640285816737
0.257193827070296,1.23176417398028
0.702557462267578,0.622298829906629
0.921271499944851,0.301647256888844
0.321889801416546,-0.312862864175126
0.427383929723874,1.18541666189999
0.731215968495235,-0.0996591912186229
0.131939100567251,-0.711362129969378
0.384734592400491,-0.0766692752825965
0.949878715211526,-0.0501140257032616
0.777640904532745,0.131565256598576
0.391674882499501,0.133105159199344
0.968336947495118,0.129728224492194
0.808122847462073,1.06054899100469
0.276129836216569,0.957697847388859
0.325679963221774,-0.396369326434334
0.435179604683071,1.32873354930727
0.736960421316326,-0.180299680957723
0.8058474464342,0.988518905765479
0.817382754990831,1.33673720122238
0.596186692127958,0.476674438957756
0.993669123155996,0.796087433723258
0.939309446606785,-0.00481986843963744
0.483385747531429,0.981959037731959
0.496521329507232,0.605589576460283
0.19942430104129,0.181339170849216
0.459706416586414,1.41357256482584
0.421868008095771,1.05609147968348
0.550035198917612,-0.449964189678321
0.253125880844891,1.24830789475101
0.431694948580116,1.27084909857572
0.72004030412063,0.131231153008332
0.0281567494384944,0.801799586154897
0.905889421701431,0.721921617956566
0.349296205211431,-0.650459370617927
0.0392600996419787,0.982877346245007
0.838843743083999,1.77805033266292
0.650740754790604,1.6504699856993
0.901490909978747,0.854669715605896
0.043550084810704,1.0230907609781
0.886646936880425,1.29394974422625
0.864044414367527,1.76827648849079
0.758831941289827,-0.202921348216452
0.493433774914593,0.698257924921353
0.871892716735601,1.64454995490503
0.670781740220264,1.46512074614687
0.760799620766193,-0.182194880265619
0.135624415706843,-0.764115857417379
0.394966559950262,0.23749456529544
0.894769968697801,1.05833796126019
0.380261373938993,-0.200861052394557
0.79148384812288,0.527121390458617
0.696771842893213,0.798013633724718
0.29797068471089,0.361680327132553
0.85220885835588,1.84980210713285
0.701097921468318,0.666612540179225
0.194900379516184,0.035375547273874
0.233932783128694,1.10922020038007
0.931038973620161,0.103270808861738
0.166757174534723,-0.697843036054521
0.419756257208064,1.00132936617885
0.344900250667706,-0.642293019640584
0.53257897682488,-0.321354948702169
0.0992969174403697,0.121383111480663
0.919249942991883,0.35068956557712
0.376620682189241,-0.293582805988925
0.306861006421968,0.092981281060341
0.638720802497119,1.5765942621593
0.578317166306078,-0.051397857652944
0.737774485256523,-0.189370615941044
0.571088282391429,-0.217363811928271
0.875060220714658,1.58082796931664
0.612906474620104,1.00735612064054
0.89293714100495,1.11300717042768
0.789515988901258,0.466073836038766
0.705888563999906,0.521947245911607
0.129995854338631,-0.678944580145503
0.410673116566613,0.73973111514245
0.358261816669255,-0.608243076027409
0.881755401613191,1.42405436937701
0.44316996796988,1.42023763127711
0.605223583523184,0.768591737884376
0.0403206213377416,0.994441449094863
0.433599508367479,1.3037756527145
0.206891366280615,0.421702706767476
0.254632918629795,1.24405957655647
0.169299074681476,-0.652463899088916
0.585213571088389,0.137211483524569
0.741356017300859,-0.221997947352983
0.653203616384417,1.64814322464259
0.403776629129425,0.5221447653522
0.0146297786850482,0.458226645938685
0.843121313489974,1.81986236801812
0.458780907094479,1.42097212799839
0.667458393611014,1.52078078897199
0.622141064610332,1.26297344837945
0.832189710112289,1.67969610549112
0.320721903815866,-0.285258539273869
0.168422273825854,-0.668723220182042
0.740353729110211,-0.214078014558787
0.0522309145890176,1.04977587864278
0.187698431778699,-0.18921821262677
0.429217210272327,1.2235361865675
0.0231734761036932,0.688563539939039
0.708608636399731,0.441445178916777
0.156164372107014,-0.825142167419736
0.908552231965587,0.643096780654278
0.995106525719166,0.841978332439181
0.000622571911662817,0.0201799983742401
0.0709386027883738,0.862274350508198
0.621736067347229,1.25274936226057
0.0963825939688832,0.209782295031702
0.879654201678932,1.47619341355303
0.365945055382326,-0.511191891145862
0.45683739730157,1.43385576547547
0.471087714657187,1.2595507796435
0.353776485892013,-0.639193826915104
0.538229754660279,-0.394179594753681
0.996270697563887,0.879379050935625
0.889465703861788,1.21440228874708
0.165377064608037,-0.720189175272492
0.949668601853773,-0.0502772023031851
0.589756333269179,0.273468111080866
0.330234745517373,-0.483094977770633
0.644968891516328,1.63250387676579
0.210113196168095,0.522510340976641
0.506906728260219,0.291624068263305
0.386806268477812,-0.0159199209450581
0.32113956194371,-0.295225998677662
0.705164480721578,0.543628430825714
0.750977579969913,-0.248550856507825
0.954954531509429,-0.0329562577849145
0.0428514161612839,1.01773927894511
0.0956313703209162,0.232445467079999
0.616064846515656,1.09960274337309
0.955781042343006,-0.0277719093729641
0.704457743326202,0.564870923801173
0.727485402720049,-0.0326226544523693
0.763726932927966,-0.144719394006517
0.916845713276416,0.411982329456945
0.986291306326166,0.568810397024805
0.802493022056296,0.880733573111564
0.0860351221635938,0.510815772814956
0.446938732173294,1.44231771438918
0.0453467597253621,1.03468062287547
0.506790657993406,0.295070373462472
0.152256845030934,-0.845230740483295
0.676450741942972,1.3506070190334
0.181373934261501,-0.370954760919231
0.469898622948676,1.28078352132339
0.875166082521901,1.5785738294143
0.537643489893526,-0.387951736152722
0.782129734521732,0.249748633301052
0.992902367608622,0.771766813390157
0.964182967087254,0.0618182627140522
0.860939985141158,1.80245774544908
0.0612522475421429,0.999419142278575
0.789127537515014,0.454162161816277
0.953004772774875,-0.0425430699287341
0.214179812464863,0.645063628926169
0.745268050581217,-0.243702597687735
0.278492814162746,0.903911636522704
0.683947040466592,1.16715802234331
0.812102756230161,1.18322687344199
0.527305609546602,-0.229120050325324
0.446684930706397,1.44126663888294
0.562213403871283,-0.365074194875245
0.156710579060018,-0.821149266715996
0.433178098406643,1.29675478872546
0.428905839798972,1.21724433896575
0.0201737491879612,0.612366235572273
0.0162605880759656,0.505172024561573
0.758837194181979,-0.202870879193652
0.0335539949592203,0.903024706645154
0.230498207267374,1.04861553889406
0.226947395829484,0.975964551858228
0.0176587819587439,0.544404038277504
0.446522269397974,1.44055975323028
0.813885045237839,1.23639386554759
0.875525060342625,1.57087226487761
0.144273904385045,-0.839589368498134
0.627020270796493,1.3775523287888
0.86954639153555,1.68685720866561
0.794185292674229,0.612525153187736
0.992080264957622,0.745833543219582
0.764639206929132,-0.131455794773292
0.0171037812251598,0.528948835395055
0.0106114449445158,0.337839254232834
0.894199317786843,1.0754261589225
0.896796444430947,0.99726929617301
0.786178624955937,0.36548360025607
0.059745553182438,1.01324184131987
0.822952963178977,1.48315566376809
0.0972763383761048,0.182738316297129
0.747945236274973,-0.24997198699993
0.0120895295403898,0.382827761711181
0.920188238378614,0.327629021745064
0.00606509624049067,0.195454852683797
0.115844083949924,-0.361611461291837
0.775710842804983,0.0845700187883653
0.265207475284114,1.1532359705053
0.489520525326952,0.812827819417572
0.467488591559231,1.32031596815191
0.0787471374496818,0.697911707548842
0.271638459060341,1.04934179894808
0.839701778488234,1.78782144639622
0.200883133802563,0.22862404119326
0.24423621664755,1.22788695725294
0.394262947142124,0.21500234154283
0.967768914531916,0.119573296780947
0.909337418852374,0.620182751981044
0.952183980494738,-0.0454631552016638
0.34894214081578,-0.650505673047554
0.777458232361823,0.127012962248268
0.895244188373908,1.04409716833362
0.172114377608523,-0.596103453855065
0.0416244207881391,1.00720589353418
0.450165206799284,1.45015173813248
0.0293153254315257,0.825503073174849
0.740631546126679,-0.216368467177895
0.0347306309267879,0.921863412012854
0.237125418148935,1.15643772917208
0.651525181019679,1.65037747821554
0.848831165349111,1.848157061035
0.601301806978881,0.642187879470546
0.978122308384627,0.343663661041483
0.0180220322217792,0.554433111063251
0.570333287585527,-0.232485044504952
0.00572866993024945,0.184730177840395
0.465016837464646,1.35578309212938
0.543828723253682,-0.437436047505295
0.0350265435408801,0.926411336000892
0.934109032619745,0.0561573165561989
0.420208220137283,1.0132729858361
0.367030956316739,-0.493215610065
0.265271435491741,1.15237425391564
0.754553962266073,-0.235229406645332
0.646058842306957,1.63840353753854
0.34458946948871,-0.64099921726984
0.874480911064893,1.5930244161972
0.462098925374448,1.39072685355453
0.0885103293694556,0.441681596676092
0.00451489258557558,0.145879305884057
0.109830585774034,-0.194120243022499
0.71017454797402,0.395947025240411
0.731942441547289,-0.111415194162661
0.852763697504997,1.84899685102424
0.511360968463123,0.161975320126475
0.137133602751419,-0.782279864695941
0.675336145795882,1.37493635554673
0.113519719103351,-0.298559169274013
0.322709134314209,-0.331720840735606
0.742865586886182,-0.232121320676093
0.255348741076887,1.24126393847135
0.180530099198222,-0.393701258262716
0.000988923944532871,0.0320518882827178
0.970835575601086,0.177525120210234
0.152981545077637,-0.842634814172092
0.152970910537988,-0.842676641315305
0.44915650319308,1.44880541904449
0.554817174561322,-0.43375337134151
0.919087785528973,0.354725572600428
0.415908182971179,0.895132134834673
0.516039997339249,0.0331855776532221
0.570121455006301,-0.236646889513058
0.923552199732512,0.249327668503019
0.726488885702565,-0.0129071711392774
0.383799738949165,-0.103457548519537
0.310218218713999,-0.00531147188097908
0.164660570211709,-0.731136332698874
0.58807133580558,0.222031409702769
0.892036963952705,1.13960190988488
0.694237599149346,0.874281579242595
0.402374918572605,0.476915983179489
0.714146158657968,0.284216667088064
0.593751432141289,0.398705237858594
0.610199532937258,0.92517212627277
0.146795037435368,-0.848140320705168
0.456986168399453,1.43299762853785
0.0802605431526899,0.66140420982589
0.595791647210717,0.463967163006531
0.344604618381709,-0.641064462562153
0.417585121002048,0.942361906864391
0.294560754904523,0.46460929294378
0.34912211727351,-0.65049759244315
0.399933790089563,0.397853745907227
0.235694026574492,1.13638656252131
0.165760388830677,-0.714147881459415
0.611589756561443,0.96770094312518
0.770216215401888,-0.0347895515967021
0.966293805278838,0.0944710566474929
0.769417670555413,-0.0502165342623078
0.496958946110681,0.592351202833834
0.684523878851905,1.1517905815149
0.0540635993238539,1.04592590070791
0.629505565855652,1.42929519950361
0.0349390206392854,0.925074190270377
0.0937318787910044,0.289380524897953
0.471460286760703,1.25267015687212
0.815798767609522,1.29200292670466
0.572068951325491,-0.197061716213259
0.950518145924434,-0.049349369800731
0.876158642116934,1.55706416252947
0.587585254339501,0.207377658874295
0.659323340514675,1.61673352768022
0.407064554048702,0.627186529326209
0.928998406976461,0.138874069326973
0.733749169390649,-0.138734087125367
0.119747974677011,-0.461613440677131
0.919244275894016,0.350830368227715
0.962409207830206,0.0374418993537687
0.299445384182036,0.316868272381036
0.809400625061244,1.10045557867135
0.546148912748322,-0.446541267747417
0.864294565049931,1.76514275459986
0.306228164350614,0.111810694290468
0.782218422507867,0.252197929237264
0.0568358763121068,1.03386442862456
0.0470595897641033,1.04279598685208
0.205382523359731,0.373674779566479
0.60452929046005,0.746341469456682
0.339957956690341,-0.610689571350772
0.707533424952999,0.473067127802027
0.422453315462917,1.07078542542794
0.457811537897214,1.42785013480975
0.118678268278018,-0.435016823479009
0.806479655206203,1.00864103838932
0.547195605700836,-0.448925866006428
0.788961389102042,0.449082432663719
0.0408816889394075,1.00013177525431
0.996559047838673,0.888668764375183
0.0669117667712271,0.929061511652406
0.853094019694254,1.84837367263315
0.194836773211136,0.0333395995369492
0.0650595028419048,0.955215809551332
0.220832163468003,0.829564434423696
0.137835791800171,-0.790029267047782
0.585384398233145,0.142186737206539
0.461280029034242,1.39914442416976
0.298697432503104,0.339607377382717
0.177017613779753,-0.48387907394951
0.770705509465188,-0.025086033967783
0.241021437104791,1.20150279615981
0.0265052837785333,0.766248085143021
0.89531117095612,1.04208294651372
0.244244392728433,1.22794135780287
0.711791949579492,0.349752325886657
0.701021153479815,0.668946173137142
0.310297774616629,-0.00760257428291039
0.426369519205764,1.16323561172017
0.899123379029334,0.926659757935873
0.326861177105457,-0.42035862165764
0.498629972571507,0.541657366036141
0.855201915604994,1.84187807043928
0.524583742488176,-0.173215924625615
0.388921614037827,0.0478677407032603
0.848046316998079,1.84616335478332
0.762810678919777,-0.1572898154304
0.244327797088772,1.2284925904868
0.575896173482761,-0.111025041070759
0.0377911108080298,0.965131795308326
0.574589391238987,-0.141579739419073
0.979556007077917,0.38054376699177
0.545098871225491,-0.443070609924332
0.146936865290627,-0.848436483397882
0.183762430679053,-0.304518045292652
0.58261794410646,0.0632822664976633
0.809979731915519,1.11839108734036
0.67878942633979,1.29691019567565
0.894228775054216,1.07454543522355
0.831962447613478,1.67565764777781
0.425223683472723,1.13728196212951
0.829043443780392,1.62003423182348
0.198514350224286,0.151858229405609
0.712221515830606,0.337635498522001
0.10356953414157,-0.00833580071374694
0.457098350394517,1.43233644285683
0.619809772120789,1.20274972162083
0.269916363758966,1.08047497533977
0.167251420440152,-0.689443080913235
0.626585443504155,1.368020430287
0.594155325787142,0.411569493643249
0.669924231246114,1.48033806437991
0.643169385381043,1.62023315137615
0.656822391785681,1.63394113531894
0.729780313093215,-0.075160747098673
0.0635469506960362,0.974342252594862
0.603876393986866,0.725356115014375
0.45920202950947,1.4177056440581
0.85931479325518,1.81680247604044
0.798389992211014,0.747831669662019
0.17548403586261,-0.520788833759083
0.794501768890768,0.622627412724495
0.697114714188501,0.787634565652743
0.394301722291857,0.216239674485307
0.13490030542016,-0.754679953818843
0.455059565603733,1.44245343986408
0.364497553557158,-0.533563832074034
0.196649480611086,0.0915840744610246
0.218248857650906,0.76066024472487
0.0164991875644773,0.511935685393145
0.723411753773689,0.0524523305964585
0.850989386672154,1.85050636468991
0.0112338331528008,0.356874341528038
0.943528585601598,-0.0358759418766539
0.788688191445544,0.440750033416178
0.370755120646209,-0.424091625559665
0.542803020682186,-0.431745130457473
0.628775220131502,1.4145824211438
0.125812029698864,-0.599101481472561
0.462402541423216,1.38744942330375
0.340052179060876,-0.611509616393842
0.296513046137989,0.405839966652837
0.0552008103113621,1.04188261399689
0.0523695270530879,1.04960008341093
0.873249854892492,1.61814695295365
0.176390419714153,-0.499164329761781
0.809628006070852,1.10750959740375
0.580966953886673,0.0180252253268685
0.298660484841093,0.340730175204218
0.024364834651351,0.717221954489215
0.619453612715006,1.1932659653999
0.767469788203016,-0.085665911921756
0.371481342706829,-0.409315407874313
0.469572975765914,1.28640228645191
0.726004420081154,-0.00305925716972311
0.788539530709386,0.436226681413775
0.926482741255313,0.187216661995445
0.152295864885673,-0.845104130511395
0.238530923612416,1.17431791161926
0.626764104701579,1.37195372502354
0.630854537477717,1.45535785351016
0.502136260038242,0.435074040566859
0.500964585924521,0.470665863066574
0.301861274754629,0.243420920009383
0.598929868312553,0.56531702248613
0.624280335847288,1.31522084531432
0.476970766438171,1.13897125435015
0.500996639719233,0.46969139505904
0.438289536396042,1.37137599322247
0.0735007820185274,0.81311534231246
0.971149963093922,0.183891254853091
0.757244769250974,-0.216965710222785
0.658256595255807,1.62480357437353
0.546529218321666,-0.447532045764256
0.205527838086709,0.378318409015834
0.392396339448169,0.155785606701267
0.164055000990629,-0.740034994034708
0.496176965069026,0.61599260701478
0.668127446435392,1.51030324109152
0.834987752139568,1.72581952487006
0.93832866102457,0.00480084759136079
0.90077830129303,0.876329681336481
0.813590180128813,1.22768497339584
0.432226788019761,1.28035088641397
0.165220313239843,-0.722622669608614
0.190679649822414,-0.0979616536557467
0.497076601488516,0.588788818042422
0.440760645316914,1.39892931432036
0.904526631813496,0.762797133029449
0.978267962345853,0.347352882543308
0.0783016020432115,0.708396392119138
0.362183765741065,-0.565451991501661
0.236416903790087,1.14674279955206
0.066844925051555,0.930056687328218
0.231329115806147,1.06417702619504
0.782337086973712,0.255481517963485
0.0515708234161139,1.05035341487503
0.940546956378967,-0.0156787801510598
0.519786346238106,-0.0625554782650937
0.97798758931458,0.340263230163494
0.0503824751358479,1.05031028615018
0.821509158937261,1.44697634770123
0.841026394162327,1.80155108828547
0.798624540213495,0.755426642867894
0.570560706313699,-0.22797741007497
3.09317838400602e-05,0.00100268227964643
0.223906913772225,0.906319306966114
0.350299337645993,-0.649656445358728
0.895756882382557,1.02866392575511
0.0321904357988387,0.879708931859236
0.355306809768081,-0.6308278471073
0.499573637498543,0.512967809995285
0.578036722494289,-0.058497924335449
0.551250402117148,-0.447978138079191
0.146177552174777,-0.84662081589748
0.829400564776734,1.62720570195916
0.693167881574482,0.906160976351633
0.727218793239444,-0.0274201088613301
0.287336079869419,0.674772121939253
0.758115149568766,-0.209562032609294
0.817184485029429,1.33120598449755
0.203178495401517,0.302868011541012
0.0946272974833846,0.262615415330827
0.869290888076648,1.69120038897843
0.757369868457317,-0.215946295521057
0.674055773764849,1.40182382995067
0.384524083463475,-0.0827369360347252
0.898001983063295,0.960730325634356
0.38870267663151,0.0411911865134426
0.298821247415617,0.335844388772413
0.985458411509171,0.544346307663673
0.266665914561599,1.13270313214306
0.474332377780229,1.196113383405
0.0205127864610404,0.621254195480211
0.383375348523259,-0.11548110937266
0.122793092159554,-0.533628963358897
0.721805532928556,0.0891007548417799
0.076160354539752,0.757026474334027
0.558061428833753,-0.410039996328695
0.589728108141571,0.272598813213928
0.997583075426519,0.921726090030128
0.12626185757108,-0.608313465441856
0.09867256693542,0.140363020130902
0.215059369569644,0.6707109395311
0.38993532420136,0.0789865647164569
0.12779570906423,-0.638610712732312
0.804428490344435,0.943105238779144
0.033648636424914,0.904584241868322
0.601494739996269,0.648436125618537
0.650303211295977,1.65025784250363
0.125056634889916,-0.583307137324583
0.451726969797164,1.45025556319084
0.0452131736092269,1.03392700621024
0.635204184800386,1.52910454989091
0.80387878161855,0.925432956437804
0.749868914950639,-0.250122605447533
0.313602449605241,-0.100843168838745
0.608141236007214,0.86112632266003
0.363398070912808,-0.549318280608246
0.38905051141046,0.0518060656861741
0.312125694705173,-0.0596674942457657
0.805004053283483,0.961564286973363
0.757463261019439,-0.215175451743724
0.0249922501388937,0.731926851741081
0.714530748315156,0.273724301061244
0.353076202096418,-0.642257618432336
0.387246797326952,-0.00277353930121771
0.854922495316714,1.84298880708379
0.293440859764814,0.498047146470716
0.42199523258023,1.05930381317002
0.413010006072,0.810446373267316
0.808659250149503,1.07735464971147
0.415689098648727,0.888860819615469
0.142091053770855,-0.827199530602511
0.642723412951455,1.61670785808989
0.5644722932484,-0.333937879958208
0.0150229244027287,0.469655001543214
0.501489735674113,0.454705392741427
0.807731153210625,1.04823154527295
0.0373663001228124,0.959630300236241
0.595417163334787,0.451939983177849
0.00455555762164295,0.147184555571599
0.965128535870463,0.0759625180726324
0.139080784516409,-0.802656643280304
0.18106254353188,-0.379394650331627
0.117317513097078,-0.400284309963109
0.746496829902753,-0.24745319201388
0.25375873525627,1.24679489948002
0.917402165010571,0.397526719218187
0.0774634457193315,0.727784305632708
0.0441871017683297,1.02755879965814
0.398788121528924,0.360725033467029
0.842546508647501,1.8152564808741
0.869493955979124,1.68775283979862
0.135819759219885,-0.766581854471483
0.021429912885651,0.644952663006392
0.517675536219031,-0.00951705734139585
0.0166762671433389,0.516937444474819
0.182149017695338,-0.349719174308923
0.303791640792042,0.18495522794874
0.360697249881923,-0.583362709421384
0.293138616485521,0.507029914409884
0.208095734240487,0.459697583461772
0.478140279417858,1.11216243229638
0.343447719700634,-0.635440705542931
0.110969184665009,-0.226857717561651
0.875038916710764,1.58128065768332
0.231717858696356,1.0712632547026
0.759717912646011,-0.19403974171777
0.524920410243794,-0.180416122545704
0.551057995995507,-0.44838967504499
0.444343102863058,1.42859301511722
0.743285310920328,-0.234547506921809
0.449974093120545,1.44997376191322
0.848195736063644,1.84658970624576
0.0304869497194886,0.848400853910897
0.578681599814445,-0.042098451213769
0.209647931857035,0.50812703378023
0.793364517623559,0.586411201365811
0.371051055844873,-0.418119858046129
0.727010441944003,-0.0233175262787729
0.0284024567808956,0.806913202534053
0.32419446320273,-0.364793285974193
0.0731969850603491,0.819201209866083
0.668032491812482,1.51181302676468
0.0221830268856138,0.66402687468777
0.248964902944863,1.24843622203976
0.79340018867515,0.587543380353897
0.353315527783707,-0.641264682892694
0.153891766211018,-0.838643365149439
0.0320179068949074,0.876647134406361
0.703287007519975,0.600206050131141
0.771898130420595,-0.000651128388521105
0.103428055765107,-0.00405943156999419
0.359666144475341,-0.594579089713906
0.89139148988761,1.15855112414599
0.606274592923,0.802122620624669
0.381992696085945,-0.154027823618743
0.625708896433935,1.34838674661336
0.79129628976807,0.521255763439104
0.796107107307762,0.674112919243971
0.926210400182754,0.192732930998928
0.699700441211462,0.709111219192434
0.144047892186791,-0.838520176302979
0.640138254500926,1.59252797804444
0.859478992410004,1.81546585768697
0.855177968973294,1.84197624210947
0.708429118385538,0.446704608518307
0.90800982224755,0.659021066371228
0.23611378739588,1.1424571041128
0.72911417670548,-0.063234225133121
0.67493890132755,1.38340165030623
0.716252363286912,0.227566344803284
0.461550392443314,1.39643365629509
0.43943521543406,1.38485935674167
0.983151148306206,0.478202658696366
0.833483140449971,1.70185210922013
0.353373763384297,-0.641014563233835
0.539399358211085,-0.405657125931574
0.780599631834775,0.208158022506031
0.964472776278853,0.0660692673219638
0.750474544009194,-0.249414330243086
0.77059275098145,-0.027338975806541
0.875866381684318,1.56346747050738
0.38673810614273,-0.0179472101034905
0.587367674103007,0.200846862359942
0.254534699255601,1.24440417102281
0.762360942782834,-0.163181563587162
0.449649701127782,1.44958914712662
0.858301983913407,1.82448224509203
0.570728740887716,-0.224620622973647
0.216767677571625,0.719513358149755
0.0123105053789914,0.389487196502676
0.91869313409552,0.36460920322422
0.144250168465078,-0.839479411322769
0.745240087155253,-0.24360006388921
0.214568302733824,0.656433440162454
0.562594330869615,-0.360147067254887
0.735373660456389,-0.160900695296623
0.962397906230763,0.0372957204019717
0.15956868021749,-0.795587673351512
0.179418915649876,-0.423036428135602
0.370402418309823,-0.431119139347203
0.378297282150015,-0.251902886088357
0.784022662090138,0.302892997060455
0.590573083376512,0.298728014783248
0.285028960555792,0.738208614550178
0.55530667793937,-0.430828666200948
0.360509383492172,-0.585480446256248
0.287078469991684,0.681962700554645
0.374832611298189,-0.335982817777494
0.869947867002338,1.67992645435207
0.167096320306882,-0.692101413213192
0.710512034595013,0.386236945540594
0.338840861106291,-0.60033463748213
0.762930821394548,-0.155684761683417
0.933141746558249,0.0701414492761091
0.422748878365383,1.07812243486101
0.448555205948651,1.44752527744721
0.755558162694797,-0.229235364239459
0.735781972296536,-0.166107484245413
0.958606927888468,-0.00505863741655266
0.979372197529301,0.375746060039726
0.199947322253138,0.198292402783044
0.156358437379822,-0.823756546597977
0.988278958015144,0.628316742427311
0.95780706894584,-0.0122656277955592
0.218418796313927,0.76530761109447
0.980126375798136,0.395557717188795
0.88174482062459,1.42432304582584
0.461667311377823,1.39524047922801
0.0481396547984332,1.04643226295361
0.565604164963588,-0.316625464102615
0.365753170568496,-0.514262824646654
0.224017791450024,0.908972236425762
0.212592100724578,0.597947107844113
0.809405220672488,1.10059829609457
0.413461571792141,0.823875332105713
0.526381608564407,-0.210741189227769
0.566843794193119,-0.296385903043426
0.466455064946786,1.33578514091037
0.805983405793086,0.992852606606398
0.864454908762127,1.76310479363143
0.610759697854519,0.942385028035704
0.836860014125705,1.75285919911683
0.463507523527369,1.37481350975504
0.244374622125179,1.2287991032175
0.12148892856203,-0.503482241058779
0.832167186075822,1.67929777855833
0.549806607654318,-0.450174935946449
0.775181154953316,0.0721100545786211
0.191423441981897,-0.0747687391973885
0.31570662627928,-0.157950126317252
0.500485765282065,0.485225591209304
0.76098109013401,-0.180100747142143
0.360729282256216,-0.582998338843793
0.177600246388465,-0.469449813458625
0.347118871752173,-0.648787594188388
0.546811888925731,-0.448176543917962
0.124022807693109,-0.561046446573086
0.855771401431412,1.83937901389415
0.665059219812974,1.55521957799918
0.127048726892099,-0.62407379996604
0.141848654253408,-0.82554112547654
0.911593352211639,0.555376612534544
0.461015183245763,1.40173426862648
0.41614967235364,0.902018483408628
0.91899948567152,0.356929471948136
0.962765410309657,0.0421088134380412
0.878130508121103,1.51239001894978
0.982986074173823,0.473568138769647
0.393711800919846,0.197444618976015
0.241110704140738,1.20236887588005
0.603225427679718,0.70438191124228
0.631532815983519,1.4679057451537
0.604629955720156,0.749571951291372
0.980886130360886,0.41584762330832
0.714906900422648,0.263524363130454
0.997618209803477,0.922861869088685
0.542043488007039,-0.426878533174819
0.538826141506433,-0.40019044086791
0.560632410692051,-0.384097333357184
0.41017519752495,0.724422092814304
0.223966963822022,0.907757132264006
0.956385206896812,-0.023562552693606
0.413809971185401,0.834179952132821
0.772201552987099,0.00573988165192529
0.999966110335663,0.998901435331663
0.054688852513209,1.04385912694033
0.21514579304494,0.673212525616158
0.915765352081507,0.440484563046501
0.00865162722766399,0.277116344806284
0.0803507647942752,0.659185465534151
0.663437369978055,1.57564856939219
0.336000515613705,-0.568833433711913
0.299948032246903,0.301580646635177
0.429970291676,1.23843834525984
0.161145847290754,-0.778172977972681
0.390085520921275,0.0836248603782019
0.623444627271965,1.29516947154024
0.830201565288007,1.6429243825271
0.325297737494111,-0.388392078652154
0.0977900151629001,0.16716297146738
0.722766601480544,0.0669726018222822
0.878559862496331,1.50233370866793
0.089555594837293,0.411820121834044
0.464001258136705,1.36881148074366
0.519762598676607,-0.061972565584651
0.214901072904468,0.666120237537879
0.662649196805432,1.58472489044982
0.982872961554676,0.470400361354154
0.829946982674301,1.63798384701749
0.828896584454924,1.61705615940364
0.631666243774816,1.47032957582292
0.737395941046998,-0.18522762328238
0.252028988674283,1.24999811952927
0.907364635262638,0.678056478561402
0.400325639406219,0.410555724623135
0.423698685597628,1.10131475599527
0.987790202256292,0.613545541800493
0.872063936665654,1.6412952772614
0.959255268797278,0.00122980919203752
0.746690633706748,-0.247909684111372
0.63433475443162,1.51565930270362
0.714337319135666,0.278993487353977
0.0333682387135923,0.899941414122094
0.174141739727929,-0.551771461259346
0.812109261285514,1.18342313819719
0.560733042191714,-0.382955506624808
0.997708970448002,0.925796281002874
0.471513410564512,1.2516803305973
0.341694490984082,-0.624457206886296
0.932398018427193,0.0814362319491998
0.391809671884403,0.137332782529413
0.0566862521227449,1.0347057406314
0.853150886716321,1.84825557135078
0.279266149736941,0.885545100540359
0.154778581811115,-0.833974021739589
0.279155508382246,0.888195008284491
0.093715415103361,0.289871261216782
0.437833331292495,1.36566956127737
0.241127768997103,1.20253358064658
0.500845364294946,0.474290583578416
0.51458225841634,0.0723238554054991
0.919796308735386,0.33720007665531
0.395081599708647,0.241179615052583
0.666494883131236,1.53520603190817
0.954945272300392,-0.0330105694485433
0.646613091928884,1.64095764686768
0.537756379460916,-0.389175437104955
0.00838649063371122,0.268818256538234
0.687066203914583,1.08230443826004
0.226023953640833,0.955507513980641
0.946953185368329,-0.0484692951167225
0.869960124138743,1.67971282391437
0.0696832141838968,0.884509757228838
0.950542454142123,-0.049312339611605
0.480393428821117,1.0581346447429
0.640307045308873,1.59430008181414
0.351938277017325,-0.646208331155368
0.684988606022671,1.13929801455394
0.844813951523975,1.83157108483296
0.101984366076067,0.039684039125714
0.630838232813403,1.45505159388676
0.290731698507443,0.577807055854967
0.923379434272647,0.253173230651403
0.56471325061284,-0.330346836928416
0.359810456866398,-0.593069282462823
0.864321378758177,1.76480354381877
0.668755187653005,1.50013424489624
0.200517295394093,0.21676789415893
0.629885972477496,1.43679216890002
0.770749607821926,-0.0242022202186003
0.251933255465701,1.25008945152439
0.270050595980138,1.07813227255249
0.409003663342446,0.688105285138567
0.194240310462192,0.0142801174894645
0.503194495802745,0.403004828840333
0.426659285090864,1.16964891984018
0.978973005665466,0.365396079929063
0.157942180521786,-0.811091115801255
0.90572307119146,0.726894614788162
0.157453044084832,-0.815260188296349
0.280764691764489,0.848946787782605
0.699297261657193,0.721372644443582
0.370334373554215,-0.432463616875752
0.943851418793201,-0.0375504722936693
0.288860420230776,0.631720858859084
0.399191504111513,0.373794587649755
0.948552181944251,-0.0504135744338681
0.898954457603395,0.931795234637711
0.468614102341235,1.30244805395745
0.847480132011697,1.8443482996409
0.22144430456683,0.845320466968471
0.808454274432734,1.07094145521363
0.794029750162736,0.607566591364146
0.0507568535394967,1.05047418792483
0.370645300252363,-0.426290272852149
0.527858219807968,-0.239808203116797
0.576433198293671,-0.0981300495606712
0.413134719477966,0.814163288594271
0.871955186361447,1.64336507023139
0.0252325548790395,0.737486489246107
0.852847772184759,1.84884841179052
0.420477890409529,1.02034251535889
0.307121596066281,0.0852519015583959
0.165536604821682,-0.717690333719519
0.309918023413047,0.00335137394521845
0.899218562524766,0.92376567898157
0.697493525454774,0.776155396369185
0.964097319403663,0.0605762626375462
0.581917429808527,0.0439022373170777
0.357502333587036,-0.614850469898034
0.350599315483123,-0.649223441997143
0.263846850488335,1.1707119884805
0.879711678950116,1.47480069189187
0.186838181922212,-0.21497011367859
0.029925772221759,0.837569891489689
0.235240122070536,1.12964601050752
0.0998874038923532,0.10342470756161
0.842196131125093,1.81229323389819
0.570855327183381,-0.222077195680577
0.21100317616947,0.549834977981769
0.184106739005074,-0.29470570868435
0.630652766674757,1.45155267768114
0.106142040342093,-0.0856206829342636
0.0894971550442278,0.413499130145383
0.022679315879941,0.676400688077958
0.433788855560124,1.30688066429499
0.676256567472592,1.35490579076182
0.206713592167944,0.416067049654042
0.647030146792531,1.64268079387137
0.72612341446802,-0.00549383944438597
0.645204575965181,1.63387790664525
0.463950402569026,1.36943978406701
0.563008896075189,-0.354634699493406
0.65902089397423,1.6191312420305
0.126059329137206,-0.604183944843595
0.747050041332841,-0.248658640146146
0.467373866587877,1.32207778314859
0.131736431736499,-0.70812582495229
0.641397121362388,1.60509665841204
0.38356538140215,-0.110108058937097
0.491537901340052,0.754262260489541
0.697337281657383,0.780891519114648
0.628371685743332,1.40627533626187
0.42842315020971,1.20734175654724
0.746323288185522,-0.247013156357803
0.72513506677933,0.0150342309232441
0.0796267923433334,0.676856879708884
0.955624895868823,-0.0288022473117804
0.584817410912365,0.125723411841658
0.55321216955781,-0.441700404626435
0.12162665114738,-0.506716273565774
0.681586282560602,1.22834150796305
0.0927438100334257,0.318734513832565
0.0451768732164055,1.0337192107204
0.0881332368589938,0.452362755393191
0.788130641216412,0.423825180733307
0.184306615730748,-0.288983711904667
0.137260552495718,-0.783714144476144
0.115529916947708,-0.353230314110172
0.935703125083819,0.0348864415465537
0.0983136058785021,0.151268458948049
0.32108986703679,-0.294045551039956
0.623870908515528,1.30545603996436
0.0022987425327301,0.0744531129419394
0.842221713857725,1.81251357633787
0.883979251142591,1.36630403861482
0.931876614922658,0.0896320294894311
0.7329224369023,-0.126576646307478
0.930745865218341,0.108179209183166
0.219542641425505,0.795643386829495
0.0442797134164721,1.02817562247267
0.190188495675102,-0.113191179023639
0.261728091631085,1.1946152297346
0.601267675170675,0.641082338609823
0.0666456252802163,0.933001357153881
0.0194844964426011,0.59409119342595
0.646403073566034,1.64002527674517
0.141140701482072,-0.820376814016025
0.28320458647795,0.786703301496307
0.446760270511732,1.44158524719457
0.448577341623604,1.44757872519903
0.711220640689135,0.365969071449788
0.372768435627222,-0.382133660371851
0.0465783695690334,1.04080648385317
0.222551844548434,0.873237537953661
0.967876433860511,0.12147482535318
0.483932987786829,0.967530438249977
0.845420509111136,1.83508921028189
0.40659237653017,0.612220610868554
0.364515167893842,-0.533302668992747
0.614788080332801,1.06283655052886
0.817993241129443,1.35364074266335
0.334618182387203,-0.550878686500164
0.599832089385018,0.594557046304406
0.522037790389732,-0.116300518737213
0.630158602260053,1.44209426245492
0.950445935828611,-0.0494559329101452
0.704618925927207,0.560019791111117
0.695703961420804,0.830258631997784
0.243922466645017,1.2257503837865
0.319514929782599,-0.255873998176592
0.075686631957069,0.767376961413346
0.232629904057831,1.08739530821177
0.123537838691846,-0.550353426360468
0.835427790414542,1.73245504064358
0.508346937596798,0.249115088583112
0.963920466136187,0.0580323743411535
0.262013609521091,1.19163261667451
0.917891774792224,0.384938782223808
0.170567089691758,-0.627850296900145
0.177792104892433,-0.464650643411462
0.367101103300229,-0.492019739832035
0.0620153225027025,0.991614496331092
0.478057993575931,1.11407711120169
0.288414111128077,0.644411753579442
0.422789130359888,1.07911728621399
0.0979662269819528,0.161815627961285
0.805686915991828,0.98339771776405
0.0178467445075512,0.54960219003911
0.500304104061797,0.490750538529709
0.776641978183761,0.106935181426948
0.779516748618335,0.179517379154962
0.914911362575367,0.463403740447203
0.434355180477723,1.31598275934389
0.183101647533476,-0.323188525622349
0.00844720168970525,0.270719970440647
0.282292980002239,0.810325792415062
0.991830742452294,0.737994068018675
0.0148227973841131,0.463846068493944
0.896133783040568,1.01729614499781
0.445844390895218,1.43733453509891
0.069150002207607,0.893572608206163
0.317207173444331,-0.197425599822379
0.185419943183661,-0.256776425260676
0.920364730991423,0.323348257869681
0.492180321132764,0.735379266745964
0.844643404241651,1.83051730164683
0.920834159478545,0.312052139889222
0.08172428724356,0.624844266083099
0.509851024951786,0.205288523109455
0.472921503009275,1.22466112200462
0.692471669521183,0.926782377491027
0.604730871040374,0.75280900283947
0.0219671034719795,0.658594446853243
0.0532275601290166,1.04809130830418
0.484345110831782,0.956569760180475
0.418797575403005,0.975609922987844
0.75775841716677,-0.212684274147302
0.153213810175657,-0.841693570285387
0.31075288541615,-0.0206705291962022
0.577911427244544,-0.0616541184385563
0.307553281076252,0.072480619925401
0.0521601375658065,1.04985834655697
0.0011039359960705,0.0357781562422786
0.0318479726556689,0.87360712637383
0.682049841620028,1.2165539141501
0.140981008764356,-0.81914605230721
0.0865574195049703,0.496427040989566
0.152181381126866,-0.845471349791616
0.482599104754627,1.0024404736908
0.181737715145573,-0.361028006888145
0.396023229928687,0.271414064798966
0.830942954635248,1.65701487310162
0.433514954755083,1.30237914846539
0.416750588919967,0.919032120444068
0.0383217262569815,0.971771412870692
0.372573463246226,-0.386331607036064
0.0201635633129627,0.612098165536825
0.424422398675233,1.11858239626276
0.102460108930245,0.0252504261607485
0.127853920683265,-0.63972594145572
0.706796700367704,0.494890896181171
0.609826582018286,0.913657577732991
0.433073666412383,1.29499146114366
0.16127246664837,-0.776674342526721
0.88141131750308,1.43276059681135
0.78494862630032,0.329520676375903
0.0858838292770088,0.514962544569244
0.963138828286901,0.0471250543120432
0.378002238925546,-0.259367552947182
0.451894485158846,1.45012387088244
0.66165804839693,1.59533546912962
0.594178847502917,0.412319599719167
0.22103614336811,0.834840004871988
0.704895244445652,0.551712095896573
0.765150276711211,-0.123702999375531
0.295373351546004,0.440212542681105
0.930435422575101,0.113453935492559
0.556641594972461,-0.421669464074221
0.0395741246175021,0.986411221940779
0.0110850119963288,0.352334560269882
0.337121795397252,-0.582145721338566
0.780605877982453,0.208325176360634
0.339156408794224,-0.603377460564527
0.776707728393376,0.108536329532646
0.641816672170535,1.60895146897704
0.333663734374568,-0.537504850664791
0.541617857757956,-0.423909965928268
0.519922353560105,-0.0658876885752052
0.238671170780435,1.17600247414974
0.139013076666743,-0.802006771710131
0.267859369749203,1.11454634600659
0.54656203254126,-0.447610886613495
0.0507132869679481,1.05046222544719
0.433300880016759,1.29881605827499
0.85718523291871,1.83181604486818
0.401928833452985,0.462487846662579
0.168675793334842,-0.664086743200656
0.489231089130044,0.821129462022126
0.743678867816925,-0.236667998910987
0.235783061943948,1.13768730517086
0.199799279216677,0.19349349162378
0.10851750895381,-0.155886065525271
0.449737297138199,1.44970324088293
0.901748571312055,0.846843207195788
0.690603395691141,0.981537499985797
0.177359160268679,-0.475447020249121
0.604897443670779,0.758148867128123
0.865552245173603,1.74854865769741
0.240744311362505,1.19876598962867
0.485661182086915,0.92104740276225
0.0384426445234567,0.973248239480766
0.67398398485966,1.40329693650966
0.944285677280277,-0.0396437037345664
0.247326787794009,1.24380241895016
0.780791592318565,0.213305139115832
0.225000624544919,0.932121279495171
0.834947088034824,1.72519772296353
0.509360654978082,0.219507263980568
0.21616331115365,0.702406578821475
0.12554924422875,-0.59365280776336
0.0734434884507209,0.814268258475713
0.64109769044444,1.60224308598636
0.793316845549271,0.584898522717098
0.470095648895949,1.27734275832245
0.93391455616802,0.0589042016754242
0.877133419271559,1.53529540157924
0.602835295489058,0.691790991086296
0.159375415882096,-0.797561127105841
0.919511929154396,0.344200103260474
0.0291702824179083,0.822592768125612
0.184022012166679,-0.297125552145124
0.636864827480167,1.55292466684823
0.266666398150846,1.13269601974111
0.65774512430653,1.62828851292424
0.792215027613565,0.55007382681562
0.0243581468239427,0.717063750437054
0.309962404426187,0.00206891797579023
0.377581236185506,-0.269924059542473
0.585895566269755,0.157149940463911
0.219686773605645,0.799482728734265
0.456600598758087,1.43517763052358
0.716321410844103,0.225744010056465
0.609018675517291,0.888573146146047
0.804285486927256,0.938511674707787
0.00652421987615526,0.210056537156075
0.506055610254407,0.31695847985212
0.250691154506058,1.25045543095531
0.889226051513106,1.22127371062763
0.308057333808392,0.0576232441309486
0.415281116263941,0.877122758106522
0.583272133953869,0.0816080081774893
0.985414743190631,0.543071857748826
0.924903178121895,0.219950506127296
0.786401222692803,0.372060601020567
0.590059247566387,0.282813005309419
0.411379686091095,0.761316247281745
0.485232344595715,0.932707065405882
0.21998994727619,0.807519670046256
0.346293663140386,-0.64693508764523
0.530017832759768,-0.279328331140407
0.43298272206448,1.29344831340166
0.686023976420984,1.11112159399439
0.338050517719239,-0.592309033085584
0.582826966186985,0.0691140858507275
0.352366111939773,-0.644872417988903
0.583584954263642,0.0904463530166056
0.229882500367239,1.03672426091812
0.153164390707389,-0.841898278208371
0.585343376733363,0.140990837085162
0.471053366316482,1.26017969796202
0.427906550932676,1.19654513356811
0.24765591067262,1.2449455830755
0.18405990046449,-0.296043862632958
0.585087220417336,0.133539878034302
0.504103061975911,0.375558234431798
0.321380731416866,-0.30093332223382
0.867807921255007,1.71535381149422
0.31894730287604,-0.241766049474022
0.611208899179474,0.956114256308939
0.594306407961994,0.416389214313652
0.949459341587499,-0.0503964119277514
0.636265386128798,1.54461082119861
0.906915000174195,0.691378571093226
0.0569842325057834,1.03300893205936
0.583916484378278,0.0998652871675376
0.575498000718653,-0.120459899493722
0.745326264528558,-0.243913602937073
0.0271442825905979,0.780245211494201
0.0362126477994025,0.943863918543897
0.45865670684725,1.42190337068759
0.595560856163502,0.456552660046798
0.600169831421226,0.605505217560474
0.837100612930954,1.75610597619572
0.391035096952692,0.113102983263085
0.117690502433106,-0.409901564193071
0.763795957434922,-0.143741811064671
0.800969540840015,0.831423855124568
0.74583565373905,-0.245618720059065
0.30486894142814,0.152502426208578
0.202746607596055,0.288926794877556
0.0976334516890347,0.171912285764902
0.502096373355016,0.436284462384079
0.930961820064113,0.104556036026592
0.162922640098259,-0.755794475890071
0.297539127059281,0.374772740254249
0.962284976849332,0.0358414586228722
0.238331388682127,1.17188991965701
0.73625225503929,-0.171920576099512
0.495393297867849,0.639612436130927
0.589616342214867,0.269159020467857
0.0279638476204127,0.797752632599302
0.621984418714419,1.25903116547592
0.395647516474128,0.259335913888666
0.818347743945196,1.36336640835697
0.865510488161817,1.74912188959491
0.144213848281652,-0.839310098404015
0.90904494933784,0.628698067104435
0.444341998081654,1.42858577401778
0.918455526931211,0.37060100325461
0.570083035621792,-0.23739788710542
0.528345190221444,-0.249035136092834
0.784970656037331,0.330158959121397
0.339871199801564,-0.60992713457531
0.235772348474711,1.13753116237054
0.0207937331870198,0.62856770006844
0.428571064723656,1.21039542026879
0.432748540537432,1.2894424095283
0.772475089412183,0.0115611056912263
0.494026993634179,0.680575231856609
0.39188414090313,0.139670439669677
0.720086644869298,0.130101405277369
0.244782095309347,1.23137640125254
0.925611042883247,0.20506141747087
0.0855428550858051,0.524272583121575
0.599969551200047,0.599012974083506
0.122398281469941,-0.524616515484543
0.567807181039825,-0.27975105067196
0.811742410762236,1.17233086446255
0.673541522119194,1.41229407295904
0.374985647387803,-0.332439896785771
0.322244833922014,-0.321086786611949
0.413469636812806,0.824114431993673
0.766257449518889,-0.106124179902945
0.639515601098537,1.58575960565076
0.947066963417456,-0.0486907753808318
0.344687104923651,-0.641415808896104
0.551865390269086,-0.446417947436245
0.528632308356464,-0.254390226794417
0.126385888783261,-0.610827769633374
0.617255520774052,1.13319000058579
0.849041293840855,1.84858776182093
0.3452108791098,-0.643492151582434
0.79956982890144,0.786056016627445
0.197605210822076,0.122441644010266
0.478909124154598,1.0940695290939
0.18591791507788,-0.242193302541325
0.660714937606826,1.60459150366542
0.120494803646579,-0.479794866552386
0.424039629288018,1.10949376369298
0.261188157601282,1.20005017121375
0.00309354439377785,0.100127188496597
0.795051690191031,0.640221333106355
0.678885592147708,1.2946286785858
0.151847655652091,-0.846468159032243
0.0254674742463976,0.742882294958365
0.0184700069949031,0.566705035174493
0.577719619497657,-0.0664665534414551
0.111823184648529,-0.251130975939353
0.956105243880302,-0.0255570936626739
0.285376886604354,0.72878607768697
0.380923577351496,-0.183143906678129
0.458215781254694,1.4250908392496
0.740522544598207,-0.215478487291205
0.524444835959002,-0.170222382177794
0.880421912297606,1.4574325149458
0.555150649743155,-0.431786258585842
0.799131192732602,0.771840196297585
0.502675327705219,0.418726347196803
0.611220499733463,0.95646791300889
0.89858187106438,0.943118968750291
0.638996670022607,1.57984199698939
0.803662885213271,0.918482024334559
0.694143582135439,0.877092137670774
0.711174620548263,0.36728027717469
0.789665566757321,0.470673507823908
0.385357719613239,-0.0585911086282493
0.022458934225142,0.670925427891976
0.356243259739131,-0.6245833093514
0.573154838755727,-0.173730481453605
0.715397990308702,0.25030280340049
0.703078593825921,0.60651242995034
0.817302958108485,1.3345134868541
0.552756756544113,-0.443495282094245
0.268494198098779,1.10440161712581
0.168870563153177,-0.660488810510224
0.0339017696678638,0.908717589031508
0.0228161965496838,0.679785652728242
0.226603662827983,0.96842260720613
0.0936678021680564,0.291290173376184
0.314028504770249,-0.112560891999518
0.524984299670905,-0.181773621893868
0.442358861677349,1.41368413226766
0.573171167168766,-0.173372952435063
0.447804995113984,1.4454283265145
0.994138485752046,0.811032527174086
0.454730722354725,1.4437070794968
0.905847292160615,0.723180597929443
0.775660218438134,0.0833708466955773
0.926208693999797,0.192767659423583
0.791843953775242,0.538408753184013
0.949487396050245,-0.0503829385030824
0.450038808397949,1.45003806517155
0.408252803608775,0.664627311919742
0.904206403531134,0.772442622907508
0.164139245636761,-0.738816570583454
0.938576203072444,0.00228863836704907
0.608511712634936,0.872739666438674
0.216223216615617,0.704110145418535
0.367353919893503,-0.487675129574719
0.0188408007379621,0.57678061146138
0.788796842098236,0.444060790326646
0.762873639818281,-0.15645031721972
0.541705879382789,-0.424538054054988
0.336117284139618,-0.570272444809103
0.607925517484546,0.854348302088608
0.16223051934503,-0.764855658095153
0.872176930774003,1.63913520314273
0.769069955218583,-0.0567733275439073
0.0584591419901699,1.02335447114633
0.514804807724431,0.0662865917294366
0.0661690884735435,0.939904306976037
0.506062530446798,0.316751922582516
0.0603171521797776,1.00824758139047
0.879154727561399,1.48821368316878
0.0260129508096725,0.75526003387712
0.804863221710548,0.957052142296086
0.298930698772892,0.332517469649384
0.484621293144301,0.94918009714386
0.78917932882905,0.455747472713722
0.577816964359954,-0.0640270943438336
0.490548296598718,0.783138076008894
0.0764285104814917,0.751100469695402
0.0978925814852118,0.164050730148329
0.505473451688886,0.334366031490191
0.320729279192165,-0.285435463643969
0.329901019809768,-0.477284315979704
0.0380639643408358,0.968578318405487
0.379920977633446,-0.209870895232004
0.015827365918085,0.492821364298164
0.286894522141665,0.687081376184816
0.872215265408158,1.63840017452199
0.229141587158665,1.0220150405673
0.965965545969084,0.0891379266358598
0.946050551719964,-0.046261943736031
0.984530851477757,0.517457827051165
0.908763157203794,0.636924903759057
0.411142809549347,0.754098562690828
0.0638121156953275,0.971136579039884
0.0671519066672772,0.925454848727246
0.67958187777549,1.27794311721316
0.979283773573115,0.37344522219884
0.704996225656942,0.548678876351747
0.635297262342647,1.53050458539282
0.340736638987437,-0.617215907800762
0.203773654066026,0.322048982473852
0.0260907474439591,0.757007995433454
0.640316349919885,1.59439698950365
0.469964732415974,1.27963247488831
0.295545828063041,0.435021546649328
0.767839145148173,-0.0791857374762835
0.77627683407627,0.0980953763041977
0.46893073245883,1.29723249935661
0.35467452229932,-0.634561728417969
0.723561197752133,0.0491279259839289
0.522918519331142,-0.136471054113026
0.372731485171244,-0.382931419716739
0.249356018844992,1.24915137379051
0.217447875766084,0.738549515774929
0.223571502137929,0.898243753979141
0.668461930705234,1.5049253156587
0.368505182210356,-0.46721278500389
0.300798468291759,0.275716477714234
0.867938706884161,1.71329684379777
0.076154786394909,0.757149014734264
0.32819654000923,-0.446237755986563
0.416351319290698,0.907747269969427
0.30105825397186,0.267818349061173
0.337548998417333,-0.586918515625166
0.633331153308973,1.4993223113198
0.583666026592255,0.0927447542466915
0.515224763425067,0.0549541020396271
0.581363854464144,0.028771205691695
0.0544451349414885,1.04471018442304
0.0771859791129827,0.73410390317117
0.219073699321598,0.783070535376614
0.653339027892798,1.64784220721862
0.405181786045432,0.567254334799656
0.9609507212881,0.0195466675579999
0.392373586539179,0.155068407769662
0.30944546777755,0.0170430190047883
0.143978937063366,-0.838184106218499
0.219349383376539,0.790476924077341
0.175632874248549,-0.517276144625987
0.684793603839353,1.14455191848547
0.99268479924649,0.764888567126343
0.82026918977499,1.41487507424679
0.58026347309351,-0.000805283337128704
0.864764770725742,1.75910190007354
0.237417577998713,1.16030310787753
0.53731140983291,-0.384284622895293
0.582735686562955,0.0665646003680033
0.722855468047783,0.0649563663919343
0.831404760014266,1.66556567756726
0.434934676392004,1.32500764492222
0.115408583078533,-0.349981176605536
0.339592604432255,-0.607431107407251
0.0388298544567078,0.977886541641986
0.647927120095119,1.64580746818258
0.489714070921764,0.807261564264291
0.496711437124759,0.599840997022982
0.41019507823512,0.725034843167653
0.722054289188236,0.0833170820490419
0.8231018751394,1.48681108128846
0.426374707370996,1.16335097833744
0.402841259492561,0.491983575431574
0.342662096954882,-0.63088401343978
0.109920711023733,-0.196726305576601
0.916516735451296,0.42060144406629
0.650216452777386,1.65019333242752
0.0703961991239339,0.872034572944242
0.490032835863531,0.798068585502492
0.64101347932592,1.60142522200975
0.867126082303002,1.72584505313611
0.662127542076632,1.590421547415
0.65843839244917,1.62350471925552
0.0276448866352439,0.790999088623256
0.235909302718937,1.13951949421276
0.331233167322353,-0.499942535327443
0.0455915953498334,1.03601660439014
0.436894344165921,1.35332567312122
0.700122553389519,0.6962724346197
0.98625743156299,0.567809729109235
0.773175155045465,0.0267143964739087
0.319316557608545,-0.250964164725911
0.493050444405526,0.709646820880525
0.0754480333998799,0.772532299893893
0.711180904414505,0.367101194837039
0.459876766661182,1.41212250860906
0.352205330505967,-0.645395596882738
0.69322226755321,0.904545672055759
0.63489255332388,1.52436154257543
0.308549476554617,0.0431774843882797
0.503240579040721,0.401610554509879
0.607054553227499,0.826870038801087
0.453214693814516,1.44811927583452
0.762283017626032,-0.164183668652924
0.568971834145486,-0.258605779357535
0.400933601660654,0.430259357859744
0.987397763645276,0.601748947957219
0.984719881787896,0.522906050632846
0.113575962139294,-0.300112214521238
0.733233206672594,-0.131215129302992
0.813986402004957,1.23937911839267
0.163688941858709,-0.745255633030548
0.768754054326564,-0.0626447880146452
0.762043231865391,-0.167232421237972
0.815037242369726,1.27006991193335
0.246509583201259,1.24050353078599
0.669291018974036,1.49119817744962
0.821303541073576,1.44171755037173
0.608193306950852,0.862760697205746
0.180002454202622,-0.407720420283693
0.287851609988138,0.6603065879038
0.112217091023922,-0.262240034237417
0.958292138762772,-0.00796783324084505
0.141607677564025,-0.823836847581612
0.657608406385407,1.62917764735967
0.78008303209208,0.194410122361987
0.639735857723281,1.58819535031385
0.145557556534186,-0.844719259033404
0.356216463493183,-0.624773815866901
0.563090312760323,-0.3535338090134
0.771287344861776,-0.013302710180447
0.487936537712812,0.857914077599551
0.0875133606605232,0.469808972413993
0.504172099288553,0.373476698233045
0.346916266251355,-0.648394695220762
0.971160059096292,0.184096967966227
0.00761592108756304,0.244600875106783
0.798842006362975,0.762470587281933
0.135455535724759,-0.761956619033861
0.608276218175888,0.865361662132563
0.985694481758401,0.551250280200053
0.696664768503979,0.801252537452007
0.145636854926124,-0.84498344480131
0.879318527877331,1.48428806499114
0.0672988772857934,0.923223384207031
0.733901900937781,-0.140915916297108
0.20989102893509,0.515650346327121
0.795123480726033,0.642521684412102
0.935700762085617,0.034916314176441
0.823729350464419,1.50205358034579
0.301209717057645,0.263214482682442
0.919230547267944,0.351171539355211
0.44976290082559,1.44973515946067
0.867817163933069,1.71520891409974
0.897437093080953,0.977866221246658
0.454234261997044,1.44539970659799
0.820622722152621,1.42412160574796
0.395785685395822,0.263775542084112
0.360431046457961,-0.58635377470205
0.35081305867061,-0.648860736859328
0.628474119352177,1.40839590615848
0.764786643441767,-0.129242847491001
0.603390781208873,0.709713964739412
0.158666431205347,-0.804498124829207
0.622881244169548,1.2813899808587
0.691758249886334,0.947797093104104
0.736541165970266,-0.175393546318007
0.520213219802827,-0.0729780035334032
0.249741872306913,1.24970899194646
0.205642346758395,0.381975078081702
0.314978695241734,-0.138415344417638
0.826394224539399,1.56378479639721
0.473787950584665,1.20730063622884
0.458000957034528,1.42657664058378
0.776634396053851,0.106750725146239
0.227651304099709,0.991135727014716
0.577186878304929,-0.0797097468550455
0.787187632638961,0.39545645573357
0.758589182281867,-0.205225146630348
0.981947449268773,0.444727458911985
0.211414649616927,0.562379962230871
0.942872803891078,-0.0321644718965348
0.415433907881379,0.881527712315421
0.0541591930668801,1.04563467336577
0.623649110086262,1.30011897789004
0.530317939119413,-0.284529607309922
0.872213494032621,1.63843416338944
0.356562934583053,-0.622257021809538
0.570823759306222,-0.222712646491364
0.236848199507222,1.15269841650702
0.846236819634214,1.8392565223462
0.874488852918148,1.59285881245316
0.353236629394814,-0.641598237966703
0.472828788449988,1.22648603423914
0.44677321636118,1.44163943349352
0.410629370715469,0.738389278578303
0.387099748244509,-0.00717024456080029
0.632009946275502,1.47650526113657
0.916793758282438,0.413339972501032
0.984821064397693,0.5258290353822
0.519659022567794,-0.0594263830277821
0.837197619955987,1.75740020123638
0.893813063623384,1.08695987011491
0.18004691391252,-0.40654533554671
0.692905721720308,0.913938510884077
0.343838558765128,-0.637485696753484
0.10564213921316,-0.070684174048422
0.635911374120042,1.5395494389425
0.555442183744162,-0.429977800872084
0.809416513890028,1.1009489829343
0.961861370597035,0.0304904621106183
0.872193408664316,1.63881939217016
0.921303817536682,0.300882996567791
0.0969061562791467,0.193949159640283
0.977423179196194,0.326141862726437
0.907290517818183,0.680249404235566
0.707938809879124,0.461111331432326
0.822983965510502,1.48391788723732
0.224263851996511,0.914829905114611
0.69217581441626,0.935512089448608
0.487335601588711,0.87478549569326
0.339723468525335,-0.608612609626559
0.769866873277351,-0.0416013323012232
0.624134049518034,1.3117449743262
0.546016888460144,-0.446164170841112
0.855403762077913,1.84102839605931
0.504100203281268,0.375644439717661
0.158353529172018,-0.807407889535355
0.811407737666741,1.16216970963666
0.205883949995041,0.389682786217766
0.0452048215083778,1.0338793098979
0.0626193289645016,0.985057757743644
0.512273225467652,0.136181473704996
0.543077269103378,-0.433366155402463
0.131347375456244,-0.701817910833888
0.102796809282154,0.0150454649655213
0.861574595561251,1.79618769415737
0.72676889761351,-0.0185211247743466
0.370214407565072,-0.434825052655597
0.635553223546594,1.53431515138935
0.271284268470481,1.05593424284933
0.956667055608705,-0.0214780045844341
0.232682244386524,1.08829991856901
0.680997065966949,1.24315667788645
0.947056349366903,-0.0486706520752226
0.412603325676173,0.79828371595708
0.259024679427966,1.21910176713087
0.517235666746274,0.0018355941665863
0.827076461864635,1.57877391650071
0.939203064655885,-0.00381951040064166
0.489109243499115,0.824616085783969
0.677697280421853,1.32242008166661
0.27888886583969,0.894550911773182
0.888300629099831,1.24762758140868
0.22383071272634,0.904491270002896
0.472087067551911,1.24085387922845
0.440981049556285,1.40110846889286
0.848995404550806,1.84849741971977
0.835182739887387,1.72878090023927
0.385079125175253,-0.0666951184819715
0.447130513144657,1.44306997029246
0.112091087503359,-0.258692601136375
0.387626843992621,0.0086280277718237
0.504946539876983,0.350171116559598
0.494659095769748,0.661662353710952
0.936822896124795,0.0212921485026101
0.620898038381711,1.23127091264638
0.484034141525626,0.964847622960031
0.132997020380571,-0.727697352755467
0.230836362577975,1.0550164503825
0.37729297298938,-0.277086943120491
0.781837331363931,0.241702710446216
0.89496529661119,1.05247648492821
0.38437527185306,-0.0870139328933009
0.306845682440326,0.0934362589362886
0.763988341903314,-0.140994591499729
0.250405780505389,1.25032452622926
0.342298672301695,-0.628575290820632
0.344134757760912,-0.638936974187708
0.919972741045058,0.332880518299504
0.654948784504086,1.64288754679396
0.0109292226843536,0.347574226003146
0.454334965674207,1.44507584514467
0.493010710924864,0.710825550205159
0.301252504810691,0.261914058892475
0.828275170875713,1.60426992409872
0.0710462150163949,0.860310522763798
0.539837745716795,-0.409631248159506
0.935711839934811,0.0347763127687577
0.135595072992146,-0.76374250817318
0.359491517534479,-0.596379820518642
0.947249979712069,-0.0490203417848337
0.954327441519126,-0.0364455024987329
0.745858701644465,-0.245689870184235
0.135689926799387,-0.764946644372147
0.382639669347554,-0.136112627216414
0.274839045945555,0.985512272231099
0.342258960474283,-0.628315337556143
0.534153202781454,-0.344462002453881
0.148703540675342,-0.850467129081552
0.969575740164146,0.152796532305477
0.34701777738519,-0.648596590786858
0.0892474823631346,0.420659995841079
0.647231906652451,1.64345307536662
0.630923377815634,1.45664853428851
0.65465155011043,1.64399314643609
0.550518451491371,-0.449348907930892
0.608978984411806,0.887336020585342
0.376506405882537,-0.296357245656544
0.222805877681822,0.879530896884968
0.667913026176393,1.5137018715077
0.22400927147828,0.908768676574431
0.264046916738153,1.16824541651018
0.320156464586034,-0.271598377496934
0.684813723200932,1.1440106414561
0.0199540923349559,0.60657194366348
0.234760436695069,1.12232497961264
0.382262475322932,-0.146583933645508
0.187740941531956,-0.187938379492482
0.291808478999883,0.54632161000987
0.499068197561428,0.528337453795599
0.492307581705973,0.731626619680415
0.323670290410519,-0.353289474585611
0.119264296023175,-0.449666963980213
0.0601685477886349,1.00957546770094
0.349787892773747,-0.650189905892168
0.768931487342343,-0.0593569920248191
0.521764673758298,-0.109945550153393
0.354962424840778,-0.632909891933352
0.0732695064507425,0.817754564777133
0.465145075693727,1.35407320608754
0.894030431983992,1.08047254635906
0.0374470073729753,0.960688163713174
0.266209325753152,1.1393289899208
0.100530738476664,0.0838578700472798
0.142704823520035,-0.831147111491663
0.190184824401513,-0.113304748904999
0.041648639831692,1.00742773431003
0.773484679404646,0.0335297419872831
0.673154055839404,1.4200557310313
0.636677566915751,1.55036225446709
0.0486114439554513,1.04766012159376
0.35407296102494,-0.63775185321543
0.996059760451317,0.872589372528885
0.0590328022371978,1.01903847419936
0.46686221472919,1.32979963401957
0.276281629689038,0.954352361576424
0.99752064421773,0.91970812288764
0.566724073374644,-0.298398180039898
0.162687902571633,-0.758916514552911
0.783920432208106,0.299977765281402
0.767468709731475,-0.085684665346045
0.78040365036577,0.202924568218641
0.99274665932171,0.766843153708673
0.668206958798692,1.50903322263851
0.933323713717982,0.0674494540430363
0.0431772274896502,1.02029342695247
0.779282680014148,0.173416796451174
0.899117928463966,0.926825476595348
0.858073560986668,1.82607941720678
0.586475520627573,0.174260376231875
0.412753023207188,0.802768168244114
0.804063668707386,0.931381089398337
0.786269629141316,0.368169993699493
0.280270653776824,0.861155799768218
0.922903327737004,0.263872632626561
0.230990640120581,1.05790589842584
0.87366617936641,1.60977362868671
0.613870449597016,1.03596362774048
0.732128038071096,-0.114348379281968
0.30824176594615,0.0522024419160877
0.366802379954606,-0.497083379682647
0.391579265007749,0.130108955822764
0.0462210001423955,1.03918196166079
0.87410334777087,1.60084557263963
0.75371296168305,-0.23949158865731
0.495302195893601,0.642352872000111
0.0916430049110204,0.351180005174949
0.171107611153275,-0.616970832389164
0.691149218240753,0.96563558238905
0.683119026012719,1.18893830704654
0.210843479260802,0.544950782580463
0.130633201450109,-0.689915539528713
0.27087260200642,1.0634743330884
0.362719677155837,-0.558496838111463
0.136687803547829,-0.777127539911733
0.738216864643618,-0.194046057142867
0.899716082261875,0.908635502795145
0.114075560355559,-0.313850406748461
0.634118412155658,1.51221116159789
0.50330211315304,0.399749137912497
0.216413993854076,0.709523846563977
0.902950325282291,0.810395777313921
0.642034629825503,1.61088777440436
0.394692812813446,0.228734024761548
0.757266830420122,-0.216787029486836
0.0289039369672537,0.817205656052645
0.300269885919988,0.291791271271416
0.50561919156462,0.330002550136262
0.804177276790142,0.935033936955048
0.328386502573267,-0.44980956643272
0.713536737021059,0.300970777085107
0.595573119120672,0.456946445147462
0.550925611518323,-0.448651625796696
0.149889037478715,-0.850104886462844
0.999934787629172,0.99788608201115
0.0963301199954003,0.211367550871643
0.959653683705255,0.00529146427094895
0.196683961898088,0.0926958832485954
0.0466029210947454,1.0409134908931
0.275603969115764,0.969167451719343
0.843838814413175,1.82516461483115
0.0366916721686721,0.950556368411137
0.359430266777053,-0.597004618012995
0.840873748064041,1.80005331468822
0.136207855772227,-0.771380216761096
0.902442297665402,0.825790513994304
0.894909342750907,1.05415618639251
0.110580262960866,-0.215721710565854
0.750452044187114,-0.249447117811666
0.727574444143102,-0.0343483252479516
0.542469918960705,-0.429678955866411
0.643948579439893,1.62593184824017
0.00456856028176844,0.147601860618382
0.454467592993751,1.44463418859465
0.724668233888224,0.024969716648044
0.905338706681505,0.738403517621876
0.411032292293385,0.750724554372318
0.321411277167499,-0.301653651731812
0.188579853391275,-0.162547161805655
0.880279616452754,1.46093554488829
0.17565635452047,-0.516720608529432
0.892093008384109,1.13795169164875
0.696332778781652,0.811287235553888
0.0185357616283,0.568497249707905
0.701005028095096,0.669436385088187
0.732519885990769,-0.12044653604546
0.379310341086239,-0.22586396767863
0.360480386996642,-0.585804377400027
0.640342741040513,1.59467140993431
0.52705942792818,-0.224284991973547
0.620154520962387,1.21186013978334
0.814152732957155,1.24426869049316
0.0365034614223987,0.947951482300717
0.826807194855064,1.57289886190838
0.891444583190605,1.15699649833806
0.60655038128607,0.81088731115714
0.233034372329712,1.09432557995431
0.192946671508253,-0.0268312787658754
0.0400810588616878,0.991921414476002
0.596329368883744,0.481268497826801
0.244373309891671,1.22879054245853
0.656416529556736,1.63616774216666
0.892689702333882,1.12033594648082
0.500532762613147,0.483796312933598
0.837036461802199,1.75524541076303
0.38124129245989,-0.174556372805468
0.00729796872474253,0.234567040334829
0.469411589438096,1.28915522592707
0.258899912703782,1.22006609134232
0.390423040138558,0.0940726933406414
0.90045494469814,0.886162922080848
0.997532355366275,0.920086640357043
0.830059262458235,1.6401691838625
0.722344106296077,0.0766279544250283
0.0983524245675653,0.150089424583405
0.146362116327509,-0.847114174417354
0.71591692394577,0.236451970645551
0.48957103700377,0.811376277978049
0.196314586559311,0.0807924118499102
0.274049962870777,1.00194320714949
0.633171513210982,1.49664387251964
0.181553086033091,-0.366075053941891
0.324437627801672,-0.370066679285282
0.769137396709993,-0.0555092781968844
0.0791625124402344,0.68802747591414
0.67991347797215,1.26989560160531
0.481140006799251,1.03958009224532
0.570404052268714,-0.231086809348996
0.426571299787611,1.16770805163688
0.913505740929395,0.501827011407258
0.0136605850420892,0.429767651171964
0.795056298142299,0.64036896005061
0.440022039692849,1.39129229055058
0.537195620359853,-0.382982369015514
0.342115367297083,-0.627362774479162
0.174936569062993,-0.533577888362997
0.582614199258387,0.0631779868628002
0.416664228541777,0.916597893034472
0.986703807720914,0.58103338497114
0.723915980197489,0.0412954131364295
0.264082692563534,1.16780057650311
0.705208581872284,0.542305404691183
0.694676318438724,0.861146084403702
0.858424804871902,1.82360288515994
0.951793688582256,-0.0466190483413211
0.400936081074178,0.430339696756129
0.252123621292412,1.24989896562512
0.666764192981645,1.53125359454753
0.044191378634423,1.02758746830554
0.733403154881671,-0.133716918908692
0.173261620802805,-0.571388812211892
0.0854979988653213,0.525493624600477
0.328317148145288,-0.448508720637148
0.960612809052691,0.0156813528301858
0.547881450038403,-0.449904502903174
0.855814508860931,1.83917701642386
0.624330226797611,1.31640295740037
0.170737424865365,-0.624446542111436
0.634215376805514,1.51376164391577
0.109870377928019,-0.19527117501275
0.553556779865175,-0.440206851150743
0.604158331640065,0.734424906989951
0.158538969233632,-0.805694678675764
0.450439492473379,1.45034417648972
0.109146237140521,-0.174253666625451
0.660706728463992,1.60466844637048
0.78811107063666,0.423233102422401
0.9744765504729,0.255837776585053
0.446642262395471,1.44108372530642
0.547016420634463,-0.448593959099805
0.332923777867109,-0.526596837593675
0.260724815540016,1.20449883649383
0.747384399641305,-0.249241421159773
0.108290729811415,-0.149235260605287
0.0382054627407342,0.970338734106688
0.0163654750213027,0.508148695869006
0.310550200287253,-0.0148588748413039
0.0700912352185696,0.877420175764448
0.904000462265685,0.778652820724082
0.447123375255615,1.44304261973034
0.867358697578311,1.72230990092995
0.40721229207702,0.631859366402666
0.214127798331901,0.643536441331883
0.0646221511997283,0.960954855240193
0.996431762585416,0.88456690982285
0.912183509208262,0.538704838392602
0.607834658585489,0.851490049835466
0.731395035516471,-0.102597351138951
0.313040183624253,-0.0852659689927603
0.934775783214718,0.0469892364213985
0.505133341532201,0.34456278750595
0.685964496340603,1.11275274916545
0.939904377562925,-0.0102195408674852
0.482565041165799,1.00332029239215
0.685604013036937,1.12260638524997
0.430949492147192,1.25713713923518
0.704228062648326,0.571789804014797
0.0435565377119929,1.02313799117557
0.455095087178051,1.44231171243014
0.212527020135894,0.595994561318124
0.494457804365084,0.667692628866975
0.937908273888752,0.00919645702996963
0.612032824195921,0.981115968845209
0.854829991003498,1.84333975511025
0.386270634829998,-0.0318002997934547
0.591533970087767,0.328690447587608
0.25058352202177,1.2504154977241
0.746424732962623,-0.247273968025316
0.609653322491795,0.908294052216641
0.936449725413695,0.0256975404136658
0.300104688853025,0.296815797466497
0.569901971146464,-0.2409213668678
0.268931017490104,1.09722776729532
0.90875872829929,0.637054376092879
0.45751928514801,1.42974759169845
0.575855511240661,-0.111993500432635
0.227637718431652,0.990846429074262
0.616311226738617,1.10660980475768
0.373008695663884,-0.376921687257594
0.93760937359184,0.012420369494026
0.324138779193163,-0.363580024067517
0.1339803901501,-0.742029333678251
0.282240644097328,0.811669020023906
0.155217642895877,-0.83137800519188
0.169504099758342,-0.648571551522895
0.630425208713859,1.44722161503179
0.0884878661017865,0.442319273261215
0.550382058601826,-0.449545909559633
0.231835302431136,1.07337950258999
0.718107376014814,0.179435449354012
0.852691594511271,1.84911861745446
0.306590359425172,0.101024140533178
0.473840346792713,1.20623324162692
0.408745175693184,0.680039752659683
0.0672803961206228,0.923504988997826
0.709172154311091,0.424991513849002
0.460772186750546,1.40405317335394
0.190873941406608,-0.0919179675846361
0.0510896816849709,1.05050377744756
0.425016063032672,1.13247958503836
0.0847918807994574,0.54459826539274
0.969939230708405,0.159801556651095
0.969354975735769,0.148593993732432
0.404812983470038,0.555441819009596
0.714634924195707,0.270893186852976
0.0539511642418802,1.04625698667255
0.9734205766581,0.232112513350509
0.534583207219839,-0.350402585484438
0.736376541433856,-0.17342379868109
0.421195370610803,1.03894062208953
0.746054930379614,-0.246274579721969
