0.2334911278449,-0.11093538404431
0.182851308723912,0.926345072707683
0.794202398043126,0.852034173402726
0.820824426831678,0.859592336378613
0.550676898099482,-0.478445764416192
0.832947239978239,0.513593045083489
0.434648879338056,-0.890384655291698
0.331388067221269,0.823612560434811
0.445434687426314,-0.611289924022525
0.724763320293278,-0.970068007683355
0.876015374436975,-0.938950074855438
0.387741227867082,-0.127315162189064
0.636474117171019,0.758696677413184
0.97622625133954,0.825414835736507
0.70817975117825,-0.603773254215576
0.0525185344740748,0.83968270617912
0.0356950161512941,0.993623788092308
0.530758647946641,0.309428021569587
0.04550442378968,0.958917075327111
0.120684436522424,-0.976666350896218
0.517761009512469,0.748252590215019
0.249221017351374,-0.68425672266678
0.338035794207826,0.945539929944848
0.133749698987231,-0.731659590129805
0.954489218071103,0.958843377868395
0.711153532611206,-0.695903600710922
0.780546742957085,0.445875685947937
0.725469800177962,-0.976669776272482
0.87448275485076,-0.915589944308847
0.66284354054369,0.933242979934328
0.2342305383645,-0.14089189725458
0.841143903322518,0.203184913822702
0.631804456934333,0.62145452033359
0.153685978613794,-0.00654162267584606
0.462788571603596,0.051033198054753
0.107464236905798,-0.948136939873187
0.952241181395948,0.928773100863042
0.603201623307541,-0.477284551437559
0.884404096286744,-0.999962768993687
0.335245412308723,0.90239182325204
0.493289367528632,0.962678143428638
0.85204574582167,-0.238313874606433
0.220648417714983,0.401671322087768
0.289550049463287,-0.674983697775145
0.304380925605074,-0.134827308260664
0.844859874807298,0.0528221066785463
0.552274227840826,-0.534672341454638
0.169753397814929,0.604918131177253
0.272103510564193,-0.993125339310167
0.510448065120727,0.910333847499392
0.704701158218086,-0.484820461870385
0.53099301061593,0.300312193682307
0.506755150854588,0.962184469066827
0.292024963768199,-0.597087444546171
0.065272772917524,0.458055622449017
0.57913719676435,-0.995914335041375
0.281116039725021,-0.884487079231458
0.671633665449917,0.747534096639146
0.761908822692931,-0.294596692956425
0.795744830509648,0.883298888157352
0.470860154135153,0.371574614816258
0.100317918229848,-0.816580393438458
0.378709643147886,0.238862857775834
0.14620308810845,-0.307103723720389
0.549243875546381,-0.426263558374452
0.240469674114138,-0.385890543568426
0.225137868896127,0.227966604994578
0.215366647345945,0.588378772780583
0.639131932053715,0.824804947740668
0.39306401531212,-0.338241876416987
0.563569812569767,-0.854942304450501
0.944363440619782,0.763913750790646
0.922785314265639,-0.0119092277586122
0.878996974090114,-0.973789396383196
0.672705561621115,0.717749495123592
0.434033066499978,-0.90155047314998
0.131526796380058,-0.790446919758276
0.760613769991323,-0.344704824773814
0.558668326353654,-0.734723811248978
0.908979819621891,-0.544451983936459
0.162715548183769,0.354362568649729
0.477397063979879,0.60333506994168
0.57025990774855,-0.963200969490422
0.600237825419754,-0.579899701943175
0.865226378664374,-0.702522370319528
0.519167704507709,0.708925663471189
0.897184046916664,-0.871122378504206
0.284629656467587,-0.808674253107961
0.197547056945041,0.977193639857519
0.082909444347024,-0.242059061647938
0.466452643740922,0.199354018676599
0.930469696642831,0.297359712458845
0.412307570688426,-0.904824937602094
0.721819320460781,-0.933937791708924
0.724251788808033,-0.964783585983584
0.901076233247295,-0.782408356145936
0.847350411582738,-0.0488491266008749
0.942212808178738,0.704361344852369
0.547059734817594,-0.343983865337159
0.471680231392384,0.402454985574966
0.452939130598679,-0.344027374464906
0.366840740665793,0.663830498218922
0.0500038552563637,0.890935031710845
0.13027730374597,-0.820661917595913
0.0599879438523203,0.637803298981093
0.514272591331974,0.834868387453985
0.0721579168457538,0.193386359151617
0.0177239454351366,0.662280537303248
0.897012460511178,-0.874542208747598
0.56652995548211,-0.911260264298307
0.927497123135254,0.179545165945585
0.329328205436468,0.773043677044077
0.466195119079202,0.189036806064681
0.0615906140301377,0.586060759005269
0.838863448007032,0.293365169877106
0.0395167614333332,0.99907150897395
0.747356344712898,-0.779186511300273
0.659263108856976,0.975627793078737
0.997290586819872,0.110428665552838
0.343512234045193,0.994186023544484
0.246998700778931,-0.615344545191919
0.596686576725915,-0.691556052390557
0.732734624994919,-0.996780246569066
0.112833978841081,-0.994579231623193
0.650356243597344,0.989859727522011
0.565325514180586,-0.889908117027865
0.423079106491059,-0.999999996024162
0.990445886971429,0.380370343786052
0.182323065819219,0.918003800048276
0.718587584793568,-0.878775039706014
0.490637388080359,0.927780832393839
0.764334748266265,-0.198627134256854
0.082881816662848,-0.240964128652047
0.955150172347203,0.966157638766182
0.390778205357492,-0.24904488379212
0.539039266528562,-0.0235926320581928
0.326932006049901,0.707364596087276
0.508033087477088,0.946663744205579
0.675012707943097,0.649053309157697
0.0742627629078925,0.108435464354926
0.774757815757766,0.223816414982613
0.725849793059751,-0.979884724065891
0.983322696061805,0.629657950019409
0.394248023396358,-0.3833343695929
0.102747161639854,-0.869739296859715
0.0132214401382953,0.514112773040705
0.00437038158997893,0.177543237496133
0.65750257181935,0.988870877493348
0.177813721587881,0.829857557699477
0.389631676720455,-0.203438806718992
0.600785765564069,-0.56152472828467
0.348375627072528,0.995886031938582
0.178133393172175,0.83707133695675
0.348072056192905,0.996932909116651
0.484797937562689,0.813376755359799
0.348055623471737,0.996985207387743
0.760180938988924,-0.361243817339719
0.755667808232829,-0.526025850890733
0.500440516741946,0.999838166071346
0.476311338366941,0.567391573123111
0.400570270605385,-0.606466348890566
0.389648568350822,-0.204114197627858
0.0693960345815867,0.302590797577596
0.503802395192906,0.987966332569828
0.0593824908137321,0.656651198897858
0.799997229361907,0.951021543446768
0.0623581984546036,0.560376158720919
0.416492176475003,-0.964056892355317
0.732575457775965,-0.997280405410898
0.614271785598248,-0.0454331076680313
0.108742324402556,-0.963429804572671
0.0159667630214244,0.606851958207994
0.43635534029454,-0.856523945492032
0.959397416329011,0.996179401579064
0.32853868114762,0.752190847170127
0.386376351583749,-0.0718571489909504
0.686967516085133,0.216371665717418
0.518267789389938,0.73436246709
0.637774906586856,0.792218091395532
0.160425208741799,0.265471789025619
0.297130001010373,-0.418117552477237
0.879320244304836,-0.976707388786926
0.35801293188706,0.884985519558552
0.378409737721086,0.250738443046536
0.760406135581434,-0.352652545603871
0.455845166696236,-0.230428657829764
0.606139911338687,-0.368653635969144
0.480032851453871,0.685524529601231
0.502422511577606,0.995109718167288
0.860523837385699,-0.553766255174636
0.283161347964779,-0.842475394536323
0.142720470903441,-0.438905962917757
0.253230137983337,-0.793974725582322
0.789755658712238,0.743474553131879
0.477632533526048,0.610976287767396
0.974034208804369,0.872580859924782
0.0379929556511343,0.999816888379769
0.739020281005651,-0.943757924212861
0.162849410902709,0.359469528158489
0.558067337144166,-0.71785379548865
0.60301696206443,-0.483898171058324
0.461410547373816,-0.00522408083717048
0.675180392339826,0.64382829669062
0.6501323368866,0.988519397079424
0.421540079871193,-0.998030876315487
0.728603029157966,-0.996089152119443
0.926518464460969,0.140092637931114
0.0708356220275164,0.246062696115795
0.145349580794573,-0.340083820373532
0.198202923638746,0.97115575258228
0.692897219676524,-0.0240743869665346
0.96188102546148,0.99990213382439
0.764868892729282,-0.177201391396022
0.41697323997505,-0.969090617703944
0.607556032249704,-0.314305367004786
0.0854487523902208,-0.341201298893622
0.555874912301078,-0.652723983367265
0.0512131110299379,0.867429753482879
0.906040663132444,-0.640978844758553
0.340331295039505,0.971859255184797
0.0289566416759044,0.925596941788324
0.248573437798768,-0.664732990959998
0.148178378585726,-0.229414342589154
0.493823114549741,0.968348729850742
0.0339895926881582,0.983368096112045
0.773033330915496,0.154675802342343
0.139431289862841,-0.555291308366948
0.588237763149664,-0.895118339882386
0.345121825113893,0.999111884882356
0.0219390818383545,0.780838931707904
0.446840181015432,-0.564880255101117
0.342027697945014,0.985834949480642
0.422908053267747,-0.999976217431399
0.747600447852165,-0.772899187779921
0.527022641384974,0.450363671966516
0.721494051860645,-0.929107281168802
0.814705083379522,0.959265199238798
0.66338768764399,0.925029547440035
0.982957336353138,0.641179563739199
0.436377267586067,-0.856061414591009
0.192263132194057,0.999998344043539
0.368694541510195,0.605360294683758
0.121137666981667,-0.972523961521218
0.640471410704777,0.854486947083504
0.192115315701813,0.999969135536191
0.54003230901435,-0.0641073836142139
0.104502704693004,-0.902858072911116
0.384993543149903,-0.015443646994268
0.374571244698018,0.398801685571611
0.341440440854058,0.981529250520317
0.413561425637454,-0.925432983346361
0.314196231309325,0.262512228505396
0.188193512847647,0.985916814476182
0.352649835171178,0.96501368333792
0.284380582161248,-0.814616275583902
0.402669759932905,-0.672331126842383
0.692524584243074,-0.00885790360106746
0.630469576455653,0.577840657975798
0.690386730246246,0.0783729892537929
0.769561974098906,0.013526227656328
0.617439913097769,0.0838412694863982
0.739591808989644,-0.935783938709884
0.0417823051102459,0.990817363592308
0.535798337310553,0.108552680987844
0.389926277333871,-0.215203883308619
0.90119053889066,-0.779492569495371
0.0381819354370236,0.99993480182115
0.684372513089329,0.31843520976111
0.696402350673452,-0.16645038370984
0.467513186857104,0.241597702331
0.0920136182103306,-0.578026643431178
0.974453707924113,0.864084434060511
0.143819957505912,-0.398129547709598
0.985892125871032,0.544820900682834
0.893846270628273,-0.929774730120859
0.954050499247387,0.95360230174764
0.110778835602105,-0.982360678872383
0.87980323145166,-0.980749721693354
0.162167117698118,0.333330614601975
0.130679201567546,-0.811172722596384
0.366260011447594,0.681379971350402
0.661808214150369,0.947594464809206
0.16602366999723,0.477088015527773
0.402079663239419,-0.654297603659839
0.87624606420286,-0.942149864640969
0.775487597798929,0.252761414647461
0.90922392369248,-0.536062828371084
0.97649938846007,0.81906625264029
0.826008545933291,0.733017982921379
0.754652266856283,-0.560836911918442
0.798884715884924,0.935999558328084
0.489322241395712,0.906411355863375
0.969598760828376,0.946305057102341
0.634093020344153,0.691861798061976
0.778026728658006,0.351556465121713
0.23274671472609,-0.080674072052149
0.216202757088467,0.560430116915645
0.565194066148251,-0.88744655037363
0.193416677881032,0.998974503917875
0.75666568800807,-0.49093857486066
0.957678610924631,0.987600678876256
0.356877013808116,0.90562644817698
0.962406628765166,0.999371481985557
0.975969939725474,0.831278939694984
0.480532333021984,0.700232484869845
0.831182734342292,0.574039587610482
0.694273136556149,-0.0801839548582275
0.418473772704601,-0.982380754138763
0.924546318594366,0.0599751345317555
0.286511240759864,-0.761127497194218
0.0945568981114775,-0.659518242631692
0.487369290785864,0.869875202275155
0.404430772876367,-0.723786695037498
0.617549889953807,0.0883161268818435
0.722618499305099,-0.94510464969213
0.883475295035169,-0.998916183040804
0.237813542596996,-0.283742387099156
0.655894047580659,0.996504429152436
0.609759710729122,-0.227709823707526
0.122928573284298,-0.952911293585597
0.137749653309584,-0.611054803390268
0.181715086102486,0.907874831807399
0.530758290085942,0.309441919543422
0.296181231504306,-0.452993681329725
0.496259953361005,0.988356972181715
0.285949181066826,-0.775814278496575
0.450420463224873,-0.438623940616929
0.233403491554782,-0.107377644994637
0.661479308269918,0.951800282358931
0.412585217971355,-0.909594758191988
0.0853530212771147,-0.337523596042519
0.893406302900985,-0.936239039444177
0.589099116390571,-0.878884291236972
0.532975857611746,0.222169550903594
0.281501380261034,-0.877035254913033
0.052107417723164,0.848682350882344
0.795039782766253,0.869435367106993
0.707955653313547,-0.596452245230404
0.11463137739338,-0.999526863298759
0.152628720039502,-0.0497003705281669
0.726522850804031,-0.984999511970339
0.103900601854548,-0.892013856838007
0.407091575209051,-0.794354044023647
0.900317186489701,-0.801335087510925
0.847601715940982,-0.0590975680178228
0.559648735681549,-0.761289860821123
0.862089838134125,-0.605852626656221
0.928732317872345,0.228922172020288
0.731909171678126,-0.998916465637703
0.720950119430199,-0.920663532831604
0.0858668079599738,-0.357199884965676
0.359446784248576,0.85621772115383
0.878936218330637,-0.973222021830761
0.677813855232671,0.557970769179706
0.573453349526972,-0.989976479080059
0.550285277888179,-0.464340524241153
0.948634317843243,0.86431258368941
0.504191165557131,0.985386122788614
0.152772840345278,-0.0438208427743992
0.78225219482556,0.507089189641371
0.938237096881494,0.58034492811768
0.30087021831423,-0.275028106693243
0.171419963473454,0.657673939285021
0.99735905486159,0.107649056304196
0.446323566837236,-0.5821634656997
0.778648153878748,0.375200088681799
0.900453135836869,-0.798001299353242
0.562409749021754,-0.829416184949463
0.929868479492143,0.273828994060873
0.42126399371773,-0.997260194045787
0.320244974922389,0.490496819635778
0.0403926279395819,0.996891605528019
0.781770331552252,0.490030341183712
0.826733939116821,0.712547692428927
0.302343643503264,-0.216710095365523
0.40785296051763,-0.812856114723604
0.373103854246438,0.453010218002123
0.0408773592207581,0.995136672252537
0.123584263958037,-0.944449944319277
0.0905642583966255,-0.528740051480154
0.54245041962713,-0.162189093337794
0.0396456927992404,0.998830801021815
0.889186212560162,-0.982626606782833
0.145661265123636,-0.328085917947663
0.872926076175645,-0.888192736817389
0.866492746397853,-0.738373266287353
0.100536355981603,-0.821697402519696
0.69115040730685,0.047246739267141
0.344461751170456,0.997613106260598
0.208761733258143,0.782581473776956
0.431262980215251,-0.944632230033565
0.218201442621648,0.491034884746999
0.251173719298095,-0.740177090611057
0.0283323954790831,0.915647197011601
0.405438843648881,-0.751573849747135
0.664108257740736,0.913450853581163
0.398180288495496,-0.526093332790945
0.441699941409752,-0.724438252442913
0.912601105635986,-0.414906251157186
0.259986566612497,-0.929574382161237
0.0187336038798094,0.692604502645543
0.838569037383422,0.304838576065929
0.509472481906414,0.926097220537202
0.510404134867713,0.911074932165255
0.764185742242262,-0.204587677514477
0.557180583942682,-0.692175502679905
0.94196302536875,0.697083509190369
0.105702775763348,-0.922837501721582
0.412178334780037,-0.902565021429222
0.943585994187742,0.743042353986931
0.229951093439013,0.0334070879133311
0.400945927714929,-0.618593141657085
0.84033148502931,0.235554739777346
0.552994057070464,-0.559281070461359
0.722239969763905,-0.939940277682801
0.598978581372648,-0.621012626460139
0.650592206278816,0.99118264553812
0.842394515639171,0.152931219118237
0.429657742381096,-0.964099495877219
0.299259686376899,-0.337626507267802
0.981524871196598,0.684951606581416
0.555975370574743,-0.655826735012849
0.227276608813554,0.142157925178368
0.697801684262231,-0.222500486418617
0.926109104650095,0.123520159405664
0.688001186586916,0.17497534575265
0.136784282978624,-0.641781335765147
0.0192819940857589,0.7085845419294
0.0214124307967722,0.767222111747973
0.922975406050682,-0.00414601499205219
0.241882750065997,-0.438459542859623
0.129914701217785,-0.829033660339759
0.914873789064586,-0.328789731633622
0.185398862464353,0.960455857089097
0.515378732699901,0.809158188187959
0.616886702831835,0.061307838659357
0.478728317422792,0.64578107088772
0.646318163955584,0.953108853298066
0.782839050050825,0.527599075694392
0.0277729809749871,0.906224976697443
0.565754153765738,-0.897756510593004
0.655213595833629,0.998440945146536
0.896989732049406,-0.874991984446795
0.431926422286779,-0.935395727887929
0.56179636111483,-0.815163028926337
0.5760370537173,-0.99934536494467
0.631431743036956,0.609457385069718
0.738643669756129,-0.948731644083133
0.973813608987257,0.876946231078445
0.350801048101857,0.982042930274051
0.697113199159503,-0.195002780701811
0.632779976353049,0.6521664751169
0.558986768126488,-0.743483844424204
0.762221284909174,-0.282378179678801
0.281584806507453,-0.875393266230424
0.138440832262859,-0.588469191904727
0.981230648932979,0.693656844716179
0.386267741909251,-0.0674322275364717
0.679062200011685,0.514955071833721
0.877484030090272,-0.957885817975209
0.339864344103262,0.967190490813519
0.382959621259943,0.0675710162128671
0.137300572358072,-0.625469566385829
0.0955830868333578,-0.690433364142131
0.401039029238746,-0.621576198490399
0.680295689031482,0.471136394384825
0.191318465629593,0.999184002135923
0.346252999501303,0.999991800816194
0.865194499259815,-0.701595207786053
0.534937086049467,0.143444580367727
0.5680970211979,-0.935733855393747
0.657064554514363,0.991373963118796
0.701535681029782,-0.368018966815139
0.0824877796694636,-0.225315041583286
0.543336362345144,-0.197778605249351
0.475921100238338,0.554196282687726
0.0500848900992423,0.88942720034147
0.994233281584457,0.233345591352767
0.732084826100618,-0.998556899361389
0.448421258945018,-0.510456684697803
0.114701708545908,-0.999611088105729
0.736848033266142,-0.96934080455584
0.825572831556201,0.745005532824564
0.1046700514853,-0.905775405654538
0.851796319242567,-0.228408422617782
0.521631876006722,0.634479763151808
0.658578356727958,0.981382089728375
0.452921057352796,-0.344720349402504
0.871170145925134,-0.852987799639246
0.105169653426856,-0.914232663159601
0.0490626743994653,0.907728729691327
0.526788695016876,0.458873705994735
0.764174048323184,-0.205055140234718
0.960765487514436,0.99950174669807
0.523643867578357,0.568897055889983
0.516137646511197,0.790560341672334
0.497054897248745,0.992775068977702
0.0269454936496913,0.891421785794305
0.38876812858507,-0.168789076757976
0.355991824297234,0.92036247630407
0.852994115324691,-0.275741873676038
0.668259591795504,0.831688255024837
0.000563374720513821,0.0230065904208282
0.202704259660095,0.911202296883753
0.9203500978183,-0.111135409942139
0.142011359101161,-0.464740357110654
0.535164582077414,0.134243508533378
0.72272987710312,-0.946581251285394
0.311313547892496,0.147355451643403
0.960988367674872,0.99974764507315
0.63931349851191,0.828974973332199
0.927005681442097,0.159765660310035
0.236957042478025,-0.250033243932267
0.409247655188665,-0.844697249292528
0.427903647534549,-0.980633343079655
0.89590351190418,-0.895601397156142
0.946465514600277,0.81643303100698
0.293973756022751,-0.531419439707537
0.619260227540508,0.157622637527121
0.729586465517059,-0.998833541963775
0.995852712774649,0.168569412798461
0.435925741214305,-0.865446820712714
0.816042612073943,0.942409899959581
0.839411017252132,0.271914450628256
0.0312883707229048,0.957394061984246
0.680515731219202,0.463190684130967
0.871340522775427,-0.856598877370801
0.497375299688429,0.994260157199112
0.324019605759531,0.618489006349483
0.890193677507341,-0.974160753171679
0.977590992581099,0.792684315802548
0.770579798845574,0.0550674504977519
0.0826352762524039,-0.231179884573974
0.331145398318768,0.817951282989156
0.285082914400846,-0.797646884893658
0.0830115219578147,-0.246101890586484
0.320466100005433,0.498346629074463
0.542286865413189,-0.155594295621128
0.751851401524618,-0.651671179051458
0.88537221448496,-0.999522340516202
0.860179238021374,-0.541993038835254
0.255529773654416,-0.847489647119381
0.101710699498653,-0.848076182078487
0.138870893511921,-0.574178312166394
0.719853850314394,-0.902269534026498
0.252825255040079,-0.78381374378839
0.691253254888579,0.0430506578861628
0.771961396094412,0.111289707034516
0.106817961670458,-0.939417907920352
0.688395926728845,0.159080538943282
0.263518667314202,-0.972911943898332
0.752657878678292,-0.626339405124891
0.177920905407518,0.832292115031723
0.119823135668412,-0.983615118071235
0.120059622917324,-0.98182805761842
0.622720014071092,0.295121662458419
0.652047234587371,0.997302357231398
0.12901026639156,-0.849119007028433
0.939923243364319,0.635005460624105
0.839116632239893,0.283464405446527
0.608790104277432,-0.266080328813091
0.844439286505803,0.0699666129005068
0.633742645150051,0.681459379768607
0.600459930254146,-0.572485979079117
0.720004599308595,-0.90490701446054
0.140944662038237,-0.502861413223414
0.0407092275563627,0.995789594381831
0.309610762400553,0.0782709017497282
0.0473461681976914,0.934887431972127
0.102033400908113,-0.854985728129207
0.894226983189583,-0.923938693735205
0.170460299355909,0.627651965665118
0.872172608738765,-0.873635567047302
0.188322560396045,0.986784519356729
0.294922781176865,-0.498195578202431
0.463380397297442,0.0751550241945247
0.828099190024659,0.672339616395696
0.276023170445114,-0.961768947206931
0.594992082798854,-0.739848670917026
0.0921947392635047,-0.58404694969772
0.876627471297979,-0.947256616554078
0.228904970455915,0.0760641648011062
0.824667769018561,0.769147765420432
0.770654373802245,0.0581082627310342
0.836331241996959,0.390488419941239
0.433187083574012,-0.915958562266542
0.209084670059383,0.774302881157923
0.945555730955675,0.794418971430278
0.00378452171571553,0.153947862144297
0.616308906581253,0.0377397391749108
0.959133577300236,0.995180570233583
0.658331460086629,0.98326884656342
0.330899783177301,0.812139464083616
0.404986042529345,-0.739247335534362
0.823441166896373,0.800183924722999
0.587264711037278,-0.912124238358044
0.19537793030031,0.992148883261707
0.591827159514651,-0.820395922140696
0.744909702101722,-0.837826375956558
0.0373857810627669,0.999035026741351
0.859073349507526,-0.503497109162238
0.677585108438507,0.565699015081833
0.785146422917023,0.605191587489664
0.49728816957213,0.993873145912179
0.843773840460926,0.0970481212468904
0.851902801310644,-0.232640093263449
0.144071431597695,-0.388687397403645
0.0422986312769353,0.987746162927892
0.911252340301871,-0.464371028590876
0.67683668481186,0.590636054244797
0.242270927177742,-0.452652129872484
0.771125023253262,0.077285522827014
0.768763892585412,-0.0190664157237679
0.771225704345852,0.0813844460202072
0.204386932542548,0.880763304125229
0.366675470490009,0.668863362159379
0.94434415968135,0.763405359927826
0.0331023230683059,0.976142528469225
0.29139487282373,-0.617530166116828
0.570848479634151,-0.9693829911413
0.730658215004951,-0.999989721611793
0.0870429240167141,-0.40163519363167
0.963631049962714,0.99635027839124
0.316032336093485,0.334064594428561
0.425346554489806,-0.995707046913101
0.776640785625204,0.298031993397215
0.396995685063303,-0.4843501236031
0.113054635701701,-0.995475891784028
0.869455031584948,-0.814366530234775
0.826662043575197,0.714604770550787
0.436477758688852,-0.853932893616526
0.0925738655496389,-0.596544932732059
0.788410636829212,0.70563527935129
0.516458553494886,0.782466727663171
0.66036932519637,0.96472200908944
0.651488106464967,0.995366322255778
0.314041337464005,0.256402903210982
0.327344943769276,0.719184211254166
0.669998803641647,0.790184958143447
0.909889696165919,-0.512913782359456
0.0602172946091741,0.630561086399894
0.873607685789466,-0.900637454854977
0.104014414362609,-0.894105229188375
0.60319019574672,-0.477694619974401
0.134553929790854,-0.708879289998066
0.997514662332833,0.101328736123565
0.646950224880129,0.960602424436072
0.896873285761103,-0.877284516591514
0.325164766516536,0.654550214738529
0.441769337281585,-0.722481635285837
0.763128405436873,-0.246652819395468
0.361799844773486,0.80269636539167
0.46664898423478,0.207205254682386
0.260266170604154,-0.933723204766609
0.595053065568209,-0.738170782728653
0.198988617165014,0.96300580758235
0.682957167271525,0.372667586077169
0.191763458540663,0.999752992839747
0.300682830857113,-0.282377886371961
0.331461375579238,0.825306902301671
0.965262705925852,0.988454962016353
0.759172885678709,-0.399316355445196
0.83539498434402,0.425396081213412
0.143656185362488,-0.404256216753689
0.836171919247136,0.396470371427149
0.60685969889164,-0.341172161814532
0.613017718773335,-0.096515250412964
0.03110929322429,0.955256405006592
0.950511020142585,0.90028676712699
0.226081209257245,0.190294482214154
0.270363067043945,-0.998930944147376
0.819081092718989,0.893765055511535
0.592543052276596,-0.803329758082877
0.870071305660531,-0.828713949097509
0.877943251980469,-0.963102510753679
0.854865970322862,-0.348349078057607
0.282141827512532,-0.864170516445753
0.097742126788944,-0.751455052257559
0.486280522309244,0.847088736904106
0.864808910293505,-0.690287232200414
0.741707468172535,-0.901866644111953
0.0246160074602813,0.84434155528242
0.91918674018234,-0.158210249981311
0.506909498479217,0.960448253424117
0.569200114812702,-0.950668897848465
0.108294443925843,-0.958367432418221
0.562780363485217,-0.837776381470533
0.565914583858103,-0.900623358070598
0.228486087173223,0.0931101290233076
0.415608729235828,-0.953845061366057
0.199881347129121,0.952542799104699
0.610803101444617,-0.186022335580954
0.0737783263903111,0.128081027021757
0.326489828061312,0.694485064068253
0.536768011748791,0.0691096924194337
0.380587603896856,0.163756538474734
0.350993343861774,0.980531039503022
0.863453594967723,-0.649201324864261
0.109458942431957,-0.970858552358698
0.199731620494276,0.954386395379404
0.119742554845288,-0.984203091749483
0.469797606114298,0.330949201996863
0.0206107366830111,0.745814706394281
0.401380510535091,-0.632440311500566
0.326689844718203,0.700339352461074
0.838164482265711,0.320532173010477
0.516303303884342,0.786399156200563
0.879174159606919,-0.975409811996667
0.903254952980205,-0.723972151976468
0.268908524885774,-0.99991339942106
0.91884755413048,-0.17187276297669
0.221865931060165,0.355657090701267
0.0713874492794275,0.224157969402379
0.746984495781362,-0.788615118572454
0.964033984113485,0.994810763156902
0.403289353009313,-0.690845641400996
0.530025699175894,0.337750211316953
0.836687955306843,0.377035652352261
0.769312391523272,0.00333350575461279
0.212173521984369,0.688531272978731
0.620993038173765,0.227054324936772
0.273874232545495,-0.98207172465392
0.948640806367621,0.864445834363633
0.589836222818121,-0.864127610753688
0.690780552569777,0.0623290349444853
0.745650210184976,-0.820935074858423
0.0376979284919798,0.999513744603131
0.0338881022762507,0.982606831345345
0.376566767925397,0.322823477377627
0.290904744993895,-0.633149846416249
0.633179588709027,0.664451211212538
0.472711167763919,0.440630752753486
0.276576357893646,-0.955336779936351
0.139703086810187,-0.546025591538477
0.0209688199684024,0.755476683013771
0.638975982088596,0.821187039434766
0.647664063610137,0.96829565097553
0.456591562600806,-0.200663194526385
0.555824866285548,-0.651174159968514
0.570086801657453,-0.961276684320691
0.0492789025884122,0.903988307680333
0.379439871059731,0.209801189847265
0.618980137864128,0.146316506542161
0.840918154222891,0.21220358201454
0.787342748604715,0.674070770858194
0.338735857745633,0.954458796862295
0.804733712226152,0.992708797378438
0.674114663153887,0.676512156625742
0.921253693988547,-0.0743931694082601
0.260828429600224,-0.941696992364646
0.695310772862285,-0.122340667848703
0.717133850324899,-0.848909055362067
0.622775099007413,0.297270418727786
0.246218361891806,-0.589914862611829
0.203950803494081,0.889058052534457
0.741507341619581,-0.905367469717353
0.610081424470991,-0.214896695640488
0.638720356160775,0.815184747675565
0.0328631598968059,0.973975153002681
0.677953260950744,0.553237000009032
0.459368829382583,-0.0884933969861867
0.160089595941827,0.252232416446289
0.412455533863977,-0.907381378793569
0.225348965032026,0.219563930343813
0.206314724404365,0.840789139877889
0.024486051639542,0.841485896453204
0.495148806134239,0.980437128542804
0.710968765662983,-0.690464781912623
0.464106247527525,0.104678071663304
0.408802899066359,-0.834836178335713
0.973803509958088,0.877144375913426
0.813752259360626,0.969529692588706
0.316581807564944,0.355130289008931
0.280207860982046,-0.901179971439295
0.811546427663416,0.987637393597847
0.0997609195765108,-0.803239259737994
0.0239584753289819,0.829650301638241
0.0953663615509868,-0.684003470061171
0.115232072770596,-0.999980593937832
0.398635248886421,-0.541803307783533
0.190798153867945,0.998100202780329
0.566288857255131,-0.907161010674161
0.523126386338845,0.586149747137437
0.206079193623737,0.845957660636129
0.129077535122633,-0.847664674962178
0.69767815596424,-0.217579157754844
0.555089597590268,-0.628094237332758
0.194962564390153,0.994127566109571
0.0395674102474004,0.998980253590392
0.631717417854816,0.618665639991607
0.435968486592174,-0.864570879549651
0.149554535746574,-0.174376672559713
0.0421726484782994,0.988536095003339
0.100663982797414,-0.824656881119973
0.939244884531945,0.613362459432983
0.103445553220809,-0.883459954500964
0.784770711092278,0.592905505927633
0.650312547339126,0.989604654025512
0.833681353600696,0.487640750838333
0.154731199378148,0.0361380126366193
0.524567447369918,0.53747878453529
0.739410192007199,-0.938373342860823
0.910579843446612,-0.488517175461865
0.653773800004274,0.999995634044235
0.534526091068983,0.160035329871297
0.319700004532933,0.470981252205579
0.586102501722053,-0.93054637724902
0.0268395987804979,0.889453556339085
0.580689182505012,-0.988194481412933
0.590922215254977,-0.84096362444698
0.513534520985559,0.851078989730234
0.316896509611979,0.367115502945184
0.846945489989594,-0.032325659539816
0.290873593185097,-0.634134101580675
0.0791172930039465,-0.0894934380036791
0.842028867220506,0.16767129443931
0.919866436859593,-0.13074314200812
0.241364640416577,-0.419345270384808
0.149958039401099,-0.158126836430189
0.995312437415123,0.1902760817624
0.377986406208947,0.267436988274943
0.847390411887318,-0.0504807510192676
0.299477913416922,-0.329224006210525
0.64131664391607,0.871906484140177
0.575150180142373,-0.997379805021819
0.028028154745698,0.910581842679587
0.888228889554739,-0.98913010377806
0.2452570006717,-0.557765122884154
0.169766283128411,0.605337090025117
0.98394764889963,0.609626502684235
0.114542769035324,-0.999409011080561
0.256413988070562,-0.866101595544536
0.11716270679608,-0.997364434815141
0.430465859826654,-0.954812105721356
0.583650527987629,-0.962492012206718
0.521192296175286,0.648253162845858
0.596991002326831,-0.682522227045356
0.420459512853995,-0.994291967348161
0.657985836034641,0.985742094695826
0.33452321938239,0.889291353681454
0.922561449464411,-0.0210507504568044
0.955982956569642,0.974370529531568
0.0992201876360923,-0.789890064820175
0.668173284735531,0.833640227232222
0.630773590411991,0.587929289163835
0.206071348628029,0.846128467949858
0.627712164307013,0.482464163640048
0.571357108885422,-0.974274315551264
0.606465001124889,-0.356279744583151
0.298974460689351,-0.348568153744512
0.558510264614597,-0.730329438985954
0.121794670820236,-0.9659279506292
0.172260667430237,0.683145838857397
0.645102450158447,0.936914825164869
0.839642685372382,0.26279742186334
0.570140638854355,-0.961880302620764
0.897600309224799,-0.862648559153861
0.535647526616231,0.11467340159751
0.0972676689270884,-0.738530012518799
0.188409237423912,0.987351941891434
0.504048065049574,0.986364784899958
0.466051857220009,0.18328817991636
0.775586880045012,0.256682419468181
0.711727644549683,-0.712548987767188
0.560965612297878,-0.795045281190484
0.617144897347316,0.0718292451690511
0.0209531157743186,0.755056317495646
0.249568734783679,-0.694543351562977
0.816592703573406,0.934658689351338
0.933945881435648,0.429461060610429
0.870370574528351,-0.835492393165452
0.343281112145633,0.993125374329326
0.036926006898284,0.998034234937801
0.437153153819963,-0.839255827363963
0.428454450098798,-0.975979872143927
0.533751410897821,0.191180733962628
0.256184863392264,-0.861386172508164
0.554657524917275,-0.614266033353251
0.30387359065935,-0.155327623973459
0.0163746464531869,0.620007370388377
0.175827513448894,0.781916463688276
0.0928407935425639,-0.605258656380597
0.62590301851742,0.416488085574202
0.731118260649964,-0.99989840453599
0.455727261956781,-0.235111697037989
0.703069802839309,-0.425516153912858
0.365290810121223,0.709810563147983
0.911455210996792,-0.457017301603361
0.621937191812322,0.264429036809427
0.560735329752788,-0.789305660114309
0.332974625285715,0.858607789904333
0.442002085968852,-0.715877002010052
0.454747283132747,-0.273814145925547
0.333040822530165,0.859990575458298
0.561092945747077,-0.798188812006182
0.505467003909871,0.975177229145828
0.728929772973061,-0.997179462700158
0.952866510720924,0.937935158029492
0.114333612844348,-0.999078920101309
0.128031755564734,-0.869543995259824
0.367970830528066,0.628618299189945
0.198505313601345,0.968137003788436
0.497697104467079,0.995580381662109
0.7345576134976,-0.988054684641131
0.0993519327603281,-0.793178237531534
0.152382250642404,-0.0597512268510336
0.41736589348875,-0.972922067237265
0.941286673070863,0.677014901183201
0.415078550111502,-0.947119629362232
0.129386897431687,-0.840894145923285
0.137016978114843,-0.634464398434449
0.329510820563883,0.77775321943354
0.899863158119842,-0.812289309463194
0.988152722129598,0.465191714964693
0.999058851972222,0.0384276845898763
0.46057929075323,-0.0391631925575784
0.624601888936013,0.367612029049512
0.0123081270139664,0.481769231720885
0.793115007458255,0.827953833997083
0.927319678477943,0.172411313960608
0.057108222739771,0.723771643991672
0.104583219392225,-0.904266946781587
0.154800857650116,0.0389808972036578
0.247806494589895,-0.641010313360791
0.748892181320116,-0.738364663737488
0.379558512708172,0.2050611761173
0.619584865868092,0.170701119751166
0.880375562934205,-0.985045695190165
0.993741220096126,0.252838519999784
0.195304879918694,0.992517581900263
0.563849163241684,-0.860804584662198
0.896063973661512,-0.892666870632875
0.876565559301525,-0.946443256116716
0.104012735420838,-0.894074517910141
0.864298501284793,-0.675055921836592
0.790943617932498,0.775033456590063
0.72621240420267,-0.982732573348303
0.977558356011286,0.793496190648252
0.0538665815256536,0.808526334920586
0.71380810928531,-0.769521904943368
0.252432146575302,-0.773743174431633
0.33799882279709,0.945047358031501
0.832597980974242,0.525779364525293
0.586815429851413,-0.919491764746416
0.742043257923797,-0.895857423987404
0.0277251673396677,0.905397638056354
0.0837748234625906,-0.276192414796783
0.296864018077031,-0.427960498172498
0.932417555246502,0.372292628485455
0.255583154270425,-0.848644856327082
0.717870558844879,-0.864424957957856
0.403689016588032,-0.702554325217852
0.598263129824772,-0.643646577813774
0.458788844989613,-0.11206040788489
0.0755265450570732,0.057004427334926
0.428467698860914,-0.975861847291701
0.43753678468056,-0.830634034350043
0.288353456184268,-0.710221162039206
0.700543541926891,-0.330051281676159
0.501274408539757,0.99864582198958
0.491352290846407,0.938278057029242
0.734907068544999,-0.985754766684653
0.643000420648605,0.903492327809871
0.6846603078302,0.307271575921472
0.487084338674322,0.864075903997054
0.0958597073331475,-0.698561607168908
0.252414867281914,-0.773295922211038
0.224473367910832,0.254303515267492
0.0237987108994275,0.825989927753542
0.183708743425086,0.938964986648437
0.390904425876215,-0.254034065638835
0.753393739694729,-0.602632207118347
0.714203662471846,-0.779737748648025
0.935597820207477,0.489365698255314
0.398284025955945,-0.529691613112797
0.897742866305634,-0.859689098965278
0.932126205880195,0.361222969261897
0.709842344047502,-0.656468390166837
0.281415299046785,-0.878718825646935
0.51815972244367,0.737351021773617
0.189443323761225,0.993165308537825
0.761678995098919,-0.303553355581077
0.0531851220875978,0.824588703588194
0.308253042167053,0.0228987893310671
0.914314610650763,-0.35026968402727
0.64082220569253,0.861841339629384
0.61483271047473,-0.0225382767557984
0.476104243891314,0.560406732980852
0.489980121608824,0.917431899752943
0.262132171075791,-0.958269107182862
0.897910836152732,-0.856164685701268
0.402370001422241,-0.663218565767041
0.512592144310474,0.870651034996686
0.828254115302116,0.667642482457507
0.719440439948812,-0.894861375577567
0.830780926393345,0.587398752195662
0.468757135793567,0.29056354684573
0.157612886745483,0.153229974505608
0.591795112937689,-0.821143588454108
0.562418975168839,-0.829626619602768
0.839933129493147,0.251334194451409
0.310809650458395,0.126970813829378
0.122741504339501,-0.95520029254681
0.951621271204203,0.919092530695696
0.9492650157772,0.876979628956862
0.165948319947347,0.474381215505251
0.344078884227201,0.99641146818241
0.16644141334109,0.492011950198633
0.920781250111759,-0.0936196021192533
0.587111125467345,-0.914677480157729
0.444405624177307,-0.644001324217943
0.622909022727981,0.302488225584839
0.381057926686481,0.144778477985446
0.0452668622601777,0.961624277726779
0.579578877892345,-0.994123460125808
0.816712656524032,0.932905672595125
0.0475185667164624,0.932365160209817
0.736055057961494,-0.976788932879674
0.523379964055493,0.577727767708897
0.15357797825709,-0.0109522610167211
0.691621203441173,0.0280330160145476
0.206285922322422,0.841425361586865
0.814233905170113,0.964523615277473
0.987527801888064,0.487630252281424
0.571194781223312,-0.972758839288193
0.537779696285725,0.0278433159705479
0.364461011253297,0.733269986506828
0.16124664247036,0.297660533248826
0.263421927578747,-0.971990995129221
0.816883088555187,0.93037644943682
0.815017294604331,0.955585088709034
0.338075363310054,0.946064722727801
0.777945013949648,0.348430257002566
0.65921905473806,0.976021016108438
0.577875111252069,-0.999244199878277
0.437811044510454,-0.824345152017592
0.845421570120379,0.0299022111605571
0.692610694561154,-0.0123745096586819
0.347347521455958,0.998811927738453
0.227754365187138,0.122818346973563
0.96859080158174,0.958807461914758
0.471871353453025,0.40958817267706
0.803885422181338,0.987937951540917
0.242524876957759,-0.461875741851525
0.592367609264329,-0.807576233266574
0.87211776105687,-0.872543426363995
0.511875118827447,0.884680441496961
0.634237806778401,0.696119170558836
0.208498393651098,0.789231574899286
0.485686630010605,0.833950495259017
0.392486947122961,-0.315971234197912
0.104311955859885,-0.899481351358688
0.693188672652468,-0.0359720954755819
0.393856507493183,-0.368517675971271
0.927272075321525,0.170495956396712
0.684679748024791,0.306515937790978
0.187904329271987,0.983872960178942
0.762686567381024,-0.264099171968152
0.729715647175908,-0.999074391267393
0.385539574781433,-0.0377356159536127
0.352039985824376,0.971244222981934
0.360951743787155,0.822867889105253
0.898516114102677,-0.843131520735873
0.832356888335198,0.534129290560769
0.960091141518205,0.998253538002788
0.955627664923668,0.971003976909296
0.523611397948116,0.569987137271138
0.949944151099771,0.889968696578942
0.0563364971894771,0.745157125304525
0.130438172956929,-0.816890035593675
0.459644017275423,-0.0772932691438572
0.708800437860191,-0.623784446797301
0.12614257237874,-0.905022997648173
0.349707351764664,0.989487450086731
0.788508509518579,0.70846194418203
0.526195387355983,0.48026626414318
0.99945602985099,0.0222142966716474
0.580142306862399,-0.99136952368632
0.636563392123207,0.761066828062277
0.708853519521654,-0.625477396630885
0.135484930826351,-0.681554818788233
0.580494226887822,-0.989382979773487
0.855722100706771,-0.380904418173191
0.590021614916623,-0.860292325995195
0.0739907829556614,0.119470903026855
0.0519567187875509,0.851921468997129
0.597068461356685,-0.680206738415455
0.331727838609368,0.831403110900059
0.771225047297776,0.0813577006997697
0.649059114744887,0.980949488508661
0.0584927601739764,0.683617029576713
0.320518764201552,0.500210208114136
0.826042104279622,0.732085036339794
0.26302000391297,-0.968002435434351
0.0268465953413397,0.889584112556275
0.0182259783614427,0.677502536688118
0.495908764423802,0.98607308959896
0.77273769909516,0.142736311332175
0.797619706951082,0.916573023664061
0.695358474971727,-0.124273987751455
0.518538768636063,0.726805851103051
0.269893480697647,-0.999633748920934
0.958467109361663,0.992143191388618
0.87762652640231,-0.959540696350463
0.838372770929709,0.312462848446505
0.0938358665443957,-0.6371002095642
0.476945275673643,0.588518475638484
0.918310853186995,-0.193422814974018
0.434856492094696,-0.886492955133259
0.431881664320827,-0.936040531617039
0.544384415261447,-0.23954236083317
0.402023171074688,-0.652551088659902
0.84978077118285,-0.147585085597008
0.544113411335275,-0.228782151540668
0.048159732716158,0.922580014438018
0.330709696048871,0.80758543984278
0.0558816341217607,0.75741658666354
0.879798685433343,-0.980713450641124
0.00069790193811059,0.0284989476512579
0.778015442891046,0.351124931089605
0.359227479901165,0.86081040311666
0.0712011745199561,0.231565411952031
0.424391946522519,-0.998558153411198
0.126436304533854,-0.899855252868226
0.0270834353286773,0.893960646755294
0.257294981973246,-0.883522609123366
0.960421877680346,0.998960405718239
0.444433786906302,-0.643120978337846
0.653752964222804,0.999992757457657
0.264452494680882,-0.981018962180992
0.105037705041468,-0.912035886931647
0.103107896400616,-0.87691538385031
0.892315672710538,-0.950955749334182
0.72566675231792,-0.978365512675679
0.843439337797463,0.110635481077174
0.288311153417453,-0.71143634760408
0.0630241103935987,0.53764668414372
0.777909620199353,0.347074970793118
0.600440157577395,-0.573147897950631
0.883687032852322,-0.99928132992499
0.612483985023573,-0.11818690152487
0.53988622338511,-0.058152310461109
0.900821100687608,-0.788854855624179
0.776347282808274,0.28656872687323
0.827844557119533,0.680001193913685
0.917787743033841,-0.214337815420217
0.11677678138949,-0.998384073868111
0.711297660833225,-0.700118678259836
0.709749602712691,-0.653606482509181
0.556971363490447,-0.685983341889206
0.588721345877275,-0.886139291907321
0.432325498899445,-0.929508527447311
0.0816335489507765,-0.191194542606275
0.663208062527701,0.927791548454752
0.287507724016905,-0.734108342293954
0.620880015427247,0.222556551800422
0.461282890988514,-0.0104374917869658
0.599862905219197,-0.592305739835553
0.374131726101041,0.41519760019474
0.970221790950745,0.937773890434323
0.220191908068955,0.418674559194921
0.121922990540043,-0.964558349381134
0.674966016085818,0.65050281043026
0.413850958924741,-0.929848709775363
0.0984722140710801,-0.770791086017829
0.172013196628541,0.675730199796888
0.851460159057751,-0.215021219265883
0.151443793671206,-0.0979567439553898
0.720536430599168,-0.913937229731532
0.0732030605431646,0.151344292847963
0.874722211621702,-0.919478598196915
0.608082842547446,-0.293809248570464
0.775163538521156,0.239934594987814
0.818999654147774,0.895251941885558
0.43586427718401,-0.86670172207264
0.538911486044526,-0.0183751420702454
0.866425137268379,-0.736508318957274
0.969371815444902,0.94926067719795
0.449096518568695,-0.486551103334056
0.7894068188034,0.733871628607158
0.13503784337081,-0.694802065817128
0.5963548659347,-0.701277819001803
0.844813462812454,0.0547148629855154
0.680346822133288,0.469293351230371
0.0912451113108546,-0.552134329615542
0.508893776219338,0.93475477770777
0.72398585290648,-0.961869805596636
0.611750186420977,-0.147888188640871
0.442561223171651,-0.699747355101998
0.21813661721535,0.493339517345384
0.242567535722628,-0.463420287484702
0.872658665524796,-0.883121874664191
0.378082091454417,0.263669445136955
0.635686737718061,0.737359472440581
0.294294577790424,-0.520274824262136
0.51339275855571,0.854104507326753
0.351112563163042,0.979563323388321
0.737991461530328,-0.956813482679909
0.586433537537232,-0.925510908665213
0.342560367193073,0.989250035728005
0.0797798600979149,-0.116408513708635
0.00579192349687219,0.234346443255499
0.809457152150571,0.997403542023012
0.983723766170442,0.616848890733789
0.999752790201455,0.0100960508076901
0.727185310097411,-0.989307045296171
0.702186427311972,-0.392597814953441
0.531519977841526,0.279715939894104
0.678266685223207,0.542528871447698
0.0869488306343555,-0.398112964828914
0.869364801794291,-0.812222384694424
0.713302961783484,-0.756183973538664
0.187881126534194,0.983703019622824
0.955314524937421,0.967867308188023
0.641454241471365,0.874644456321483
0.971943257143721,0.911063807521256
0.533843993907794,0.187467964758905
0.791289385175332,0.783879469202361
0.972936175297946,0.893601435075877
0.164649544516578,0.427041214076917
0.0390647505410016,0.999696558798792
0.0975841558538377,-0.747182749150076
0.202031408203766,0.92217737954473
0.0239075480494648,0.828487330918718
0.0344044817611575,0.986304282748958
0.854965215316042,-0.35214556674861
0.332707148045301,0.85295668912919
0.55217631906271,-0.531288967556478
0.271369426278397,-0.996187914543063
0.878203482134268,-0.965908424557724
0.136913644615561,-0.63772076116287
0.0649024462327361,0.471447158814074
0.185748307732865,0.964331583762469
0.627255662577227,0.466050818396323
0.491837961832061,0.944953656136489
0.00211511761881411,0.0862755021337943
0.238143160007894,-0.296624822026843
0.39904423407279,-0.555766240171988
0.854356360156089,-0.328765817683079
0.950029241386801,0.891548061766569
0.648632519878447,0.977416250264374
0.88067749212496,-0.987095301164034
0.784799412358552,0.593849022112795
0.93847426539287,0.588205681171346
0.310635667294264,0.119919582276558
0.954009426990524,0.953095940958916
0.353947976371273,0.949763248326023
0.169296552194282,0.589956651699071
0.144371775211766,-0.377356693909804
0.746489290846512,-0.800888788523256
0.0582789739128202,0.689963264989607
0.609466301975772,-0.239361410621595
0.748633610783145,-0.745445179870396
0.597887598676607,-0.655308142702673
0.707886798074469,-0.594192764669904
0.818992426851764,0.895383417958437
0.863521253457293,-0.651300595079618
0.520036881091073,0.683448320990794
0.849812202854082,-0.148854598004206
0.0791878812015057,-0.0923643660795727
0.0558766147587448,0.757550418087788
0.226131541887298,0.188276023746292
0.393210021778941,-0.343847372282843
0.981899465667084,0.673725426998546
0.121689211810008,-0.967033692737454
0.48140690731816,0.72528021158353
0.301753546111286,-0.240172168395312
0.60108153289184,-0.551488830500244
0.742954638088122,-0.878701718259571
0.945693240733817,0.79781741423621
0.66770694241859,0.844007515035236
0.0510523384436965,0.870678040690371
0.31002084328793,0.0949557557843096
0.00114359357394278,0.0466881888405754
0.306514318101108,-0.0480913680184182
0.434074237942696,-0.900821670420973
0.146239622263238,-0.305683405004661
0.437349394429475,-0.834871084671341
0.250103819416836,-0.710098589848918
0.372302844887599,0.48192714889118
0.55913870758377,-0.747619331800771
0.384079162729904,0.0218979291118721
0.376412994693965,0.328761031828147
0.256154729053378,-0.860760381581344
0.802301267627627,0.97585949007541
0.0270713265053928,0.893738914782659
0.340266877319664,0.971236159989589
0.480781218735501,0.707452893774367
0.932282354217023,0.367162199358492
0.308548411587253,0.0349567628908916
0.00168092641979456,0.0685963088360056
0.923921860521659,0.0345009923017535
0.512732483679429,0.867817389184221
0.261031930800527,-0.944460817960295
0.013460777932778,0.522472081008194
0.282407522201538,-0.858659454171922
0.414878277340904,-0.944463404125983
0.439836422679946,-0.774754399920322
0.681283821584657,0.435166004822506
0.0695612709969282,0.296151944597165
0.0480601913295686,0.924140818288486
0.551028851186857,-0.491017970096513
0.109122659545392,-0.967475689193027
0.602805591654032,-0.491434572244785
0.254137642681599,-0.815956856778274
0.0411533152218908,0.993963334660268
0.441163127776235,-0.739375924339364
0.280010992195457,-0.904635816619938
0.609288159059361,-0.246419001188911
0.991070028860122,0.356674938603237
0.456237861188129,-0.214793365846234
0.0161912653129548,0.614113871971032
0.516736143035814,0.775357161508836
0.426072258735076,-0.992526814238199
0.826595635153353,0.716499377695841
0.370155347045511,0.556824702012346
0.311506930505857,0.15516244043343
0.301172049948946,-0.263155871283635
0.00768243707716465,0.308633576638125
0.810155846644193,0.994942813964466
0.810928556136787,0.991278165442159
0.114228246966377,-0.998885017177059
0.841226186603308,0.199893364466842
0.0515901469625533,0.859665590357546
0.604342739563435,-0.435827951456662
0.88705243752338,-0.995050881925031
0.748195403488353,-0.757254511267356
0.407030191505328,-0.79282868771633
0.603182106278837,-0.477984840923027
0.773826504824683,0.186592988581356
0.0407219519838691,0.995741822217624
0.301065483363345,-0.267352217622109
0.300709741888568,-0.281323378943444
0.905129273422062,-0.669098182407091
0.48973596515134,0.913418758117265
0.910125254420564,-0.504631667067427
0.87092188722454,-0.847652158540021
0.557462363969535,-0.70043521363689
0.124140887055546,-0.936735278908891
0.961458550998941,0.999994674453335
0.278470693854615,-0.929638774448498
0.622247692430392,0.276637131347007
0.212540280772373,0.677591797168129
0.984659573994577,0.586324242366555
0.6635888509918,0.921877277596573
0.0305297907907516,0.947989246072224
0.657899483572692,0.986329376590546
0.936886420473456,0.534562172573989
0.182361011393368,0.918617273940609
0.0744682061485946,0.100090773000594
0.735236956737936,-0.983399382508831
0.581762216985226,-0.980533907592516
0.850710863247514,-0.18503923684546
0.436875214567408,-0.845373709712525
0.932171371299773,0.362942393785128
0.972295264247805,0.905043049004481
0.970553654711694,0.93298147921524
0.12733039422892,-0.883331403339053
0.992041894467548,0.319322656021854
0.333656507311389,0.872549107010236
0.563017241191119,-0.843019367489486
0.741730234818533,-0.901464564675898
0.6919413539581,0.0149609581060606
0.919919623993337,-0.128589280803883
0.957602502778172,0.987107944644774
0.953982077538967,0.952757274751755
0.00507082371041179,0.205618835508683
0.522508084774017,0.60641983695521
0.623993318062276,0.344386734527175
0.920872585382313,-0.0899051454825903
0.983871647389606,0.612084032520678
0.960664663929492,0.999363304079319
0.642275538528338,0.890409583505004
0.828787419712171,0.651270196928381
0.426018314901739,-0.992793242921666
0.108236679108813,-0.957691137807386
0.20838601118885,0.792041815491168
0.78043850697577,0.441914634914795
0.510453229304403,0.910246537390754
0.147858949145302,-0.242092239578252
0.0493456835392863,0.902818835565633
0.403475353959948,-0.696317877562719
0.0328425525221974,0.973784050930794
0.436726465588436,-0.848603212378603
0.899995265295729,-0.809130638494519
0.632931949803606,0.656859034248626
0.0134056701790541,0.520551737223985
0.0089046920184046,0.355710235126449
0.218365285312757,0.485194745159647
0.246122416807339,-0.586746316847833
0.398399673867971,-0.533691813457537
0.411761730210856,-0.895109114821963
0.100137797417119,-0.812312070245329
0.506434698821977,0.965666980163499
0.497932295780629,0.996436512991443
0.450526122702286,-0.434741918279265
0.51293038809672,0.863773000076665
0.316344578517601,0.346056695449926
0.059580163564533,0.650541183936743
0.659688367741182,0.971669775479087
0.0815767503809184,-0.188917129965936
0.368466781219468,0.612737853250933
0.5980942575261,-0.648909555372882
0.642583567183465,0.896064939370255
0.465939025394619,0.178756183969974
0.689020331250504,0.133855165473799
0.516775930998847,0.77432993337738
0.470702207181603,0.365578108353441
0.24333579884842,-0.490991476583653
0.690169543260708,0.0872125763082601
0.811782737029716,0.986078565297401
0.40139249805361,-0.632819467807088
0.817267039325088,0.924513626787779
0.313688367605209,0.242443118828877
0.738058758666739,-0.956010884797918
0.671966533642262,0.738435466068522
0.695263903355226,-0.120440640215877
0.728183034108952,-0.994427170452089
0.72709328122437,-0.988751886549785
0.370956565486267,0.529351322325247
0.0119982566684484,0.470641112817456
0.153235964011401,-0.0249180033805836
0.564194838982075,-0.867903535173038
0.0954067755956203,-0.68520657025143
0.384801734937355,-0.00761060496116831
0.884435581974685,-0.99997303833959
0.615331830456853,-0.00215577196684869
0.785546802915633,0.618127440320013
0.869761442998424,-0.821565120625381
0.878611902240664,-0.970092083576394
0.806975364917889,0.999571358308506
0.151578021002933,-0.0924997250467131
0.17646300746128,0.797830610851168
0.100760011700913,-0.826868883818679
0.988313647685573,0.459363832859219
0.8254996961914,0.746994642828563
0.37572667025961,0.355100298909963
0.86648632446304,-0.73819636375856
0.615023346617818,-0.0147539356268281
0.582725146319717,-0.972055960120466
0.0138109177350998,0.534611195611781
0.0733947071712464,0.143602910918317
0.511155935935676,0.897990024490288
0.0753674258012325,0.0634911533887783
0.234269819222391,-0.142479970685299
0.71108985459432,-0.694033627505073
0.253175714518875,-0.792621477745123
0.287178181810305,-0.743180497244035
0.264291821513325,-0.979725399658662
0.643484042724594,0.911781110353356
0.766346475575119,-0.11752434888805
0.687942935852334,0.177317148143287
0.770021647913381,0.0322944264622121
0.688650362193584,0.148813138471879
0.428319693775848,-0.977164091231456
0.922028771834448,-0.0427941626062611
0.310940684052184,0.132277161998315
0.471015197457746,0.377445847667555
0.995099659310654,0.198800036613131
0.482531941495836,0.75613614756
0.0191415315493941,0.704525019071327
0.813173618167639,0.975047685782509
0.13301917584613,-0.751668644802007
0.160123385488987,0.253567545141461
0.0479409876279533,0.925989827439966
0.473585961153731,0.472414617808175
0.34657101589255,0.999854865205072
0.861450925469398,-0.584889238401422
0.48614045069553,0.844034659065729
0.795858117053285,0.88545847187893
0.642921301769093,0.902102677064318
0.647837202763185,0.970037845022789
0.671369244577363,0.754663406819326
0.90527177345939,-0.664761750066865
0.701719644246623,-0.374994413166057
0.791800115490332,0.796659378416727
0.30220980849117,-0.222042855729524
0.714669683482498,-0.791512253488565
0.616113843629137,0.0297777927426468
0.509922598022968,0.919005482651602
0.140884110936895,-0.504997409611301
0.274637186666951,-0.975722137921977
0.516656478866935,0.777407739868605
0.650412661023438,0.990184397035819
0.706485695205629,-0.547220367800386
0.731014020275325,-0.999950026653962
0.928897671867162,0.235490743313972
0.00861073913984001,0.344464816166698
0.830119522288442,0.609042724367259
0.955740385456011,0.972094232392763
0.43682397576049,-0.846489688697949
0.246005159104243,-0.582861702573367
0.233065352076665,-0.0936378322982216
0.677014558808878,0.584758519972033
0.88467249344103,-0.999997280038751
0.451647620880976,-0.393052474835302
0.365078366128728,0.715895335223364
0.150620302418247,-0.131365255738709
0.795031932648271,0.869276928905605
0.179416037164629,0.864568999075262
0.674699803348631,0.658721766676869
0.986670839367434,0.517881234062533
0.599282139446586,-0.611247964087345
0.345324653899297,0.999426642599556
0.56706930953078,-0.920110108140465
0.168421273119748,0.560722513459157
0.544624056434259,-0.249032908065053
0.986271951114759,0.531747970352299
0.399315865244716,-0.564954397815821
0.446548492647707,-0.574670026212554
0.0619693512562662,0.573458024294127
0.441976044327021,-0.71661920196539
0.658827992156148,0.979372955918045
0.348612985108048,0.994960847407951
0.228578280191869,0.0893606068850941
0.878048137528822,-0.964246536998508
0.437348431674764,-0.83489272731305
0.181932181119919,0.911556223645354
0.284781077411026,-0.805020952398628
0.0155784778762609,0.594172138833364
0.827395262429491,0.693340026244946
0.888056223513559,-0.990142419682443
0.538187313359231,0.0111993122441672
0.905665399739519,-0.652666725586054
0.0513039280194789,0.865578327497138
0.23965132702142,-0.354847613083403
0.710141729097813,-0.665642642670817
0.190626403549686,0.997643483807038
0.845249206759036,0.0369377054403527
0.271655213786289,-0.99510191729587
0.702560096979141,-0.406587189899593
0.751504943938926,-0.662338059231912
0.540910731768236,-0.0998600629161351
0.435355150373653,-0.876885774201265
0.951845124131069,0.922656523593376
0.716102357022464,-0.825896768096208
0.967863525496796,0.966820492106799
0.0121543081477284,0.476254794660151
0.224456467665732,0.254970981269004
0.817544680321589,0.920132416804923
0.772514925571159,0.133725459263396
0.389412821037695,-0.194679495561445
0.86876688641496,-0.797736708344714
0.672208117321134,0.731746448201527
0.700182406464592,-0.316093352901382
0.475024504587054,0.523351612058851
0.342503634514287,0.988908556210047
0.730689013144001,-0.999994633443973
0.462980905547738,0.0588763612754849
0.495742490049452,0.984920973259037
0.856976644834504,-0.427757807549141
0.277603197377175,-0.942107313808028
0.865401706658304,-0.707600183317846
0.0740966598968953,0.115176681030317
0.921667428221554,-0.057532976067182
0.980574697023258,0.712702294727426
0.360367892542854,0.836182133970003
0.809614303754643,0.996920796190643
0.462594809476286,0.0431286123456759
0.21327224560082,0.655307169721253
0.285333954263479,-0.791421446864246
0.615855126641691,0.019214828632755
0.384557376615703,0.00236908535732182
0.949387423694134,0.879370925756748
0.992650979431346,0.29565316503245
0.0940763799007982,-0.644640529665217
0.384307563770562,0.0125712890156347
0.34181250538677,0.984322883554653
0.376191993476823,0.337271651799242
0.617498659761623,0.086231833534879
0.264400237472728,-0.980602877547433
0.165114916628227,0.444149000475412
0.594275791198015,-0.759210521966331
0.168489702744409,0.563034354534612
0.744812983553857,-0.839976313633245
0.453665031585842,-0.316043593758303
0.326569642173126,0.696826722179259
0.841915260301903,0.172243574184936
0.927724578185007,0.188675756615589
0.640010354109108,0.844554434604763
0.56684769759886,-0.916527641101585
0.913493584608659,-0.3814739432271
0.758757551666349,-0.414809638723698
0.146030767122284,-0.313793683637811
0.840236005140468,0.23934267844944
0.912980233551934,-0.400768876910181
0.530079929623753,0.33566472649182
0.83923008479178,0.279017948991319
0.0213364015799016,0.765226871118003
0.603838670998812,-0.454262774367645
0.591882747132331,-0.819095696669825
0.287978046340868,-0.720930666846766
0.78401287086308,0.567701764857709
0.47255677706562,0.434961723861563
0.421214615693316,-0.997108988526562
0.806231173686683,0.998220050536144
0.814307648921385,0.963724151219428
0.940751388901845,0.660765103046043
0.423489346401766,-0.999858148927179
0.420113161904737,-0.992683345400361
0.567333869170398,-0.924288124249552
0.217570082517341,0.51333167541159
0.486674858955666,0.855537533164486
0.402494595618919,-0.667018338583742
0.42223789030686,-0.999412954443994
0.394905368797481,-0.407988898120177
0.9337477106601,0.422138012875379
0.0892314289230853,-0.481777283643401
0.81274622422643,0.978773901535155
0.888539098901674,-0.987187860864757
0.649152391823009,0.981682413896364
0.00703809084370732,0.283498750684598
0.864021278917789,-0.666659873016733
0.624091417528689,0.348145328654484
0.0578313630539924,0.703079656350604
0.54689121269621,-0.337513211538944
0.136986400699243,-0.635429168491344
0.937691987957805,0.562072577635272
0.700725564034656,-0.337059434329375
0.0373075981624424,0.998889693832246
0.494422862771899,0.974171412055518
0.728656026534736,-0.996278056196384
0.79427698161453,0.853624780922237
0.740962011506781,-0.914599347911445
0.424421946750954,-0.998491632723778
0.866222463315353,-0.730884118984395
0.930322435451671,0.291612169866392
0.503927292535082,0.98716453217601
0.165159516735002,0.445780240839648
0.294147281674668,-0.525402760964376
0.552349977428094,-0.537284110815939
0.27866243571043,-0.926724841499704
0.214300026884302,0.623032686242835
0.469874637434259,0.33391629035915
0.915123307611793,-0.319148873677772
0.0951119465753436,-0.676387044116727
0.407472398830578,-0.803705400670254
0.343488685088232,0.99408200559159
0.113948758458719,-0.998281085280329
0.168709116289392,0.570417323478464
0.618245474761352,0.116573855258465
0.429244480794296,-0.968443745438976
0.82743598613888,0.692140559150638
0.405973219079897,-0.765790083579147
0.535282669588923,0.129462842677526
0.480055269552395,0.686190823172008
0.503520080586895,0.989683947361124
0.509209130192176,0.930101454150344
0.529456324409693,0.359544109631332
0.955209340900183,0.966778155364391
0.454856193158776,-0.269533478675378
0.88417615252547,-0.999839108562539
0.132601798279211,-0.762801429146653
0.0106548392213881,0.42154746098199
0.234933124855161,-0.169237904160389
0.135302289156243,-0.686994214886928
0.346193407662213,0.999998694724931
0.0549268785398453,0.782294106675724
0.783354363171384,0.54535914588968
0.0750186033546925,0.0777016411735814
0.913151594810188,-0.394347221269081
0.603803306818008,-0.455548978673143
0.688693711068481,0.147062220379275
0.850929188774899,-0.193794354312742
0.264359143329784,-0.980272538609335
0.238352090818807,-0.304762775994806
0.0246265777386725,0.844572782476525
0.71437695925124,-0.784149488656577
0.39466607873328,-0.399047142116524
0.310100390808657,0.0981893461573179
0.501616418594494,0.997821756632915
0.483119630953297,0.771623877662705
0.0712302366737276,0.230410591519344
0.536780797410756,0.068588756065537
0.883625152288005,-0.999182342429621
0.61085472558625,-0.183950357794933
0.269554624799639,-0.999912531261752
0.78270672634244,0.523000566457483
0.198427493916824,0.968928003987233
0.460288449889049,-0.051029183924322
0.0457834801636636,0.955621734630011
0.0899550728499889,-0.507461221675918
0.9275161921978,0.180311249756635
0.219196652527899,0.455231542744883
0.64808851480484,0.97248032781079
0.867810381343588,-0.773578065270023
0.968052924843505,0.964815578369091
0.987129525048658,0.501766072857747
0.772643235512078,0.138916801893822
0.451556925894693,-0.396455701478289
0.27305637858808,-0.987819249466447
0.897052524611354,-0.873747541834865
0.268823240650818,-0.99986149591862
0.380123924696818,0.182407411232771
0.935664842603728,0.491750952259693
0.970312046585605,0.936487535798491
0.310992110986263,0.134358724998083
0.820986530510709,0.85619061368467
0.893323344411328,-0.937424113067714
0.324980172328651,0.648832076912136
0.168250203598291,0.554923944386425
0.0378337253350765,0.999671304737421
0.840565390652046,0.226260070026177
0.777765827253461,0.341561468867166
0.646120717283338,0.950637543933883
0.691586391301826,0.0294541807472425
0.956312622642145,0.977310793154269
0.00895965402014554,0.35780721324736
0.645229761255905,0.938719669148792
0.609744805842638,-0.228302515726404
0.800253343535587,0.954202867058134
0.768470939714462,-0.0310269924377482
0.748495073523372,-0.749204636599235
0.86125661781989,-0.578434170028379
0.0688081895932555,0.325383921152984
0.999742379877716,0.0105211931687756
0.40399958495982,-0.711523766815322
0.292068419279531,-0.595662839858816
0.355253590503708,0.931733053668633
0.946315176552162,0.81287223269628
0.152025238843635,-0.0742989220646902
0.764770637731999,-0.181149253238232
0.654877624474466,0.999112831813192
0.798663017107174,0.9327740987654
0.247010544408113,-0.615725755416227
0.460223321802914,-0.053685411810633
0.639822208788246,0.840414999914657
0.848293716320768,-0.08728260001258
0.167367448331788,0.524577856334852
0.797811792232096,0.919681706170902
0.428507988341153,-0.975501178409794
0.299253412056714,-0.337867697015876
0.984887391095981,0.578761850425876
0.502657369244844,0.994116524587514
0.235959013691172,-0.210370955048706
0.298836728092283,-0.353834920901939
0.049976430600509,0.891443118440518
0.56006793747656,-0.772278880399774
0.869727696292102,-0.820778586134806
0.371681674616411,0.503998323515701
0.392082851147279,-0.300270849354576
0.336107219569385,0.916996688295359
0.437348824460059,-0.834883897689833
0.5171892370563,0.763538952106039
0.322027489775792,0.552581944135074
0.813796191010624,0.969088600369253
0.183969815960154,0.942579540375786
0.518765481188893,0.720415239389274
0.0622412839438766,0.564324486265514
0.643289955798537,0.908497212453631
0.578492528293282,-0.997946458494358
0.512860772432759,0.865202118043854
0.127389254514128,-0.882202028529658
0.895493711577728,-0.902920989942948
0.779632686171681,0.412158260434934
0.387063337722793,-0.0998096653529277
0.637845119228587,0.793964710141986
0.450467432849109,-0.436899239314773
0.119799328967929,-0.983789937331805
0.468373567331582,0.275539166862008
0.949740633601323,0.886147638610246
0.861051495186985,-0.571580302597117
0.802398456260562,0.976718682416942
0.329244008520618,0.770857786503879
0.760297056287527,-0.356817701269847
0.488304882543162,0.8880837049073
0.764123355038464,-0.207081054728341
0.449576464481652,-0.469333990700109
0.0601681310217828,0.63211820605019
0.222761644981802,0.321237013886871
0.981898497324437,0.673754651571692
0.968561561545357,0.959145994134188
0.910772256553173,-0.481645380696046
0.3966447385028,-0.471761313891427
0.684988946653903,0.294471765496664
0.0944817364215851,-0.657207713440462
0.133346373215318,-0.742788369274378
0.410148308146745,-0.863809487559115
0.470682537881657,0.364830286862686
0.464738537091762,0.130321600968128
0.930372501490638,0.29356742026385
0.808842788217589,0.998896340525849
0.682833764469251,0.377339644171015
0.686134178424254,0.249467815400928
0.642436149064451,0.893376005791563
0.311745310435072,0.164772631311103
0.191435750108212,0.999366004825395
0.148413908667862,-0.220041214266682
0.0236014190595597,0.821421251639432
0.829443071736023,0.630719313447958
0.874228767585009,-0.911369632857948
0.0671183199156076,0.389817294279974
0.0772443753667176,-0.0131216782177769
0.58514746511355,-0.944117394442835
0.26329193264246,-0.970729571572958
0.414501890540123,-0.939300556689474
0.6757291497197,0.626519334499662
0.982375141931698,0.659243035231995
0.549793072510511,-0.446444423794121
0.811120932688937,0.9902121639411
0.270896275062114,-0.997687502273904
0.284489877754822,-0.812019216214693
0.649596702307463,0.984977857752738
0.106726917438209,-0.938136876667115
0.572075513657182,-0.980466303352521
0.56460634758696,-0.876128815387919
0.712235978338867,-0.726960568573743
0.235599831445143,-0.196007853220048
0.341812498634681,0.984322834917185
0.394791912985966,-0.403754103435309
0.829382132040337,0.632648709944817
0.106796791544184,-0.939121193473561
0.679181569255888,0.510769928957805
0.811768209794536,0.986177046124786
0.0147083231713623,0.565218651276508
0.875346325105056,-0.929199675340761
0.943715042667463,0.746559224063103
0.661138264695182,0.955979936100405
0.112560199340805,-0.993354430802942
0.18536373320967,0.960055400937199
0.376073490828276,0.34182384309983
0.374216915341094,0.412029967064663
0.442598555935547,-0.698657313722494
0.714471371844411,-0.786536502553791
0.602875808719546,-0.488935020878333
0.684422879014164,0.316484634459435
0.25531278620474,-0.84275241772191
0.540638563223183,-0.0887941276753321
0.235996603267267,-0.211871536403303
0.415421029319987,-0.951515025453801
0.548405416542664,-0.395043301783861
0.677766339154914,0.559580136804088
0.463280747644603,0.0710961608271207
0.326194268418476,0.685749607737731
0.0440131081268191,0.974406670884781
0.0825255301315337,-0.226816883904646
0.563221230171621,-0.847471194209599
0.0221193833276629,0.785418024781107
0.29235461098142,-0.586233942488369
0.0503562218509614,0.884307652756624
0.865163834532723,-0.700702250028836
0.428026564186439,-0.979637810402546
0.556857442948967,-0.682590621019789
0.00905997259542346,0.361630035446382
0.552718115737662,-0.549903469498638
0.713772784220055,-0.768599766398832
0.184768102364615,0.952965375173491
0.951501864241436,0.917159999944976
0.345195317873731,0.999233855210151
0.570835878374055,-0.969256489953485
0.487628307659179,0.87504447716649
0.273864407092333,-0.98214728962993
0.347645344911143,0.998145324417012
0.549034244846553,-0.418503337570987
0.904726630542427,-0.681228083692141
0.901358578586951,-0.775175272733201
0.300984452944249,-0.270539623542586
0.972416349919513,0.902928688480009
0.512918090913445,0.864025953153707
0.611739892279729,-0.148303972637912
0.771748057566583,0.102626821043536
0.275126049760729,-0.971155273466445
0.945394467795268,0.790401569569983
0.918784281471744,-0.174417832669637
0.854431759333238,-0.331672433025932
0.794822739204392,0.865021932384218
0.621535537531599,0.248574218643453
0.860172592569143,-0.541764934776087
0.892843088135123,-0.944072756551923
0.287179906154051,-0.743133375730015
0.384847386274487,-0.00947496942709994
0.866288790013641,-0.732730215327092
0.302694305544719,-0.202707396269362
0.3223196931649,0.562488681918965
0.0120158880017698,0.471276331679837
0.961252011591569,0.999931569613449
0.133220079587772,-0.746231836828232
0.251414232887328,-0.746746207262045
0.466370035894215,0.196046847472292
0.718302215682343,-0.87315345010296
0.459598208079115,-0.0791584157114542
0.596803945256397,-0.688085728951582
0.406926304334775,-0.790235792647654
0.595204751705751,-0.733977432956803
0.185120575362816,0.957229387305536
0.673970994073898,0.680821532169258
0.926804771879688,0.151660482084985
0.14240022492595,-0.450620065541794
0.0706340714823455,0.254032650711114
0.242731447331607,-0.469341906751903
0.21036621183157,0.740136731688956
0.275828825309873,-0.96391232604035
0.481973795918748,0.741023585009957
0.741225576028228,-0.910193836809638
0.309904175810516,0.0902114435644332
0.519984124461189,0.685019602079197
0.811276729917154,0.989304057575273
0.161922094877809,0.323879472894243
0.280685900012031,-0.892546421119888
0.908539325464517,-0.559453013421053
0.458837090525776,-0.110102220587678
0.412925663636997,-0.91528373184633
0.550346654374152,-0.466559102509155
0.613079329021275,-0.0940104884854543
0.369592570466921,0.575767309978797
0.0814559562131763,-0.184070365921258
0.566839838866144,-0.916399220618983
0.8369216080755,0.3681803281699
0.676860051928088,0.589865700604983
0.834990945877507,0.44027120948131
0.443078356795013,-0.684504420684755
0.346109447767958,0.999998356042074
0.446034119697288,-0.591734070557657
0.221402584575117,0.373278476842197
0.488293137634173,0.88786310702833
0.591726804384962,-0.822732572804867
0.0923756365664303,-0.590027920727937
0.55067726993002,-0.47845909929031
0.517559053143486,0.753698941446192
0.945011117961258,0.780714227914114
0.555335457902402,-0.635875803622092
0.163251898949966,0.374759407620096
0.212542387889698,0.677528505674115
0.809072876581922,0.998410876824506
0.730442645493895,-0.999911050560519
0.798548981780186,0.931085217614498
0.265119551448151,-0.985937035683617
0.802000903524458,0.973107011822027
0.850750422570854,-0.186626725179271
0.347978980280459,0.997223197883758
0.817987624788657,0.912898007113996
0.872731949901208,-0.884522057223639
0.73657821980305,-0.971989580496228
0.847563262563199,-0.0575297775830343
0.338015816407278,0.945274032372695
0.0527703932020813,0.834052243519131
0.551007859176025,-0.490270928480453
0.577771235024557,-0.999400116857197
0.80082195228897,0.960892178344157
0.854492344195023,-0.334005683465469
0.492725116899237,0.956186156296766
0.413475887617096,-0.924103637681332
0.65255477046594,0.998609515449842
0.78088646219112,0.458251253387508
0.0729485275223851,0.161611496019054
0.773810124257579,0.185935702311095
0.777677528560162,0.338169952193037
0.589720773044974,-0.866490952735719
0.526734377490357,0.460843596856522
0.759951150976121,-0.36997874949471
0.620908359996974,0.223684981458186
0.745972499251366,-0.813348100484784
0.267472595209256,-0.997423123748657
0.670352548360825,0.781248580518312
0.30909555288963,0.057278156536975
0.149052147520706,-0.194542086387504
0.396028075134382,-0.449407807084733
0.511742119444534,0.887199666717414
0.970606845105067,0.932197402788517
0.12966431165114,-0.834708628051619
0.598592536058277,-0.633292614832375
0.139946458395571,-0.537671784789451
0.218928401358426,0.464958570265622
0.194611937738955,0.995575202635087
0.396980757592246,-0.483816667908365
0.367756340885535,0.635406796385767
0.215306302066892,0.590369778033825
0.676199165405706,0.611443530319571
0.548263458767906,-0.389710603656426
0.415993871865794,-0.958450425141173
0.231147531187162,-0.0154494409214527
0.759144223760813,-0.400389278327006
0.709941712440923,-0.659524350114793
0.380257807206362,0.177028589290029
0.843434834154323,0.110818282014573
0.733926501125097,-0.991698087168349
0.719039409654215,-0.887431296112497
0.469161346089095,0.306319234871232
0.220817358931527,0.395343197069938
0.222266656346619,0.340314301209438
0.560350026469678,-0.779546388873732
0.449144217418507,-0.484848259146192
0.371581402374431,0.507531121173109
0.998222724767402,0.0725214522438685
0.575097539462149,-0.997221971032084
0.709990412229672,-0.661018092669584
0.676259980536997,0.609476298227775
0.209882052382454,0.75328793594323
0.660901132039726,0.958776850960166
0.0616875211708248,0.582849337979141
0.744922464247793,-0.837541711708592
0.314243491040543,0.26437416718047
0.5250015668571,0.522444001882367
0.648737957468256,0.978317173626157
0.0776361066382378,-0.0291165202966992
0.998151629930362,0.0754170601936793
0.172723247436807,0.696819665854208
0.953087630448863,0.941028807933308
0.767929044319317,-0.0531383229995187
0.487002008827403,0.862378515338093
