0.183677222812548,0.938521352900244
0.773799750953913,0.185519420305813
0.130218574311584,-0.822030121642161
0.172881193691865,0.701431831719982
0.862673708237708,-0.624649649495117
0.851345221279189,-0.210434526121092
0.316041227662936,0.334406848145554
0.648619659943506,0.977305126683535
0.0941968532279134,-0.648394146688407
0.388605384156108,-0.162234163642967
0.811083891894668,0.990422168890526
0.51707311719656,0.766592825985059
0.624800256453454,0.375134080985872
0.926720164716244,0.148244137334062
0.197050253627822,0.981300749345495
0.715430654818192,-0.810120766158865
0.0460118926130235,0.952832044068814
0.759711675345898,-0.379047251250736
0.341355831129476,0.980862308775783
0.0265032972674817,0.88309270921684
0.856395096983761,-0.406170969380236
0.353014486841857,0.961001973432628
0.172041573561728,0.676584052845104
0.255191897274926,-0.840084461519641
0.595853225560859,-0.715734813350225
0.658779951976612,0.979767513112659
0.939235150348395,0.61304842464205
0.160982587141916,0.287348047357127
0.58777982625179,-0.903299404507598
0.150154485367239,-0.150199779401005
0.42278042063117,-0.999926682489929
0.625707624480128,0.409219927511673
0.981496898224577,0.685783525135912
0.630475766723976,0.57804697430311
0.453499513445422,-0.32244972169099
0.251582442084327,-0.75129770498511
0.759309323038906,-0.394201518022547
0.114227648824453,-0.998883863623705
0.757471362361684,-0.462011961205009
0.0126211349852383,0.492931689878738
0.7008492781315,-0.34181202324861
0.643774766009301,0.916592830315881
0.780712008010596,0.451906963781038
0.0366874018218368,0.997376140526063
0.798923602793366,0.936557414927318
0.111893287161365,-0.989851499692345
0.42781029548496,-0.981372914734804
0.697503114584833,-0.210596110627926
0.0921912982594222,-0.583932870476047
0.998315214877948,0.0687535288937888
0.56914613652043,-0.949982732507966
0.928053972544149,0.20186936527384
0.785939022200182,0.63063939824809
0.600765557959676,-0.562207433721636
0.677702098852023,0.561752601711119
0.515740912407637,0.80037853461842
0.224802161566913,0.241294272052384
0.344859314151108,0.998602728267581
0.218339605256915,0.486111547910419
0.530088944826275,0.335317878187351
0.247988246846944,-0.646689909259302
0.481602280866355,0.730750370882187
0.262220288161188,-0.959291669843209
0.251299794996157,-0.743629526363015
0.0258389117661864,0.870037981831664
0.582665525609627,-0.972624681011439
0.0738528566434979,0.125061640482579
0.899415935156867,-0.822806318169051
0.85923416283913,-0.509160707430174
0.595993764232844,-0.71171460019551
0.158415529644117,0.185535235187726
0.22815405158326,0.106602812205205
0.999475754098967,0.0214089361525574
0.836748740402982,0.37473519882795
0.0168515921104699,0.635171770639093
0.0226172967813909,0.797841522410088
0.780904672807083,0.458912174590835
0.546473558992147,-0.32140852718467
0.729412158718333,-0.998464495505543
0.989896663464606,0.401017576010468
0.756889356765896,-0.482960026988005
0.0312268184497952,0.956665079640188
0.765446016564965,-0.153957181860674
0.0933175180107355,-0.620641456150529
0.00453790929168463,0.184272280696265
0.271887144539505,-0.994120920641553
0.599370238836855,-0.608396383021484
0.97941939975135,0.744994244554216
0.216067514149472,0.564996048204779
0.831903563113883,0.549688746698817
0.927296885056421,0.171494280173388
0.29280388308689,-0.571271135953027
0.154773137997836,0.0378496427765812
0.923612276790664,0.0218624808547443
0.547191043151543,-0.349014362506271
0.0232710568234324,0.813651807486945
0.580979555146769,-0.98630817915034
0.247373975813389,-0.627353038699345
0.14263379550539,-0.442083909244516
0.0952461247798055,-0.680413092463129
0.298883921233937,-0.352031551287165
0.438868245342746,-0.799142614568328
0.132581675890833,-0.763332582428354
0.809885530266911,0.99599104226603
0.451204755343497,-0.409618510723547
0.34210259700194,0.986343375231039
0.856573568889871,-0.412820713348542
0.0779963177628815,-0.043817878095475
0.799616603180766,0.946101478076316
0.967234128154814,0.973066896814587
0.673106866423041,0.706241526581955
0.525278318440542,0.512773296735257
0.607939904322848,-0.299384256157063
0.79846071312204,0.929764076821362
0.796979641076177,0.905808238416106
0.509448001394048,0.926473967626276
0.713667144766077,-0.765832577341671
0.44408782129176,-0.653876277374511
0.397937248228118,-0.517626273015454
0.158591328887269,0.192585499589866
0.702875634422526,-0.418326612620881
0.489024391165003,0.901206220672232
0.89629183569923,-0.888433884207348
0.389435961376876,-0.195606394171661
0.557864139089361,-0.71205160269843
0.60175544838421,-0.528323506989226
0.527853857958689,0.419800175467624
0.773208406055346,0.161735929745581
0.855858346447349,-0.386043393425263
0.380000544479117,0.187359471505507
0.437513681827113,-0.831159043502358
0.281875709537417,-0.869588361891335
0.0754168480634689,0.0614766578161953
0.0688413428142667,0.324103304407387
0.617397063877434,0.0820973111587621
0.58160165627487,-0.981800363968837
0.54439213918522,-0.23984861534538
0.110176878748462,-0.977467119343307
0.472292645834386,0.425223187230401
0.784995910711586,0.600286662082248
0.902159980498254,-0.754086862015901
0.547065285034478,-0.344196698564784
0.710975907742977,-0.690675749416642
0.939937813207507,0.635465023182373
0.922706460114568,-0.0151293911305967
0.420546121895313,-0.994663139657852
0.386261264095083,-0.0671682688584939
0.459002612857148,-0.103380806685761
0.0943331506568938,-0.652621869705042
0.751562508987263,-0.660574851362214
0.502943732077256,0.992781784391932
0.701315300306305,-0.359635340287074
0.845996734919026,0.00641648948431544
0.419652748620138,-0.990237516326775
0.543140758760273,-0.189941590347938
0.934432909125462,0.447337792667646
0.877229607896879,-0.954850455081244
0.952133151236922,0.927128753664054
0.414743328234181,-0.942637925904887
0.302080741850659,-0.227179334932768
0.896122568752617,-0.891585720514917
0.682021147571504,0.407860647380484
0.2526389088016,-0.779064993123595
0.398422503145412,-0.534480061880034
0.820399055024609,0.86833917901275
0.00537700136192143,0.217839757776716
0.174287336878479,0.741183955403613
0.138686147984117,-0.580339342423287
0.290977171156555,-0.630857551334835
0.639512588270009,0.833495053521011
0.645893345819786,0.947715117296927
0.0775488477665931,-0.0255541400828897
0.0853520825039595,-0.337487505550268
0.717445569811389,-0.855568827880445
0.731636463664472,-0.999372833952737
0.741052351659164,-0.913101212848469
0.254903735825792,-0.833642426146322
0.120100585278124,-0.981509207139688
0.911112778354436,-0.469411440566968
0.650875376304612,0.9926487042471
0.985301790526137,0.564877860696207
0.27458597603254,-0.976178062666589
0.880913943052292,-0.988595636741721
0.797151488251984,0.90875949931072
0.875293721444905,-0.928403540916678
0.338381386827677,0.950039871166643
0.930648201843724,0.30431225500895
0.367243055952713,0.651453098469811
0.0961452941410244,-0.706859766714656
0.374199383892119,0.412682256343931
0.19148106337525,0.999430181679033
0.828099632170051,0.672326249329568
0.524038936244324,0.555554112946213
0.509960110764951,0.918400402946648
0.777700102189556,0.339037416247997
0.202301727142185,0.917851352237349
0.937010093592107,0.538823996226431
0.0272822238039225,0.897569486600773
0.582927762065083,-0.970080158702341
0.399003399768844,-0.55437904310934
0.344883140642196,0.99865367841842
0.798048545373604,0.923435395277222
0.015176858054474,0.580899702761613
0.126951158512384,-0.890485269382605
0.814491650089622,0.96169127334536
0.414229032350704,-0.935418954595018
0.307578958338127,-0.00462925094472756
0.579999807989225,-0.992115684129058
0.255179995438084,-0.839820685783197
0.344458281062543,0.99760331016939
0.528797841398045,0.384505606279565
0.457783115329221,-0.152770409377235
0.916056782007217,-0.282795669574831
0.886874886928126,-0.995745252171538
0.902933024568483,-0.732979041841825
0.132190370699391,-0.773558601434294
0.36982432520017,0.568002900677009
0.520741356303915,0.662165372658349
0.446554601890966,-0.57446581647038
0.990834116702899,0.3656593671779
0.258494153153151,-0.905393390596409
0.965277320006862,0.988364354346196
0.70309711387381,-0.426525272871229
0.0281885711010545,0.913270211941992
0.311063263332471,0.137237717003552
0.739729003980756,-0.933793738062058
0.845227326499298,0.0378306859728936
0.649401818402112,0.983572274412274
0.890672294655815,-0.969560116302008
0.74971492192708,-0.715291365254619
0.716120831202716,-0.826321935370131
0.109409180469811,-0.970369497207534
0.075223857536912,0.0693416274676767
0.57307943305932,-0.987704371416575
0.645360718946904,0.940549730548889
0.184595495928079,0.950805197962748
0.226631169440225,0.168198000710723
0.409886721754447,-0.858377813537244
0.198939220746979,0.963547493640921
0.176683623343706,0.803230181869653
0.903142515802756,-0.727132212824911
0.384985139826313,-0.0151004893657625
0.436934791738167,-0.844071467206815
0.984434003010392,0.593762067944654
0.952313978923485,0.929870971153414
0.742552637122571,-0.886420423543791
0.937503883149475,0.555702089264108
0.597249121638015,-0.674779833778707
0.967699414584786,0.968510937967334
0.0371588552370667,0.998585080755739
0.0394864678382874,0.999124046761002
0.488554172683507,0.892717701774
0.662029787432402,0.944664703672475
0.469007005915046,0.300312837655275
0.389047975186259,-0.180042956955693
0.489266999764368,0.905456079019543
0.369191499892622,0.589081987095471
0.093321290332824,-0.620762249747894
0.720501761185005,-0.913361653424013
0.815651391400024,0.947633295286719
0.494649098487571,0.976216197804984
0.340927545679733,0.977306800109797
0.129833206534386,-0.830890246266343
0.352488490985706,0.966720460531349
0.583552300464362,-0.963572673640193
0.694781125290319,-0.100845030913189
0.0829111004713923,-0.242124686949835
0.683010200969875,0.370656803131058
0.861886353930458,-0.599220189124561
0.943711586529389,0.746465306113408
0.193872890435159,0.997957569899741
0.0812577237375081,-0.176106801535915
0.327911670552567,0.735072103331318
0.770808779867366,0.0644024626969838
0.568895487580448,-0.946736074800053
0.660517697688192,0.963108982283895
0.19981977599673,0.953305245313861
0.521794182946905,0.629342254276283
0.380732740741223,0.157906221430662
0.0308467994909734,0.95203069613191
0.0680300914682448,0.355263359979516
0.551778668770567,-0.51746086474179
0.166270127287135,0.485909809371636
0.422654526075348,-0.999851205342783
0.259342527016997,-0.919557748732207
0.791878382209688,0.798587341627315
0.415876522893086,-0.957072285797706
0.554060505703092,-0.594845000776995
0.606889554532245,-0.340025741597998
0.240279929712415,-0.37872995843011
0.687066699378192,0.212415142950808
0.524019416887313,0.556216779448188
0.360507466131821,0.833042234627651
0.257427274249494,-0.886040362065937
0.906885395292193,-0.614122331977423
0.499495272524655,0.9997875508639
0.146829971810803,-0.282640576273982
0.924813168123364,0.0708500618678726
0.493850568076596,0.968627979271191
0.154811987886205,0.0394351143531018
0.0823548450134695,-0.220022207175483
0.228730305097997,0.0831749592875124
0.148884220980108,-0.201264664385636
0.501870852895081,0.99708240880505
0.845650723902509,0.020546421287334
0.883909241296351,-0.999584173595987
0.593488110229373,-0.779751428516046
0.0490283865947276,0.908315361944384
0.00335278315469623,0.136502524540054
0.564442054135725,-0.872874447327407
0.295822689775378,-0.465999171957512
0.511954879853874,0.883157112236451
0.980419632745907,0.717130315371054
0.374750172719359,0.392089805319437
0.421857921173796,-0.998760987982952
0.358965011546388,0.866216218445481
0.303307846188545,-0.178109106151396
0.135641359956935,-0.676865919172783
0.434599571162835,-0.891299540187517
0.455005343072116,-0.263662562952003
0.941396276000887,0.680302498173125
0.343748087529093,0.995177067845195
0.431680055102333,-0.938906200952466
0.276641300879419,-0.95454960970141
0.565489361062646,-0.892940485610931
0.978376097744331,0.772732812187988
0.0174854290671647,0.654950596379999
0.439925982151181,-0.772436614473236
0.969030483625829,0.953552369882736
0.511471177684143,0.892250688175953
0.415591466007754,-0.953633100657524
0.64850266254507,0.976281764858418
0.865391464205459,-0.707304538832904
0.8751055682078,-0.92552087243635
0.806056478060782,0.997769146478977
0.0859312806278467,-0.359658041453771
0.287231993628666,-0.741708233996242
0.0518038845621049,0.855173522815568
0.0812166321557015,-0.174454573790187
0.0468104192987084,0.942429343396969
0.00759254675358534,0.30513954402192
0.944287507329136,0.761908839289432
0.706350963329896,-0.54260653964558
0.907515047118068,-0.593626633844693
0.496091759763658,0.987288502484836
0.412310907384381,-0.904882952040044
0.830814931308851,0.586274245876885
0.0225784773938358,0.796884727681446
0.0715251020155847,0.218675681114779
0.658804883249104,0.979563221579249
0.192423310829327,0.999988851653172
0.783240934135392,0.541470316790736
0.560831342125311,-0.791707212382861
0.47600204963237,0.556945142415727
0.9975955192931,0.0980429310997505
0.365194307407364,0.712581222637252
0.928288076771423,0.2112241404407
0.479429516242817,0.66737864080311
0.918866167310625,-0.171123850049667
0.218352461466566,0.485652635606663
0.0344785209745169,0.986798508402404
0.166044358862564,0.477830432203575
0.0812430579680949,-0.175517170739082
0.950628153514117,0.90235883705614
0.0669035247992724,0.397880611666372
0.641852811910212,0.882419187640661
0.70356258074753,-0.443641248298355
0.0591534422710538,0.663677479987317
0.447652220260352,-0.537208409044742
0.215025995625183,0.599570878174101
0.335530277341604,0.907343960882712
0.530165983596817,0.332352061619694
0.557287259725854,-0.695313291581816
0.744670925429091,-0.843110324554719
0.607618362875655,-0.311887731990727
0.967645907076076,0.969052697437587
0.773590333061293,0.177108434219831
0.348723493283615,0.994498200030508
0.0308437468484044,0.951992538762385
0.755508656613529,-0.531542630490809
0.56298072822392,-0.842216330793946
0.790990520967171,0.776242510543
0.477990617742762,0.622487939832531
0.20767739508301,0.809374829901734
0.132865015650168,-0.755806196440971
0.517280628439039,0.76112334073232
0.0184001373127103,0.682716945526567
0.321594863664359,0.537770283213054
0.334535681875423,0.889524014585068
0.787122877780348,0.667410692709426
0.376527574378997,0.324338052860598
0.0918016016948968,-0.570939242152714
0.097057512961328,-0.732716101343709
0.320298172533512,0.492388981846247
0.549262308282778,-0.426944425037174
0.921028883429244,-0.083545884974371
0.453227815916762,-0.332933281305709
0.561912124510854,-0.81789243330332
0.821126847527921,0.853215775242655
0.374392129713669,0.40549924958553
0.506080572027713,0.969323044101525
0.61318093445152,-0.0898784314698921
0.397708132397383,-0.509597600175423
0.5558302749414,-0.651341786275933
0.948593241162598,0.863467610208681
0.266019837697968,-0.991413897254407
0.328797615133226,0.759117035611717
0.248249064432457,-0.654777893003208
0.337334890151396,0.935836086127657
0.274893757188693,-0.973373690467502
0.595968854147941,-0.712428885113769
0.677222323138267,0.57785426068192
0.229819890344515,0.0387620185665432
0.306692639598623,-0.0408158079903077
0.529638329986483,0.352598079311458
0.827377748908475,0.693855276035958
0.0346068034414202,0.987633455732022
0.375338177196681,0.369887274180233
0.202404283452779,0.916180799758565
0.685974266845733,0.255786864824828
0.319283736636862,0.455916884641491
0.8665956184268,-0.741200110072684
0.00807760492898524,0.323943764012944
0.805885061388835,0.997277336475364
0.118246674770489,-0.993176311362329
0.695376996649429,-0.125024526535975
0.216543815098703,0.548840061304091
0.582226916914806,-0.976631088200277
0.00567808630876243,0.229824201214896
0.6278708265163,0.488129820450739
0.672342556528747,0.727993176295625
0.51308946730569,0.860481124432966
0.0561630125157535,0.74986344791549
0.96420269086957,0.99408613862167
0.751649013021961,-0.65791838451334
0.774813284166157,0.226023738253863
0.98283014819026,0.645157072341158
0.307152933906764,-0.0220266238822207
0.805552207864821,0.996182772669243
0.474612333346158,0.508934149582797
0.00667749391868711,0.269345697669765
0.505026553757489,0.979002317258313
0.702612058026716,-0.408525072481079
0.898072567535564,-0.852733094673231
0.052185615291819,0.846988898315732
0.170488126343116,0.628536298224615
0.466817072825506,0.213916191408271
0.775199817726389,0.241372718462137
0.131103354040533,-0.800921103971109
0.525382398627698,0.509119340008923
0.512907741824165,0.864238665055659
0.744505763053894,-0.846718364006051
0.435171036515385,-0.880475488071914
0.0366095949430019,0.997141061037895
0.531450731446967,0.282430000548451
0.39274226478301,-0.325847024329901
0.218020788859576,0.497448755382308
0.385962693719193,-0.0549972901010626
0.856615971773863,-0.41439740518429
0.8773265380878,-0.956019047138965
0.117297854274511,-0.996948777515772
0.78708767471835,0.66633934941193
0.185741628520191,0.964259342795549
0.591965769883245,-0.817145889037578
0.0493937470018864,0.901972988691439
0.277931377058849,-0.937528618075564
0.540118995821103,-0.0676400422498579
0.626906399149448,0.453383501396492
0.876151628326625,-0.94085008301792
0.72772938106209,-0.992303331394772
0.0418150336481631,0.990635753107722
0.917058409657329,-0.243332675165508
0.359170688549057,0.861988488505982
0.372096651932225,0.489288606719677
0.0390469541307539,0.999714198534502
0.540498884394765,-0.0831106650574394
0.992673711152747,0.294766161114593
0.577847870532423,-0.999286827700374
0.311422375962138,0.151750077542326
0.402256407076493,-0.659739289506386
0.218423160491511,0.483126590264568
0.107142420019954,-0.94387743388162
0.617541624465957,0.0879798725589905
0.658122663153335,0.984786434155494
0.611783422064036,-0.146545611228826
0.111099063418806,-0.984722192608195
0.114644369576126,-0.999543043047062
0.408978144871071,-0.838754769293568
0.83960290113464,0.264364779959505
0.916377597721294,-0.270204250980195
0.347213323228061,0.999064008681708
0.558844023151323,-0.739572527249948
0.882901531876996,-0.997551353225387
0.907016155309975,-0.60989894756425
0.872500456403941,-0.880072149394153
0.434670451330021,-0.889983263740382
0.15649289637804,0.10788444703973
0.178658736636862,0.848615891386488
0.796892974991351,0.904302922536355
0.182001839159057,0.912722279503511
0.743634881451726,-0.865102201735722
0.359391269274056,0.85738682582939
0.488180315354839,0.885733631989248
0.379124116152525,0.22239204395576
0.149609883781523,-0.172150408561097
0.671720418147743,0.745176038549608
0.661170945037156,0.955587444451593
0.036749824648723,0.997557458852798
0.557528453413397,-0.702359078817382
0.160101648420095,0.252708702089492
0.177850394276902,0.830692327672453
0.79900878877379,0.937771202868318
0.86672691674903,-0.744789074124301
0.730181087041274,-0.999711528765556
0.316406226716936,0.348417788936657
0.391013031592593,-0.258321580130008
0.852963149314746,-0.274526009050732
0.479868705850095,0.680628447525096
0.480225024977699,0.69121745550892
0.360896958038211,0.824137242510021
0.488019627053291,0.882668251064273
0.674395020119846,0.668035872727386
0.76594489091076,-0.133795154146882
0.504526698729023,0.982959500028348
0.877920498372987,-0.962851995124081
0.258911315118894,-0.912495183290724
0.904634443344548,-0.683979489900747
0.408669254975393,-0.831819071944515
0.287868787068874,-0.724015833685311
0.845775714376941,0.0154425543247768
0.0688182469457388,0.324995496516482
0.575914406683296,-0.999151614081685
0.395203665364534,-0.419080939538798
0.427508690394461,-0.983664801468914
0.548815735150129,-0.410381785930967
0.982622855342925,0.651602311330247
0.187329938169569,0.979406646146435
0.284994845744222,-0.799811031289608
0.701386732282117,-0.362355948104103
0.716759097995237,-0.840720578289892
0.695886742556468,-0.145650976091693
0.331640277523547,0.829410692704083
0.430588038638234,-0.953317185686701
0.785653781844303,0.621555978571644
0.690040942514315,0.0924434823356393
0.52204578416422,0.621323733251628
0.499327892437577,0.999623290346634
0.764085962437093,-0.208574850245508
0.187542508821934,0.981122496588503
0.0252369390800595,0.85765625795207
0.34109894442372,0.978765654634449
0.114121115766466,-0.998668901136361
0.407540507148951,-0.805357412633751
0.591973227448761,-0.816970286291379
0.760772343259305,-0.338618316238657
0.47938964725472,0.666165148094168
0.528674916364253,0.389135135503153
0.263719050912187,-0.974771242671244
0.624757258919999,0.37350569717609
0.625872246455401,0.415345191350947
0.443693913053721,-0.665962959049597
0.73362650978379,-0.993199061085962
0.277863121824339,-0.938494800175758
0.549391041509807,-0.431692793603452
0.353446912718937,0.955968482098412
0.635072690434754,0.720189106380224
0.758786629186943,-0.413728788230318
0.572114815702662,-0.980780747254579
0.541832049377263,-0.137219725975917
0.998120008967817,0.0767047414637463
0.312364956364036,0.189678079565826
0.708610446192324,-0.617701015051133
0.459815832553431,-0.0702953588672294
0.385757929179817,-0.0466453932293353
0.278174036648124,-0.934034729738542
0.136644322890788,-0.64615440991165
0.12139229895547,-0.970050420494007
0.726786391343921,-0.986799686123794
0.684778657509014,0.302668355193916
0.777245901525021,0.32152886807236
0.894202223513275,-0.924325047322776
0.831253384472802,0.57167455538852
0.480046222452074,0.685922001374224
0.0904370495118201,-0.52432324874724
0.841110000386834,0.204540455759727
0.640040368540213,0.845210184317105
0.0406887785065919,0.995865804240768
0.965783393708989,0.985009713370817
0.239089912036434,-0.333319733646561
0.816860816441476,0.93070953218036
0.954000275582075,0.952982752108546
0.644510238431394,0.928187101236687
0.708905254956335,-0.627124582194246
0.579484925605357,-0.994531513012599
0.279619608074427,-0.911332281359779
0.626290903193876,0.430837369779465
0.252354381140321,-0.771727284417285
0.71887065237388,-0.884233368807068
0.735587522154674,-0.980700739026734
0.360198304522783,0.839960676754157
0.596426077187061,-0.699201551069675
0.802144184475765,0.974438301980306
0.733149688923731,-0.995277896912382
0.317127998452634,0.375892998978593
0.654430142138153,0.99971559046804
0.0447466808836907,0.967235709563895
0.332229849649593,0.842620188351214
0.0442657871171832,0.972035063006658
0.465257869800553,0.15131974292375
0.807527018943802,0.999977215401087
0.692852929700166,-0.0222660389861831
0.806407503085211,0.998623643381288
0.0545472204685211,0.791858202995992
0.754266924690455,-0.573796533923593
0.164282233221456,0.413429058998949
0.401877598138526,-0.648034561792062
0.151900928001851,-0.0793608525408977
0.978538228664547,0.768513002546888
0.834080872824416,0.473331314681631
0.447253455640748,-0.550872836128491
0.324085272382945,0.620594176402248
0.536115837283432,0.0956536191555316
0.810562427388504,0.993137866724958
0.196284169331193,0.986841733560868
0.665734481299296,0.884428822504831
0.503416535910219,0.990280952849664
0.969742079731077,0.944396649639472
0.721381773008034,-0.92740173615778
0.354544136673212,0.941862449404941
0.110773753374815,-0.982321844500124
0.266764151863754,-0.99493017794041
0.53980168630369,-0.0547052594355822
0.769178562099114,-0.00213217442100396
0.727489456301555,-0.991042331824066
0.696399548090994,-0.166337519906302
0.992440332425758,0.303860502165262
0.39122023829259,-0.266487475830465
0.946556035429239,0.818562205225834
0.194350654259324,0.996521235344835
0.280480486340821,-0.896298142221558
0.898198875132948,-0.850027239175061
0.907811906654388,-0.583826607955932
0.875282754888758,-0.928237026767288
0.194856118876487,0.994588612622441
0.807976346695796,0.999932716659578
0.701220060698688,-0.356003221489166
0.687963333446532,0.176497235335488
0.207131960196421,0.8222554368287
0.109821917954832,-0.974304409800132
0.562077789567411,-0.821766574132083
0.176485780626535,0.798390989129954
0.314242634456605,0.26434042823325
0.487090298673138,0.864198401905799
0.254674538271502,-0.828436083641469
0.878534852527082,-0.969323445021866
0.0514981443993747,0.861579037391424
0.802269095322117,0.975571684280047
0.381656171986833,0.120562333627988
0.894319968298078,-0.922479307488528
0.693703445605934,-0.0569726817549089
0.666624505771324,0.866885059865643
0.813524138648063,0.971769908401197
0.391826746752486,-0.29027778611456
0.00317359436303377,0.129249237859237
0.962095430586487,0.999741297961831
0.267505346098915,-0.997518193226185
0.985980290686712,0.541797988564553
0.879066485911608,-0.974431186334196
0.0904229560401291,-0.52383303821015
0.0118586029857397,0.465601097536148
0.576935978606343,-0.999999861180909
0.488527482142672,0.892225972401574
0.601986035006121,-0.520304486800414
0.937563081737608,0.557710504226025
0.963732939213514,0.995986455668235
0.985347529640421,0.56333543544122
0.239606278715655,-0.353126935791076
0.694355713669211,-0.0835451407656053
0.986537655582651,0.522526629768635
0.237583000212908,-0.274701402514745
0.888882397441193,-0.984853755190721
0.659909512614831,0.969495595491964
0.133601427776739,-0.735774004589479
0.221996175125241,0.350680614914621
0.174837242346257,0.756072228090677
0.990622123004869,0.373703958141778
0.492525833891705,0.953771786539284
0.916981385089457,-0.246382651997753
0.961147050838917,0.999872234795991
0.295068925712258,-0.493011532945049
0.106825371738523,-0.939521599408975
0.0696122127119452,0.294164138840462
0.47349178395234,0.469021125968814
0.549277314450592,-0.427498542784188
0.421056932769716,-0.996598983820594
0.128049613907933,-0.869183571842546
0.410670739598572,-0.874361766430212
0.754881016211584,-0.55307782685848
0.19394610915333,0.997762086936335
0.50471997866407,0.981477855338569
0.799002904677764,0.937687727023502
0.283723208354786,-0.829892458240653
0.910282264230773,-0.499085289957525
0.951198804657906,0.912157336590456
0.515151455067098,0.814577375443686
0.38247400871478,0.0873438603809799
0.187532707583159,0.98104500708332
0.0356962759979069,0.993629587924061
0.891565757803619,-0.959982070104296
0.421132689807564,-0.996849169805778
0.141204070998356,-0.493675874735732
0.0364826570730656,0.996735929131869
0.221176369814202,0.38183341027784
0.944113750942051,0.757293510398438
0.971070276107639,0.92518027020365
0.773532260674983,0.17477371477825
0.853238852927461,-0.28533569702223
0.20126325590536,0.933855240545471
0.719988421071321,-0.904625603849504
0.0629207831807435,0.541200027803444
0.0708715196233243,0.244641425396147
0.895708619616926,-0.899113849637372
0.158455927623436,0.187156217973858
0.627692718524486,0.481768377299401
0.144183875294402,-0.38445212635209
0.258239110466093,-0.900921943738615
0.408061594702303,-0.81778959141246
0.853566874749959,-0.298149421024898
0.0712858189363033,0.228201059264709
0.945694769732654,0.797855060952429
0.97905204561539,0.754918091020742
0.0749144509900361,0.0819417211227248
0.31362233357504,0.239825823653849
0.611587185412645,-0.154468738452252
0.57178092491813,-0.978029015507353
0.422845889814198,-0.999955485422571
0.812830532668158,0.978062437705557
0.749208102701232,-0.729602011902435
0.430911341216415,-0.949247007285005
0.368509985972196,0.611342430133888
0.671321425354108,0.755943334658327
0.717151904478669,-0.84929853976991
0.0507360270712525,0.876959162173134
0.778276856988668,0.361101288895156
0.377337320242077,0.292883576128921
0.668906342238188,0.816733805739953
0.0871103913523257,-0.404157072764956
0.740873928414658,-0.916048066138048
0.914623965742067,-0.338408159072705
0.332610866054893,0.850897550951571
0.47430836991407,0.498209100395523
0.341502364259213,0.982009938674435
0.765635292511433,-0.14631465777724
0.309873344376683,0.0889573290269156
0.766320461407304,-0.11857935661428
0.319864634191617,0.476901732234449
0.887343377340585,-0.993799972923734
0.830624857218936,0.592545228111318
0.127162638120353,-0.886522176105767
0.851843576412648,-0.23028699296391
0.318721500923857,0.435361708170058
0.611241303384304,-0.168409382863983
0.401458446402103,-0.634902650098309
0.700184066779912,-0.316157683953503
0.698059260146692,-0.232743868077913
0.855913304025307,-0.388112932758071
0.61894054338336,0.144716652596852
0.776528866728768,0.29366576677467
0.480067684780806,0.686559571640661
0.204161470523104,0.885086427530723
0.574490218190476,-0.99506788815591
0.494553737575188,0.975364448318166
0.203901815460995,0.889972184601717
0.299405976431444,-0.33199675284253
0.39824604918249,-0.528375434905728
0.365033541573212,0.717172320138681
0.799807338509709,0.948595621637197
0.16422533756122,0.411312168966102
0.102007437497377,-0.854435288172916
0.25673714117147,-0.872623133655321
0.677281243028119,0.575888687624283
0.833272111834958,0.502163783372409
0.179553744383156,0.867381480531787
0.174896418582648,0.757651784988065
0.705096000339836,-0.498860513866097
0.422758463770151,-0.999915421841904
0.894667781656608,-0.916902655481752
0.299866086104885,-0.31421380604062
0.357292810222134,0.89829480263744
0.270060368115082,-0.999426080175003
0.803561652544886,0.985804061438866
0.53053429396823,0.318128002336568
0.0127615232486278,0.4979121436515
0.797894211020321,0.920998219170589
0.112710679881275,-0.994043012937814
0.985842120600864,0.546532297424735
0.528509055962786,0.395366105013488
0.709803601261228,-0.655273968357836
0.143822457641363,-0.398035879632651
0.00597227411344647,0.241500557750931
0.338374340906739,0.949950013599501
0.770146069815382,0.0373728152904061
0.24831223138608,-0.656725566956967
0.646581098902971,0.956303589612316
0.56269175442867,-0.835794955612784
0.422336240997538,-0.999542504305588
0.59873934625648,-0.62864101032491
0.315435435855761,0.310990286851628
0.540250116726384,-0.0729818527769615
0.433088323334232,-0.917569616326603
0.00359303131699562,0.146215859905215
0.0399556788615882,0.998138750885144
0.626201131381094,0.427525864145473
0.856526902643964,-0.41108406352887
0.222309539793059,0.338666927377117
0.830262751551345,0.604392806918822
0.099251160165295,-0.790665155138135
0.619910476030782,0.183788609906856
0.457171489018947,-0.177406218864752
0.569955087732524,-0.959780331467603
0.587918820790946,-0.900849526437109
0.113570847082883,-0.997257658899891
0.904058684129268,-0.700942614961044
0.461293467553332,-0.010005559997774
0.112244229996577,-0.991786524957118
0.928415418602526,0.216304650388358
0.916615942493081,-0.260819510852874
0.200348788173869,0.946558304612428
0.462641493184492,0.0450333543019664
0.0954698079731315,-0.687079276365239
0.305351715069264,-0.095445936754809
0.229971205350012,0.0325861505965866
0.0977091090753675,-0.750564672190238
0.582910051569343,-0.970255513426033
0.295955744804814,-0.461184338756396
0.997674495214596,0.0948325339352815
0.164925259537995,0.437195937476405
0.759799817809835,-0.375713628924444
0.975601073587313,0.839558122320282
0.0764127224683762,0.0208417263149555
0.387258835369721,-0.107750792209417
0.430932022398338,-0.948981004632234
0.668945889687166,0.81580077814482
0.380438632331789,0.169755443659186
0.820159599417821,0.873147942831999
0.243204676313326,-0.48631925436788
0.0689285292755812,0.320732703973717
0.0852260545361787,-0.332637964160622
0.659690664382651,0.971647603102139
0.529725555330515,0.349262296639909
0.0273176182527095,0.898205845645962
0.654051379300654,0.999964874997471
0.95144105097279,0.916167387352111
0.457075685961172,-0.181255451648946
0.295861267484725,-0.464604579016311
0.833338106283918,0.499831175594226
0.300638329936191,-0.284120903746943
0.599701376399025,-0.597608063790412
0.667831146391109,0.841276085672883
0.296838964801282,-0.428885033593673
0.560815587872639,-0.791313985982296
0.676465392112732,0.602803972682431
0.104948767926544,-0.910540248524577
0.683836019597948,0.339127312207885
0.423212790163234,-0.999984604852153
0.124794956063852,-0.927051745346056
0.253227967303246,-0.793920826347677
0.601847450016066,-0.525129580562576
0.0677248265128583,0.366889400108054
0.108857839833945,-0.964683245699633
0.264615862397477,-0.982290906905264
0.0341382513288409,0.984452662021039
0.540504243224859,-0.0833287642824281
0.339124709833413,0.959076219561351
0.385942161548883,-0.0541599917025653
0.844241288723424,0.078030789395046
0.116750781191513,-0.998443853044889
0.0560139419976622,0.753877397895304
0.838595107197762,0.30382436977227
0.266118322964758,-0.991931824816959
0.339897987432778,0.967538649917948
0.729939856333658,-0.999426390652377
0.792266566539183,0.80802860643131
0.282142596086487,-0.864154721052764
0.00744020845741034,0.299208796092248
0.781939892098308,0.49605507868782
0.556599273812026,-0.674847395625754
0.223918599076569,0.276148654433123
0.786118544172496,0.636312434169129
0.143145207781345,-0.42325426156004
0.624468467431143,0.362539113407296
0.972035222453997,0.909508945896022
0.635438183089718,0.730464494738146
0.699362413026392,-0.28414999624499
0.492151486687362,0.9490657877667
0.180798971094191,0.891557290850273
0.0410321454983205,0.994494092579202
0.865959615912288,-0.72351557962771
0.880584590369835,-0.986480621895736
0.788298077881336,0.702370524077715
0.439941441174597,-0.772035490595558
0.767171089537442,-0.0840196011928488
0.228780758799985,0.0811213593692292
0.729894699761644,-0.999362234957125
0.177122113062069,0.813768187927047
0.215430471347645,0.586269103592752
0.148709149332717,-0.208263197312104
0.881828410318121,-0.99352926733684
0.476797617040575,0.58363225668114
0.468997876159847,0.299957162346743
0.0610442485194653,0.60399362287823
0.498245406197384,0.997433603306881
0.355109281139448,0.93385711913398
0.755779168568552,-0.522152463418974
0.484127440489829,0.797143760899796
0.907523507485166,-0.593348538527823
0.775333176366985,0.246654534835834
0.339750850340351,0.966002530886112
0.654094871366397,0.999948410005898
0.958987275604159,0.994576898287337
0.70029712584801,-0.320534867563212
0.876448194961995,-0.944884794635312
0.127361116465181,-0.882742560461391
0.603225160157308,-0.476439623642086
0.983024907298386,0.639059398513637
0.0699262937996536,0.281880526330406
0.833215778693557,0.504152021956137
0.639344094786793,0.829673194500521
0.895000921562314,-0.911387787719421
0.178475345717743,0.844629942941716
0.662847919622436,0.933178715817362
0.317123814253137,0.375734640064347
0.593210094841197,-0.786809845651056
0.673538164934143,0.693662031246396
0.215495306067169,0.584121947234004
0.970589517382905,0.932453313003338
0.702160799875855,-0.391634992207685
0.823471427895129,0.799442088681736
0.926754385232925,0.149626139856198
0.402010573772714,-0.652161155769085
0.109378387220204,-0.970064856930499
0.39496973133646,-0.410387373613442
0.62035826430656,0.201733341874296
0.504648692207411,0.982031446142771
0.133833671920002,-0.729317494717478
0.784719213144854,0.591210537631254
0.932934931479394,0.391819149756386
0.488206621259451,0.886231828166838
0.147308976156637,-0.263822474678645
0.649183292873204,0.981922078102933
0.370201544836164,0.555256520365678
0.22775986418128,0.122595461361932
0.32277247752063,0.577680944614233
0.668011274188757,0.837276366280368
0.2692627646029,-0.999999146249986
0.27182284113951,-0.994401844975641
0.0358413592912257,0.994279895484968
0.458925217855722,-0.106524214993256
0.658335739281029,0.983236996245381
0.107725544832647,-0.951475108343441
0.471804206492379,0.407084889580891
0.439561368897557,-0.781807817485012
0.111962677212432,-0.990250242915195
0.214740158990026,0.608872583254068
0.747025064425543,-0.787595259609171
0.974031634628773,0.872632208480818
0.173392627388239,0.716164895496679
0.708194224862382,-0.604244359999323
0.124229287030175,-0.935465426403303
0.317397951614112,0.386086478924235
0.193360720062628,0.999075367504825
0.441491536563262,-0.730279187597026
0.0930730525869876,-0.612782143399502
0.295046013547108,-0.493825439891362
0.767332965042442,-0.077430079619127
0.499252623878419,0.999534198189819
0.765901875682175,-0.135535923905657
0.20933134178631,0.767888560683692
0.571957985404879,-0.979510926556649
0.055195723194629,0.775407667266035
0.429260340519249,-0.968282109004821
0.204038835829124,0.887406400365632
0.548978795297444,-0.41644552315288
0.276739368215203,-0.953348216836151
0.961470713140443,0.999996172155932
0.268445324618369,-0.999485541504588
0.0536507668439299,0.813681562278445
0.297973488923162,-0.386582772499989
0.0283862666692585,0.916529397638967
0.944984907982871,0.780044879167837
0.973473023856059,0.883546040281717
0.536882991204038,0.0644243331598349
0.325054765446112,0.65114719158544
0.655063644982874,0.998764056579229
0.0596288028173149,0.64903124165612
0.951706286054105,0.920455127200229
0.367034261347726,0.657898917115634
0.0142605837900192,0.550040129569042
0.214152110507712,0.627746541022398
0.159464894328266,0.227464681004407
0.698753737378865,-0.260230598282453
0.924429254373536,0.0552020884019149
0.819259761366993,0.890468348061186
0.611958402674645,-0.139472750365792
0.533792881993577,0.1895179924847
0.613550049019977,-0.0748549007267356
0.298248957609758,-0.376182852019757
0.434605657123029,-0.891186814144729
0.546776857227087,-0.333113241553157
0.970883248141035,0.928052221409391
0.0489214274566621,0.910133883184411
0.813753713853657,0.969515138815559
0.731175804743543,-0.999862144014951
0.294599768240005,-0.509590279479113
0.733043826417997,-0.995688260432302
0.555967635242268,-0.655588213362232
0.00858144694939256,0.343341471568928
0.698872692650184,-0.264918343301221
0.383793349610642,0.0335661824108889
0.945519608678296,0.793522078838584
0.914482245454565,-0.343848923896234
0.0444623797666281,0.970118260330989
0.993238037452102,0.272666355895088
0.996171205537394,0.155734184920695
0.227364755701274,0.138593592152367
0.259697943693027,-0.92516459921122
0.141653839498758,-0.477619081188053
0.437280102167279,-0.836425469968456
0.162524011451751,0.347036922778415
0.894074448850006,-0.926303828792926
0.0826976629905403,-0.233658029333839
0.669919709907845,0.79216054662495
0.304238593904302,-0.140584847660513
0.237406072439626,-0.267746418261796
0.962822490371764,0.998625304605736
0.791656208457425,0.79309325336559
0.449542697286233,-0.470551296749306
0.00584395858459175,0.236411883430747
0.758366788271815,-0.429277472079604
0.328005640301853,0.737668663336504
0.327852868707851,0.733441788845662
0.534576394828036,0.158007031706266
0.00760889635421336,0.305775359581809
0.474896085681394,0.518875321665304
0.188171183690429,0.985763895165256
0.757917392766103,-0.445780737147678
0.450630554230884,-0.430897056840468
0.363692070124671,0.754257751177709
0.687426364049315,0.19803899418935
0.490743766538799,0.929393142047783
0.882867967477068,-0.997454545702321
0.0480505893938243,0.924290568858794
0.695030599366874,-0.110976377787101
0.825476568192244,0.747622283890976
0.250980163924396,-0.734838645067016
0.748676912859082,-0.744265199620264
0.0477777400519699,0.928486399064274
0.05233711656183,0.843683409055874
0.266485664527863,-0.993722028449103
0.928447044687346,0.217565522998395
0.361871550790966,0.800946389343173
0.962976146722212,0.998276706408711
0.214199873618782,0.626226904302631
0.645492265699431,0.942360937112863
0.530550827970728,0.317487750824586
0.28172389161773,-0.87263321979275
0.00778480269946158,0.312607455248428
0.467031779233366,0.222473639383344
0.353056021267548,0.960531495017381
0.392699271440506,-0.324186475916489
0.825275791576132,0.753042813044487
0.00411280291154981,0.167181036396301
0.698197881923988,-0.238246046524729
0.693264600122347,-0.0390708419809278
0.92596103460528,0.11751696222459
0.571247885469347,-0.973259324464031
0.703031251206994,-0.424090803878534
0.794345881557092,0.8550871388735
0.12949232221581,-0.838556157462387
0.438408879796043,-0.810279223441329
0.802007152233273,0.973165766735868
0.966760541312397,0.977343299860325
0.935143909417093,0.473115912951583
0.186598632019013,0.972940653590677
0.906903400318697,-0.61354182929516
0.0194759464357048,0.714151622890687
0.00288716051727533,0.117640621334234
0.609117284882814,-0.253176370580651
0.130292960908264,-0.820296359387424
0.000485751777887344,0.0198371435624392
0.752035346115008,-0.645954656070042
0.75568699138239,-0.525359387070697
0.293916798662394,-0.533388526696525
0.805957308970392,0.997490581754296
0.339964208425954,0.968218603248465
0.707704020431265,-0.588172183574204
0.0921359057538211,-0.582094863457002
0.898389593465254,-0.845898689957395
0.598866068292409,-0.624607709939595
0.29697187570855,-0.423975147867677
0.601716446690261,-0.529675240223558
0.819995807716623,0.876389151042939
0.199304087553173,0.959453978666252
0.504877303959802,0.980226677889795
0.532237716717646,0.251456935539481
0.693470216589049,-0.0474604751333873
0.00653342599980533,0.263674678382615
0.442767202388495,-0.69371297419112
0.482188608730212,0.746885949105822
0.749810894485563,-0.712546767112513
0.980396030237898,0.717801791699564
0.417703866260126,-0.976019629907967
0.940657220780849,0.657873524556361
0.793408171506599,0.834608757692798
0.211122958222404,0.719003609608478
0.728841939708218,-0.996903815501746
0.422031627269462,-0.999088893988204
0.790577699895948,0.765503627283247
0.869089182000607,-0.805604606289432
0.710271559888497,-0.669590278043008
0.939067153725773,0.607613457321732
0.556689551565796,-0.677563656339781
0.981529543409124,0.684812567428152
0.960639966186136,0.999326807310803
0.191613621311262,0.999598269165179
0.892121058190241,-0.953384276520512
0.755931275663897,-0.516844367486319
0.732746927300468,-0.996739834568564
0.83867751643993,0.30061610440161
0.370425666915253,0.547620754614838
0.810014000628144,0.995507991144821
0.201933337375522,0.923719090163389
0.186382399639115,0.970862274312667
0.563330412143841,-0.849829819301166
0.14266582694836,-0.440910122237674
0.88183290255256,-0.99355008802274
0.610059415455908,-0.215774472044772
0.605545085621998,-0.391124700136982
0.0510571550112218,0.870581270377385
0.296636962797493,-0.43632297980386
0.819048049859703,0.894369537201117
0.887009184807539,-0.995224857789195
0.491223103599623,0.936440099151848
0.187575727468356,0.981383956909574
0.523923856439069,0.559455870809014
0.0817585990298539,-0.196204945133372
0.0670035083312541,0.394131043795895
0.68358571594581,0.348726217821646
0.346685368102044,0.999764396463412
0.462803561007604,0.0516445685797992
0.63585945032537,0.742105870826218
0.401087872684002,-0.623137595290434
0.39550012582913,-0.43004308475963
0.255486647831276,-0.846553419886528
0.0864483597688377,-0.379281138920055
0.580490107880905,-0.989407413939065
0.381376407109201,0.131896669486009
0.605873990105465,-0.378727174048216
0.215440821601078,0.585926605601889
0.12620069552213,-0.90401072712104
0.999079298228025,0.0375932485716268
0.323081420967355,0.587933856380496
0.968932500807568,0.95475014923277
0.983584774425253,0.621306813510746
0.479790411656722,0.678282325505715
0.00584261724725366,0.236358654799474
0.39849868346937,-0.537107047266325
0.717974829254672,-0.866558113318929
0.70329907303676,-0.433970934522274
0.68580935895443,0.262291918502674
0.131205085664988,-0.798426434381085
0.788009495707229,0.693932597675753
0.470404897583649,0.3542495874741
0.682381911668926,0.394364199192627
0.946674330392852,0.821327797676829
0.603299408685416,-0.47377136259714
0.697474485496059,-0.209452956965785
0.0697349086403847,0.289371189095846
0.196681452449411,0.984088493825571
0.56903918646276,-0.948609563959473
0.473254856653512,0.460453339945619
0.733895575860515,-0.99185970417582
0.590350838610902,-0.853360122518284
0.467683621216565,0.248346255227567
0.00589929334819317,0.238607126747756
0.259989920305088,-0.929624864278838
0.572129446547478,-0.980897158874434
0.911360793281347,-0.460443721122917
0.94651140156202,0.817513751736872
0.183255466865376,0.932436054103993
0.0470040182117373,0.939755864502098
0.290584099944681,-0.643231467586127
0.750532625475898,-0.691559152739294
0.862034766003489,-0.604061696403045
0.163531882688403,0.385336070156187
0.845223472453654,0.037987974768822
0.895758639788255,-0.898217784410154
0.296281625051051,-0.449334549976651
0.061668133828789,0.583492550316682
0.487170601030812,0.865843888470911
0.535251748282462,0.130714959269548
0.426834088983014,-0.988250350976233
0.976173578063026,0.826627342401135
0.925037172390148,0.0799724713936028
0.564592702081427,-0.875860021628693
0.644323485903442,0.925321980088067
0.393766146386042,-0.36508449145061
0.0170569226611406,0.64162634368306
0.87467047967948,-0.918645932515083
0.234107136493549,-0.135900581990751
0.656097918748856,0.995774321578874
0.474697058554739,0.511909687909682
0.716189505299553,-0.827898284001659
0.134064520709217,-0.722834752475966
0.0615314594469965,0.588016583126793
0.577708006370813,-0.999486216081073
0.0241665081121027,0.834363591007863
0.529261294752359,0.366965129622643
0.2188439888414,0.468007955270589
0.847132746363059,-0.0399683251723872
0.581227721646428,-0.984586111233941
0.860732143511996,-0.560829979662253
0.22620531055145,0.185316289355226
0.601529246894643,-0.53614450510517
0.265782235655934,-0.990098354764385
0.353465614840388,0.955744049077489
0.720243725227192,-0.909020326311716
0.125151143409312,-0.921499716486035
0.784849386196584,0.595489897999428
0.564916827250272,-0.882171054735224
0.0198949195910245,0.726024150008873
0.245013519190252,-0.549484211327815
0.651024152990431,0.993365778758786
0.239624240668491,-0.353813159015648
0.296260442584753,-0.45010723667506
0.205528562655672,0.85773456236066
0.556209111819044,-0.663003246596775
0.240431923419237,-0.384467738583675
0.965294374385849,0.988258171588691
0.74300756608136,-0.877667772618933
0.686794867739081,0.223250277471694
0.75038715894334,-0.695838193353356
0.0181579894851893,0.675457597892406
0.666043055942282,0.878477517225183
0.945519153494388,0.793510765896537
0.0627205932978541,0.548056923823182
0.689407233847305,0.118179930182503
0.667617025086656,0.845971382335571
0.554834678769112,-0.619959107109557
0.0671299921814352,0.389378257406148
0.694831993663684,-0.102911721214204
0.520913696847856,0.656874652883456
0.584800369804725,-0.948694796598074
0.772388190263882,0.128594219958421
0.503263043938205,0.991133352100193
0.80537402513437,0.995521168390242
0.346927386242896,0.999501016728975
0.748373268870637,-0.75249021442961
0.0742277710232884,0.109856019699427
0.183113615494221,0.93032709261589
0.194448916008696,0.996178764938317
0.0312840638216585,0.957343250843552
0.7117627824191,-0.713555120635317
0.208990346873179,0.776734876630133
0.45126212015748,-0.407480135312619
0.490060977172107,0.918740816290868
0.694508124841377,-0.0897463006959724
0.930402343859896,0.294732283741512
0.493144278181717,0.961057508493855
0.573838975047693,-0.992077912576411
0.767063319217414,-0.0884046260367228
0.301363236503676,-0.25561494507893
0.501379047287628,0.998414376891218
0.748169374652207,-0.757948373241284
0.749509815825149,-0.721120044472916
0.0382358918432146,0.999957536964249
0.28933347412385,-0.681483404681556
0.403908708365634,-0.708910967279129
0.0722254384309053,0.190680054812832
0.900506165344268,-0.796694219710774
0.127095905132592,-0.887779897032161
0.928680727491155,0.226870629512613
0.210481699090451,0.7369568157543
0.705789398169145,-0.523200665175711
0.744236377300695,-0.852520470212235
0.586117936531082,-0.930315367799784
0.850551307899877,-0.178631530755692
0.793884720420465,0.845170851126295
0.692676966777071,-0.0150808577779401
0.0600875769741833,0.634664019586359
0.893713389988989,-0.931758842169725
0.48672602022998,0.856617464767883
0.819909641053528,0.878078535710188
0.424537105252966,-0.998222368126118
0.532614713069052,0.236525645319958
0.070796559099108,0.247608688841104
0.315838306210935,0.326585117366366
0.920073168817908,-0.122367975680808
0.577121280599385,-0.999967237465291
0.53871533065103,-0.0103648662219014
0.0663642168510705,0.41798968115036
0.595215449342504,-0.733680632521679
0.149577456526458,-0.173454837474339
0.234546979889274,-0.153674556007618
0.100015578093007,-0.809390791519798
0.829641295131296,0.624416452054904
0.440479379147291,-0.75788677091116
0.882782764267176,-0.997200382394548
0.888226150302216,-0.989146547727915
0.110368205234408,-0.97908668224252
0.714059736579657,-0.776044025026618
0.677779929712415,0.55912004007855
0.166795376455411,0.504545418887595
0.908394724363461,-0.564338165992992
0.828226095763966,0.668493983984469
0.238462530774996,-0.309055537380015
0.788192476844415,0.699294085900656
0.98872352601029,0.44443114193602
0.827078881906345,0.702593044715038
0.0614258798304945,0.591498818460188
0.717154543148354,-0.849355425435856
0.113164295675233,-0.995891437758026
0.103216544957832,-0.879039501091282
0.693360584555194,-0.0429876104093677
0.449290480231866,-0.479615247781659
0.999165815999731,0.0340620721996237
0.449740758398548,-0.463398507398719
0.398242224007845,-0.528242793585388
0.955680558690801,0.971518139975665
0.452937981113791,-0.344071454270549
0.822114762384444,0.831483730379251
0.461494168965146,-0.00180893891162198
0.399522487074137,-0.571897060183638
0.96239028009586,0.999394928290973
0.843950313515961,0.089872399499529
0.572272286517546,-0.982015270990793
0.928389583947137,0.21527440330737
0.305063453968614,-0.107158090923773
0.471287060296163,0.387704165422076
0.0685749484691769,0.334376382922162
0.955130017595366,0.965944982058871
0.917939373990521,-0.208284950327354
0.744538793107495,-0.845999885639892
0.376831261441112,0.31258109371859
0.641529269050807,0.876125754631884
0.395564934704453,-0.432431164988821
0.229878253536299,0.0363801081802413
0.622304495191202,0.278865715723787
0.693686052691191,-0.056263482326265
0.607015484012663,-0.335184659982749
0.32674547075294,0.701959182084392
0.216611967887729,0.546511211387265
0.830096406163648,0.609791237077563
0.118262081639841,-0.99310273266319
0.833539416780695,0.492693392898316
0.37937603215687,0.212349673409943
0.832839214708656,0.517373532574503
0.766816860064864,-0.0984261335586516
0.0507767533417791,0.876158630875224
0.829234914388508,0.637293539532758
0.913636958459392,-0.376054739825578
0.167662137886509,0.534786044670328
0.417790015460923,-0.976779480117375
0.814410984050483,0.962589178466909
0.843295292230323,0.116480340363899
0.58269753260538,-0.972320083556378
0.197941491147503,0.973646257690256
0.12602549418807,-0.907046539205806
0.271198621252552,-0.99677219303686
0.00517809856683016,0.209904412714755
0.408340625232086,-0.824294831409842
0.778211731929332,0.358619723848753
0.266886072698981,-0.99541860386586
0.896065316395834,-0.892642152771936
0.244085538201034,-0.517432106806592
0.0414340829011053,0.992639967887033
0.819505990482867,0.885847388562414
0.584372236859053,-0.954078213145256
0.111965870950371,-0.990268404002654
0.412403554888442,-0.906487080151889
0.275987795321271,-0.962163604330841
0.0722827296704054,0.188382650725778
0.718235276639462,-0.871817592154545
0.863579463213682,-0.653102716127456
0.59351565130055,-0.779046712288404
0.380891338456422,0.151506974045372
0.166756909107789,0.503188389736391
0.367314764065668,0.649228404158281
0.339309768984094,0.961188824399905
0.893489457899705,-0.935040373277303
0.849637163570151,-0.141781770304323
0.421418789774179,-0.997707922159981
0.342744985828176,0.990324502911158
0.114321916131303,-0.999058307673647
0.637996706878766,0.797713342284676
0.806798247154802,0.999333435694796
0.686717040138319,0.226347456021378
0.792314991354942,0.809192176171109
0.141801988240331,-0.472294602309307
0.626069887541234,0.422674206967464
0.113658303860575,-0.997515637943715
0.230479181744158,0.0118455294843633
0.258908864343539,-0.912454232587783
0.785557836992666,0.618481615281096
0.599407939705998,-0.607173681250056
0.0804130900651217,-0.142052460665136
0.914623654680327,-0.338420113483832
0.771506456425413,0.0928069229372949
0.035474203992635,0.992566636433819
0.949795212363824,0.887178377911231
0.106682882178575,-0.937512626798644
0.968131218105555,0.963969922977993
0.127652045572177,-0.877097658627196
0.7965538285207,0.898303503995642
0.497238004812971,0.993644616906341
0.540564744500443,-0.0857908285482997
0.685798187041655,0.262732185353
0.345752425026149,0.999865616118682
0.994478469481692,0.223596846621372
0.154658359941095,0.0331649863177161
0.144696432165802,-0.365044945171751
0.972828590776771,0.895565022161263
0.468703123508021,0.288452113833086
0.612650687107816,-0.111423700485853
0.233972849790007,-0.130465083125826
0.808698230190203,0.999156229352035
0.969020192977041,0.953678884668998
0.184150052722543,0.945012420250335
0.729607521789148,-0.998874696477499
0.0771269453689456,-0.00832603475350035
0.275987418601289,-0.962167796343354
0.679765308042988,0.49013080210384
0.870264886878431,-0.833112770086998
0.806305232690647,0.998395867644013
0.198532092850655,0.967862543393919
0.418125670868903,-0.979624597746255
0.371442751027644,0.512402059599818
0.125415621791035,-0.917250972274458
0.0456636119633913,0.957052475407747
0.143942570546642,-0.393530954726225
0.289441845146939,-0.678237682479248
0.798740666359663,0.933912520020045
0.738426523981616,-0.95149744296994
0.771181180141866,0.0795719446341646
0.422845286084339,-0.999955252471758
0.304277010262012,-0.139031305979654
0.521307627437636,0.644659513969409
0.546424034284428,-0.319492566245845
0.257658186135814,-0.890373001498982
0.703878577100113,-0.455169961987082
0.322354085277766,0.563649455397323
0.115752666257322,-0.999887029778361
0.529590833699331,0.354412613878323
0.600909229833633,-0.55734525006659
0.810479402774945,0.99352870705702
0.212289095157757,0.68510057519334
0.729496044805273,-0.998648418359932
0.425547774648294,-0.994912772036528
0.301536245970055,-0.24877752875678
0.440826287260279,-0.748568027533598
0.736500089289621,-0.972734570024558
0.741095550823957,-0.912380435229477
0.662970337783918,0.931370124752867
0.897942631272599,-0.855493007029962
0.100892157061026,-0.829892020759229
0.577773897675797,-0.999396344858048
0.677962385350838,0.552926537805278
0.158996050944552,0.208778165083854
0.8805512113031,-0.986256302882976
0.285440158797428,-0.788762642544761
0.954459342639893,0.958496224948274
0.0150120302569121,0.575407159352994
0.864026295952499,-0.666812583136733
0.964138220297173,0.994368624068207
0.840299409348518,0.236827668902678
0.166312729706988,0.487429772514832
0.42770551610738,-0.982186026653101
0.259620610857382,-0.923961192720439
0.762856978690252,-0.257380213182941
0.467537809163332,0.242573383180247
0.000346589833498001,0.0141545002867552
0.67643447779119,0.603810877234321
0.993312367005274,0.269744458392273
0.345893412362784,0.999943435099728
0.360860191984102,0.824986777130221
0.775151434587315,0.239454672445544
0.751955231884494,-0.648448899708389
0.542466834187508,-0.162850562989051
0.681925258366391,0.411433158521367
0.784085806226358,0.570151436696655
0.744051581248641,-0.856441028421016
0.972441338468343,0.902489595784981
0.81728787929751,0.924188888758463
0.453536655055359,-0.321013483992728
0.394888111855835,-0.40734533678301
0.132485707523301,-0.765858677785474
0.92745792097412,0.177969910015845
0.658252781257033,0.983849104775859
0.573073971550912,-0.987669476433279
0.786681720986962,0.653885903007814
0.487242786912248,0.867315111237665
0.945147597463802,0.784185158444797
0.711600195383653,-0.708887327467717
0.111950146965683,-0.99017882736185
0.203600075328723,0.895524064247117
0.0313553148880601,0.958180033674603
0.687755656195804,0.184839319163505
0.0271281842142344,0.894778173280481
0.97038912307471,0.935378941235455
0.808210536604747,0.999776033264213
0.67431600834243,0.670433618085828
0.311492864741012,0.154594916368115
0.322674395749345,0.574406591966964
0.288065202301368,-0.718459338304847
0.901283317478374,-0.777113416781654
0.217192614916712,0.526500053182136
0.414362465031445,-0.937331672929059
0.322061158949509,0.553727487550171
0.0484395693056285,0.918110591532416
0.8898524439428,-0.977213628396226
0.0662942277267575,0.420584693252415
0.0573101022746414,0.718057799243255
0.615677156252787,0.0119472909103281
0.246063182596117,-0.584785631085583
0.272374242544174,-0.991770386679552
0.231925255386159,-0.0471953217222833
0.634572956245393,0.705880442389152
0.826535091735423,0.718222066051175
0.437496938975528,-0.831539060082084
0.624962577596307,0.381270967908069
0.731488013174385,-0.999569155908445
0.503050991334021,0.992246881645598
0.0381549154408276,0.999921592014749
0.853048229822889,-0.277865591979057
0.765199170913547,-0.163910345194872
0.78491856274195,0.597757194134172
0.184057022910565,0.943763066745936
0.743340549757704,-0.871069092237708
0.379214633954689,0.218786299751174
0.437183454632759,-0.83858230711992
0.820044216932729,0.875435276455117
0.841848933370784,0.17491129232568
0.983179489150643,0.634190826518844
0.366953080520034,0.660392206935944
0.653081653406844,0.999512609958462
0.171721711521968,0.666907167661729
0.699784995289519,-0.300654014532724
0.520937083289027,0.656154194046767
0.0765257156454027,0.0162278021930271
0.924600666156039,0.0621905821301262
0.202477894490585,0.914971830270014
0.198471595300362,0.968480935437468
0.842634774977341,0.143227076273498
0.82170080486685,0.840756746034509
0.165271762292832,0.449879043387195
0.395126804709435,-0.416228788648459
0.567980563733727,-0.934045731651244
0.813360371161252,0.973326154290895
0.0881151282228529,-0.441339848691005
0.518237495562062,0.735201678064324
0.672887969296426,0.712542419186515
0.694797556381673,-0.101512644550929
0.202191075775772,0.919635706472851
0.822594981640577,0.820428816191529
0.838662847876549,0.301187414832427
0.367980032926425,0.628325964664279
0.102055682335049,-0.8554573413384
0.938219593837857,0.57976263782655
0.715651621809229,-0.815378406202349
0.829190920339897,0.638677122048209
0.835763811133802,0.411716080100066
0.197491380618885,0.977673967796585
0.845054742647335,0.0448730884945868
0.39514706004411,-0.416980824261014
0.683832289418206,0.339270623658787
0.543187025003135,-0.191796397671911
0.363275800598785,0.765310536135593
0.569294038461521,-0.951851827917413
0.144691625609994,-0.365227694363539
0.975290465867147,0.846382003808388
0.071452027419582,0.2215868908366
0.0945678874850273,-0.659855544361936
0.49772894801572,0.995701675132578
0.574242634698749,-0.994014015343063
0.265781586058438,-0.990094630254343
0.106655447976664,-0.937122182653612
0.346996036125347,0.999408528573655
0.85642666509375,-0.407348757056245
0.669945986475796,0.791505131295443
0.863039901712909,-0.636258262067177
0.616594941122457,0.0494104286590086
0.852898872224614,-0.272000802419072
0.989615939324722,0.411493710913359
0.796351494733244,0.894642116032566
0.795271801296622,0.874077751538897
0.743115957127884,-0.875537565668364
0.359690927900374,0.851024074913378
0.965478392550722,0.987081965848312
0.465764694847167,0.171746605578799
0.143916812492535,-0.394497831279162
0.969952088780701,0.941541785273178
0.755531093105674,-0.53076625368619
0.520545496838167,0.668138266092964
0.791959454771131,0.800575818081999
0.470908536110073,0.373408369988757
0.123566188616678,-0.944692303474847
0.693636822048575,-0.0542559407289167
0.152609458193183,-0.0504860502574529
0.382452319376171,0.0882262485060443
0.783129035960883,0.537622585866707
0.140308502363041,-0.525146476026773
0.279666494578123,-0.910542310277232
0.714617972727865,-0.790219792443672
0.0608335174620152,0.610830380647169
0.732904843054712,-0.996198754315112
0.189655675087124,0.994140176577817
0.86622495460324,-0.730953556974252
0.812089525396004,0.983917821592073
0.0290380402002484,0.926850135445805
0.507494643563405,0.95352011414247
0.368017710978165,0.627128112911945
0.181230934802443,0.899408207350507
0.401119698071852,-0.624153635635001
0.790857186308131,0.772797999531074
0.624058811692521,0.346896681990816
0.284089276567101,-0.821458798656796
0.896945249522105,-0.875870071391802
0.338500122539699,0.951542284555041
0.0951033905148506,-0.67612962734683
0.306323047494516,-0.0558924091763801
0.109863779274747,-0.974688058216541
0.944815521594137,0.77569758083741
0.0402427213266492,0.997355266316756
0.348604958271608,0.994993662724404
0.220915234880522,0.391668373593472
0.118679489474744,-0.990959787044473
0.264511977788061,-0.981487143103825
0.585891341092065,-0.933669601142845
0.123908953042701,-0.94000889271637
0.458587355911732,-0.120233646451579
0.0533058722503483,0.821788764940227
0.121008079964668,-0.973742427099547
0.514106681104749,0.838578979791767
0.72951494785957,-0.998688245710184
0.571713536279276,-0.977451564391487
0.153254758799449,-0.0241506420690895
0.770175175508484,0.038560655185036
0.0953210811130702,-0.682653287127334
0.414571930887178,-0.940278135913833
0.827432858059183,0.692232760841514
0.336990918498486,0.930792877611218
0.654862646013498,0.999138407017027
0.530160651309416,0.33255744881375
0.769884092034772,0.0266789976848706
0.632570740533993,0.645664728622182
0.282859574537724,-0.849050955029491
0.577412060461938,-0.999800597545828
0.214375729672611,0.620611354386746
0.334248767234385,0.884109343655145
0.910327648976818,-0.497478238803849
0.150115999858826,-0.151753537761658
0.940195465227589,0.643554573010049
0.583417873131111,-0.965026455287819
0.513809674652293,0.845125282203453
0.840357496635988,0.234522167593707
0.900102556683123,-0.806547974119854
0.72723049018532,-0.989574477332075
0.399763034656644,-0.579928318414409
0.133141295285895,-0.748369886270139
0.962496943771839,0.999233928808638
0.833163373870775,0.505999217609478
0.974925794405863,0.854219735076249
0.979264147114009,0.74920888832369
0.209025285439566,0.775835375173542
0.891725176945329,-0.958138314640592
0.475216631777585,0.530021660611036
0.312674511456862,0.202075532150085
0.151044497964904,-0.114172089636229
0.814617823343724,0.960265893571762
0.0275999649893492,0.903214862678569
0.610578892286867,-0.195011442786979
0.858770318329334,-0.492765991771126
0.993539600167423,0.260796613436103
0.436239519855008,-0.858955638850669
0.213228929322213,0.656642430732626
0.822259020991623,0.828196232491805
0.242059628944844,-0.444940495225033
0.586543330457062,-0.923803417620376
0.55972041725181,-0.763184837863485
0.0802630085963756,-0.135982555076099
0.387661084067076,-0.124067992444539
0.942982284817845,0.726317350658865
0.693948518717661,-0.0669623625573887
0.833212830591947,0.504255999737921
0.0314838830381632,0.959669422575951
0.693317613331601,-0.0412341923546478
0.821789961541072,0.838779772025933
0.75642704917118,-0.499405937824309
0.84530318621546,0.0347345628930385
0.462912994204089,0.0561074025733349
0.454574814764783,-0.280581834187988
0.744889967143536,-0.838266123136427
0.84939191211015,-0.131859766301811
0.945690330816433,0.797745758213953
0.172289660666138,0.684010089673991
0.238089599413797,-0.294535109911952
0.875852930825204,-0.936646870571507
0.421584484400228,-0.998142986828832
0.721167234471068,-0.924088641217526
0.392441584030166,-0.314212946358089
0.112762001808733,-0.994269271630105
0.685459203319624,0.276064546625761
0.131389972288162,-0.79385737682978
0.850934543646872,-0.194008900405788
0.706051680725068,-0.532299175786273
0.32052808185108,0.500539682454213
0.533318492816761,0.208504505067835
0.180858347332105,0.892652955358982
0.601549585815519,-0.535443141832709
0.158951859688386,0.207012796357878
0.837131034350023,0.360214660154958
0.72524038515985,-0.974614873542499
0.367837802041322,0.632834303141575
0.131375985918567,-0.794204604318958
0.0295545619446784,0.934563099769348
0.141607585828751,-0.479277869654517
0.561516328481957,-0.80848534742806
0.943270153133199,0.734348079334849
0.283475265372545,-0.835499438671724
0.139822556404397,-0.541931449398619
0.322780330432579,0.577942705399052
0.0299751486163586,0.94053648302352
0.852159543195739,-0.242824944750402
0.449051107745618,-0.488170549600748
0.778898369055241,0.384652739306784
0.921515547903255,-0.0637244542980843
0.902995529817417,-0.73124013845216
0.378538351505995,0.245650127301749
0.719645573291928,-0.898569305874321
0.578049822477624,-0.998941400895987
0.165467396378517,0.457000244687966
0.690317309694365,0.0811991339969469
0.855365719879046,-0.36740692927234
0.196366740623489,0.986290863766298
0.730338379042223,-0.99984518931773
0.157439507776871,0.146228894060353
0.0727477264590561,0.169699023014753
0.349715690361336,0.989438142187572
0.295609171269462,-0.473696900764735
0.481437123846263,0.726129255333493
0.967007454717532,0.975159236599248
0.565450604306534,-0.892226806785869
0.586082168389112,-0.930850137415493
0.874098875792697,-0.90917339303511
0.661137795774266,0.955985555459858
0.583149601705372,-0.967840722511978
0.222203589975834,0.342735107156354
0.664688236545771,0.903556217909559
0.503606145037338,0.989174257798866
0.821691357064992,0.840965590312403
0.572994463844225,-0.98715591745589
0.439643445191905,-0.77971335834856
0.939155380940065,0.610471335531047
0.96115193143487,0.999875401136327
0.0363650349900126,0.996336617357625
0.698563684942201,-0.252728382957085
0.351714718621224,0.974321194496438
0.939579277299345,0.624091116615964
0.328269856981933,0.744911119525877
0.725328631931916,-0.975415447999862
0.893202841980383,-0.939126335860472
0.13694785698317,-0.636643876996508
0.190965211717412,0.998497329750499
0.69655338791199,-0.172529594498323
0.443252091296017,-0.679314596253187
0.297217413084581,-0.414871958847722
0.756169685162604,-0.508484515688098
0.457179874647409,-0.177069165930539
0.0577344440389425,0.705888890205828
0.510846714954823,0.903475141913397
0.816979407798499,0.928927121474635
0.641155803576112,0.868671119869267
0.872628329787403,-0.882539959553448
0.375471808947623,0.36481124824275
0.931576073169708,0.340182793363776
0.470745678059757,0.367230021915328
0.288603133987635,-0.703005880405508
0.775211289292201,0.241827346202464
0.829833897063509,0.618253132497153
0.249873677501455,-0.703449352625541
0.736164902336895,-0.975818161550049
0.19583686394617,0.989630685940729
0.947014522505924,0.829174015272068
0.960110780550167,0.998300599421196
0.260741118341684,-0.940491233278247
0.416855259332806,-0.967890645949262
0.831620471319184,0.559310058540307
0.865256769116968,-0.703405120295916
0.937351055908948,0.55050217109344
0.813680717721581,0.970241320349118
0.285891888896003,-0.77728850992368
0.889264208264649,-0.982030433060307
0.678321838146076,0.54063532629542
0.737320155370981,-0.964422982056606
0.890272952849045,-0.973424404298575
0.130863005761057,-0.806759945147705
0.638173124752939,0.802037497793864
0.430016272235662,-0.960108064633582
0.49689371837303,0.991963710651278
0.176317505538464,0.79423398072803
0.192151139490306,0.999979560194899
0.0396877827588469,0.998746224775616
0.342918473761529,0.991282879931256
0.705764734186232,-0.522341973982002
0.540221863659099,-0.071831006350051
0.62909898837097,0.531274864065696
0.14210653770715,-0.461294979309975
0.592913950094953,-0.794216947125912
0.943160547874868,0.731302302207322
0.348249224713072,0.996340545196587
0.231231876416132,-0.0188936498934304
0.0406567158643156,0.995983897470076
0.62199030816555,0.266520506017687
0.217841573059559,0.503784817818793
0.57242998923175,-0.983210906379012
0.733562637120485,-0.99349939772085
0.826896683312953,0.707868584411464
0.016223737038672,0.61515996665956
0.244220382301137,-0.522136819635972
0.626658482244238,0.444335755907924
0.112658057594672,-0.993806486947743
0.362067207694054,0.796136509557255
0.432715086266398,-0.92352312505573
0.0896670178044587,-0.497289279867158
0.0163741786964238,0.619992381733484
0.0679036765359342,0.360084684940679
0.206640550168231,0.833511023192076
0.128746788948774,-0.854753506078036
0.762393988668919,-0.275604917226634
0.722128692083061,-0.938379307250701
0.0290393549948931,0.926870293708303
0.546727739274502,-0.331221130495681
0.824663252569735,0.769265632141653
0.894264561124146,-0.923350517290839
0.390280791092664,-0.229320178983701
0.836773676332086,0.373790812708298
0.440233315341175,-0.764404492618143
0.455527333309874,-0.24304011341565
0.178705082740635,0.849615683808545
0.662232641596347,0.941914621255141
0.739044570596889,-0.943429466439208
0.551679137861356,-0.513978225666058
0.887761791469529,-0.991755040644624
0.701809864491224,-0.378407637881825
0.0944050734397024,-0.65484465400505
0.0927266585640609,-0.601541522739313
0.62355048302561,0.327351984080307
0.567394227022305,-0.925226216342517
0.0747115593403578,0.0901971858108927
0.152141705853865,-0.0695546518461862
0.998506031464785,0.0609768769464527
0.303734419867396,-0.160939933314061
0.0116676054894924,0.458683625674034
0.882706365082413,-0.996962213878359
0.527209739433601,0.443528167281593
0.318432917352766,0.424721342932983
0.931399072986096,0.333376283373044
0.295531878713518,-0.476474588189292
0.177837363677099,0.830395929170213
0.644604339962825,0.929610340851006
0.3550323122181,0.934976752030529
0.443737932713702,-0.664620756594882
0.284817164996639,-0.804145726698556
0.748040191596374,-0.761379372317208
0.142673539463431,-0.440627385591096
0.141393132740632,-0.486946327697935
0.326107627945021,0.683169897564356
0.4843610948883,0.802869107586726
0.141030940692872,-0.499812543895113
0.469543824438006,0.32115103993061
0.699546155286953,-0.291336768707209
0.0994265298359096,-0.79502989945958
0.577813836745918,-0.999338347744969
0.905787457479164,-0.648881828576824
0.313341805245727,0.228687713636236
0.201578032458201,0.929180344305321
0.503011763561517,0.992444719808435
0.0964493753854185,-0.715589582011384
0.141609987709671,-0.479191773406416
0.420296625234187,-0.993560199400457
0.7598356383387,-0.374357472514648
0.334621150279418,0.891113402344671
0.583961450029165,-0.958969337456937
0.828665285138413,0.655047249724642
0.645517388125882,0.94270374453582
0.789402130525559,0.733741550101752
0.722122275503352,-0.938288706047895
0.0497024143114686,0.896458206881215
0.459837612463161,-0.0694080247603278
0.600295291049406,-0.577986085666113
0.898484813515097,-0.843818203464883
0.475192230427638,0.529176323460617
0.776332360226661,0.285984785414468
0.742472200654447,-0.88793623989072
0.180313341552392,0.882399803354542
0.871390270534903,-0.857645448441471
0.33176466403529,0.832237884441735
0.381387436529621,0.131450142183182
0.347801687428728,0.997736276985677
0.254684053128585,-0.828653665920353
0.545364033896476,-0.278183820737011
0.208652204135433,0.785358446291066
0.916184023953974,-0.277807349168087
0.275971643859521,-0.962343127873936
0.755287150386721,-0.539183421490303
0.165337158134207,0.45226271035391
0.544745081337169,-0.253816867872234
0.865700863068923,-0.716180383623264
0.224429704481736,0.2560277300725
0.541572488145903,-0.126711824751395
0.863624135265127,-0.654483219397227
0.667673177784309,0.844746297951419
0.230672555044293,0.00394829445575016
0.378777244128287,0.236180997252522
0.664379478199407,0.908887200389786
0.449224374024197,-0.481982535601064
0.292192264460027,-0.591592538127627
0.31951281381771,0.464223568953259
0.86846538237296,-0.790251221722001
0.156945722643286,0.126250754143086
0.943231632933021,0.73327933058357
0.442415944533423,-0.703973693008309
0.848695550812408,-0.103618684495979
0.877048107329756,-0.952622052968849
0.283658906118944,-0.831354784549861
0.973266275599599,0.887469076150844
0.210796281928197,0.728211903006509
0.321089133620262,0.520243295180468
0.923180492129177,0.00422982044510645
0.151228262111545,-0.106712962675198
0.356105814687908,0.9185319201666
0.443634447641671,-0.667772698960975
0.972871468169615,0.894784512256354
0.821314979577437,0.849183266730785
0.772940015187487,0.150909473382761
0.768130656098947,-0.0449142807304178
0.469287000130862,0.311200287979785
0.33055345993489,0.803805948798734
0.358664731727913,0.872278692306222
0.0319516088347882,0.96486424513233
0.654244654579088,0.999867564286062
0.157643062761053,0.154447713492938
0.840463729109615,0.230302364955829
0.56165218912065,-0.811738352691166
0.467099428409711,0.225166386528235
0.517665061634034,0.750846478679132
0.560299341566861,-0.778248182071889
0.170931074768305,0.642502984372363
0.694061486516148,-0.0715649626148473
0.221602762117982,0.365681617809614
0.482340826652944,0.751005289601521
0.952605959726498,0.934191683503365
0.286326074972749,-0.766010612602156
0.254938796162605,-0.834432409981452
0.776267029810697,0.283427067397928
0.108760968083516,-0.963633556300918
0.345893164398149,0.999943327336142
0.122199730016291,-0.961514490131985
0.0210996656678617,0.758967026517803
0.798614892875776,0.932063836696936
0.314422438153997,0.271415341452981
0.422881587641314,-0.999968178824282
0.954708470962942,0.961347387400653
0.959104091394693,0.995061763163051
0.549944904400036,-0.451984459924437
0.342785565648228,0.990553129038971
0.223281838931143,0.3010469614419
0.353302165865898,0.95768663082906
0.192759644240141,0.999829655302505
0.579664536984637,-0.993738670345216
0.4869152570609,0.860579411225239
0.776061995187774,0.275386841990016
0.383821859024465,0.0324024714874066
0.559086985886097,-0.746214794795394
0.380438233260065,0.169771505455995
0.287936609471217,-0.722102417609838
0.946514686336741,0.817591004030716
0.274966092314571,-0.972692266285407
0.129413285059854,-0.840310412663533
0.70918240211904,-0.635900716167181
0.363316799048334,0.764231713864464
0.978905571624637,0.758827736092248
0.476297273067757,0.56691846069374
0.300746441818774,-0.279884746532387
0.0567418616265059,0.734014922927727
0.099044322501868,-0.785465098346167
0.916682938812301,-0.258177066638604
0.254990568384528,-0.835595819170585
0.995127432048321,0.197688290506998
0.852846280671656,-0.269933281833602
