0.860859427601099,0.942367527662184
0.241031895624474,0.960572761155474
0.388197670923546,-0.362343565466336
0.0780894907657057,0.635255225304671
0.853658370440826,0.993402688345992
0.552095365710557,-0.997834129022719
0.513627663254738,-0.415166367273662
0.522100815083832,-0.639861157601215
0.424716789275408,0.700787515749712
0.543338187271729,-0.978179294016841
0.503275928087533,-0.10273473469875
0.311086643952876,-0.341297739688649
0.491036628372967,0.277885897919412
0.836375728715211,0.909789742730687
0.160600626608357,-0.945056640048233
0.576113337650895,-0.681947201072764
0.16579686710611,-0.879363178611963
0.343095449265093,-0.976566503590243
0.279102291446179,0.61036466646405
0.43964334926568,0.947534506001928
0.933193611912429,-0.86382232881914
0.316513068275526,-0.495815245058398
0.62329396023415,0.668210867361956
0.954870830057189,-0.98831501661062
0.404285300523043,0.134220384710293
0.381512718042359,-0.548688828118173
0.951823754934594,-0.998359093251357
0.0397843248210847,0.948940914718799
0.651414686115459,0.999012542427814
0.0591812273487449,0.958689715339049
0.116986745037138,-0.50868294406548
0.0641343218740076,0.903022278542835
0.819055964006111,0.56353664926276
0.557216602610424,-0.974409763654267
0.219917289447039,0.585681097404676
0.606378238648176,0.199040053020482
0.30320440698415,-0.100499464350083
0.701590737560764,-0.0499536954767041
0.536457910900936,-0.910858347762564
0.522961582057178,-0.660406048373541
0.807937783189118,0.246796221870386
0.390020299004391,-0.30841043139875
0.978384868241847,-0.628061354362163
0.952766513684765,-0.996225477686598
0.746776714688167,-0.994877333201266
0.164753381162882,-0.894497155665397
0.049986906349659,0.999999915395937
0.414182372856885,0.430956402091381
0.92208425886929,-0.63946135699334
0.756332607939839,-0.980275678762264
0.737156591610983,-0.919697269799292
0.0774933646898717,0.649606544199852
0.480721993837506,0.569285422231842
0.97633839212358,-0.676758975740375
0.825403469149023,0.716012569396691
0.726058126660064,-0.730217464741986
0.905792003963143,-0.18095871361856
0.303469537757337,-0.10878304077172
0.319116189377382,-0.565098633554892
0.378792283358052,-0.618050211264756
0.801791919395328,0.0562650787628129
0.353369944030419,-0.994401013235768
0.182635531295091,-0.518863433019936
0.506004742812365,-0.187527673153109
0.548112553078681,-0.998242513522531
0.711207689484581,-0.344869685196966
0.228140467312187,0.773318626438409
0.242697104113176,0.973796811542443
0.485880592372268,0.429170566631615
0.91245269565843,-0.381310023935153
0.0364349202718586,0.9105600147744
0.892153075197712,0.244029113850074
0.852971706073731,0.995645222280592
0.92074445867911,-0.606543953341621
0.781290441984311,-0.554513384121526
0.297028140397742,0.0932281434643163
0.528549712151289,-0.781405929955425
0.0193451524246484,0.571018427363329
0.749760979553685,-0.999971807225668
0.0990335366223007,0.0303576776570362
0.0236652493476868,0.676843193266478
0.998718139017001,-0.0402599665361688
0.439137048553675,0.942330482309852
0.703640768537298,-0.114128890818948
0.319533253088593,-0.575859639977644
0.201354439370334,0.0425381285618114
0.156355804996565,-0.980131390572929
0.781088018091395,-0.559794213573829
0.614038456231356,0.42687213663732
0.976056045619771,-0.683262532151827
0.391764032887295,-0.255863216635654
0.727430931292474,-0.758994966923384
0.176779876230285,-0.666483323422692
0.572772392071784,-0.754820572602174
0.0363664047326893,0.909668120923018
0.793083394411951,-0.215585678922948
0.907027062494308,-0.218972880381104
0.361066076438874,-0.940175572279962
0.0764362902846187,0.674491535920206
0.512146200751886,-0.372391147936686
0.382616915041581,-0.519363304764449
0.965728975366801,-0.880376752897197
0.422155376290902,0.64117747957425
0.436417538672686,0.91033415083702
0.528211512137204,-0.774731787684713
0.995501274708658,-0.14086158518518
0.362455763155594,-0.924410471188131
0.42600562539883,0.729089594073082
0.575711444020271,-0.691127173347136
0.827247600769624,0.755232409977632
0.989031795412302,-0.337797922229632
0.557721091201529,-0.970725016763353
0.319683661451563,-0.579716292123819
0.460098364157602,0.950097052164997
0.816537455888465,0.496480453818681
0.293432360282168,0.20486764956879
0.608379393350333,0.260216485813042
0.791292898589745,-0.270143103844399
0.811632503289729,0.357365755603107
0.642967981984839,0.975696843299984
0.600314143812284,0.00986895872130824
0.23096618312411,0.826482956726429
0.514703951077536,-0.445684042887201
0.478230249369517,0.631833856859839
0.923798878444359,-0.679927542261137
0.716340667568147,-0.491104478509243
0.0417515651788563,0.966612702992538
0.223061679163948,0.662764119179515
0.213244945276529,0.404198351892305
0.878942704526708,0.614328331407237
0.631289331940934,0.832155467378524
0.567008341895416,-0.860608593791757
0.776084257522598,-0.682615109485531
0.546509032137692,-0.993992052877149
0.907673180336133,-0.238732178666578
0.149584401864558,-0.999914766413925
0.562242199201137,-0.926948570646434
0.243200522148982,0.977271601157678
0.00502292183227837,0.157145669260988
0.920296987285838,-0.595307793557365
0.617828033631667,0.531257530556735
0.861473657656461,0.935736235336141
0.309155955445021,-0.283692682958358
0.933579297503456,-0.869863106641547
0.0550101667176932,0.987638325540466
0.135145699838176,-0.893075231559025
0.700970153091475,-0.0304735398041149
0.719899046234787,-0.585216457638336
0.440207855543122,0.953054098317251
0.839800484711304,0.949100941386221
0.656644250964746,0.978293771685356
0.611901817377657,0.365254912283298
0.707499202573672,-0.233421004081344
0.691194948041812,0.273104617364051
0.128430653829128,-0.779066418856898
0.304625531192869,-0.144804461372432
0.225037614814937,0.707941878378881
0.636214817408472,0.907679877216965
0.0889372492674738,0.3405920872065
0.710369771812111,-0.320044056605417
0.814870601519942,0.45036466268814
0.813055376522243,0.398743910916941
0.444506702478975,0.9851455064959
0.963925038930029,-0.905827240587433
0.338280443102121,-0.932983675395725
0.800430960487574,0.01353860939254
0.163175377994776,-0.915552556216167
0.813454327872023,0.410206224668398
0.134120463626459,-0.878123585781521
0.174254375277087,-0.723474894984925
0.293854771647602,0.191861017880063
0.610403755679727,0.321055353957803
0.0683386998716742,0.838578732731424
0.884989244863391,0.454291529403598
0.866806927137077,0.863813797031503
0.0472152656875551,0.996175626764209
0.973718754714355,-0.734988466094198
0.207614804618061,0.236950878117704
0.86399621120654,0.904877725908298
0.267049149610102,0.859955000288249
0.0115729633253068,0.355618147882462
0.699562745168805,0.0137363336399896
0.572175294859335,-0.766991250585832
0.186595099512488,-0.408789581825549
0.456154272891581,0.981367550331029
0.905787182739004,-0.180809748872893
0.410822287434712,0.33347972638776
0.506411565700546,-0.200065994912
0.884763480396941,0.460598514359079
0.57300826581195,-0.749939316105573
0.332299033878371,-0.849324378913034
0.286072695394978,0.42371174513209
0.958426547702402,-0.965163755895968
0.0740685630589724,0.727492442187357
0.863247289089486,0.914641592713514
0.740736239822581,-0.957948948613962
0.163974684430286,-0.905165393682433
0.0113239532802254,0.348295831067015
0.700453154277056,-0.0142357806024117
0.119520965497941,-0.575544002035492
0.0894656369928271,0.324938571639413
0.71683961362578,-0.504697962977342
0.556401352398098,-0.979846566454021
0.656014289474115,0.982203033082509
0.100255406461656,-0.00802374453827077
0.796389440074563,-0.113186009052093
0.624143795343116,0.687833199283654
0.982833732152358,-0.513530501091693
0.24884734605439,0.999344428334519
0.439771207980812,0.948810842653843
0.278675539651886,0.620929299205636
0.147452674806118,-0.99679958172568
0.901982410112396,-0.0622389977885093
0.854961284669116,0.987877877785598
0.178393223322928,-0.627857078254788
0.369376205606386,-0.820379786329902
0.0569889033213258,0.97599275008341
0.704626889433712,-0.144846681901597
0.834645002381876,0.885888053061569
0.0997015291359276,0.00937660133388476
0.307597666746005,-0.236427774484219
0.101948019582778,-0.0611606459402994
0.462789175799116,0.920364881673016
0.360029390547425,-0.950770785871985
0.0610606616828591,0.940233513362695
0.246284517925233,0.993195332065392
0.615303875179961,0.462475695143096
0.274795081466436,0.711644242390825
0.926572837168351,-0.741169176206084
0.837726499885321,0.926579182061086
0.941147205652669,-0.9615736350415
0.758064285386354,-0.968078935819732
0.175721806241199,-0.690891859062862
0.516731836600229,-0.501772028587678
0.777169570326805,-0.657306502122059
0.741349717834964,-0.963300861451418
0.161776996683329,-0.932332674769912
0.0917245242744684,0.257062903097135
0.789303538156673,-0.329750479504162
0.967899519018829,-0.84601516204458
0.690133473603055,0.305026322114574
0.739217788213864,-0.943176379255507
0.0551592693664134,0.986893245361621
0.47436362481676,0.721101233699718
0.679014190332964,0.612554739713469
0.95942441909574,-0.956488502096146
0.503166940063238,-0.0993282962788381
0.73830227740109,-0.933230340210158
0.233125145547092,0.862736698085469
0.69474243093282,0.164421404206391
0.213537058327347,0.412575154942182
0.329478305531666,-0.79927525528747
0.433832968119532,0.873766642994397
0.61408933927305,0.428317167616139
0.760574169456959,-0.945328030492636
0.129148209001869,-0.793000207703592
0.650577598717064,0.999835369509219
0.941099764080718,-0.961163376355536
0.426978256786242,0.749659163634505
0.0875495886430144,0.381243681434717
0.254496776731685,0.990037920575686
0.431619363138452,0.837860262717296
0.165767282946035,-0.879805340667251
0.680659059435129,0.570909796377999
0.688330437522382,0.358452880153237
0.824418834876269,0.69407940207355
0.34703803085722,-0.995673692224797
0.228775635361671,0.785815268808008
0.821369656128809,0.622041659463814
0.485462531680241,0.440995934867178
0.225760595872998,0.723799509353701
0.537160135805607,-0.919740980958568
0.963163128122687,-0.915707270864442
0.887000027345493,0.39714710220631
0.908277040347457,-0.257110404996188
0.785640568472445,-0.435969123418484
0.554458549013361,-0.990206302798138
0.757746116025373,-0.970535881900004
0.436443029204383,0.910665292837881
0.232252698391676,0.848555071746044
0.899435635656118,0.0177290998641269
0.0744949015788734,0.718237754033454
0.154425710439682,-0.990349807017294
0.0541099477559328,0.991675868926892
0.379065774613991,-0.611272993332074
0.369849414564669,-0.811788614291029
0.291687901364639,0.258174610991372
0.22291648061946,0.659341420701391
0.647964867530391,0.997956817451695
0.524870636407286,-0.704227213067547
0.103484870167449,-0.10926185146976
0.566245719790459,-0.872561702494263
0.590442437212914,-0.295768288390891
0.79312806809321,-0.214215004545563
0.818761837668717,0.555879410934526
0.31171794468537,-0.359871431976988
0.177096265135333,-0.65904031484093
0.960149366874248,-0.949595988861039
0.524099201662466,-0.686815617448506
0.778179330984131,-0.633072941459258
0.273115681484342,0.747702754598744
0.014770869165659,0.447565009655459
0.458343373378739,0.965844142229496
0.780939894495532,-0.563644126381464
0.173602801514789,-0.73745367698724
0.107278958894312,-0.226687447506714
0.906516889575869,-0.203306844049191
0.01237957412377,0.379185397337065
0.319908269215375,-0.585451383481772
0.946469313465059,-0.993854704669926
0.146504379808903,-0.993976045021358
0.357268122024834,-0.974044675876974
0.584836749127135,-0.458554194037784
0.142339362297207,-0.971179442035413
0.496993824606761,0.0943014562424204
0.517149459337816,-0.513077320731718
0.1993450273294,-0.0205751213290164
0.00402454985305667,0.126098371005237
0.722168459556997,-0.641492841367308
0.577969526173547,-0.638161358771786
0.33237686753273,-0.850612598057034
0.945444115670398,-0.989774757677636
0.909486569929868,-0.293637032702905
0.108304529218003,-0.257944865273996
0.172209717566147,-0.766296900129379
0.231540656648576,0.836507927740851
0.658463353523985,0.964860571709352
0.771172964479774,-0.786812925003656
0.452274319482967,0.997448544922248
0.673855047905818,0.732078351883801
0.624577756971121,0.697664962642877
0.0930922096595168,0.215315243733745
0.746211843332276,-0.99292684823551
0.851264348486438,0.99921123753616
0.589505539974198,-0.323752753359334
0.157842801418155,-0.96979950942263
0.348099412862211,-0.998217964746723
0.325155938975513,-0.710562375176229
0.0709176131058484,0.791738727132138
0.0776396500878036,0.646105727693101
0.789843783713877,-0.31368073470339
0.514944752445444,-0.452443338445486
0.104330573230982,-0.135629663017097
0.808507982874289,0.264114942433377
0.517504330957308,-0.52261457098382
0.959310831967741,-0.957523575262384
0.708329488057643,-0.258702356574647
0.97252880805172,-0.759817883232778
0.851574986241758,0.998776131739468
0.443777906475589,0.980955940661922
0.92500722175464,-0.707267190038852
0.119387126993388,-0.57210047586721
0.816528791096061,0.496244141953724
0.537392164580524,-0.922577797732822
0.943574525881559,-0.979694912111831
0.451324409106746,0.999134531209009
0.77812123647891,-0.634484676235274
0.410576883004978,0.326201599185251
0.611328759230673,0.348437356607816
0.331826601643115,-0.84139651187036
0.216632081661373,0.499058751144551
0.84892170666717,0.999426277268005
0.332566101802513,-0.853723371397301
0.374166243476793,-0.72538352255479
0.328951290575787,-0.789216185544372
0.650479243602604,0.999886662352397
0.688726544380188,0.346808297504204
0.717097162967548,-0.511666424775718
0.608669834444299,0.269015671940476
0.721334063913673,-0.621165767335873
0.924954079091549,-0.706085939610254
0.351730306632817,-0.9985229032245
0.983348589390516,-0.499584871185517
0.673894172534347,0.73124048621529
0.771824365248904,-0.774018628170049
0.479746387572959,0.594212345850857
0.369168392848223,-0.824095471430528
0.698808935238048,0.0374096718578353
0.409752025734633,0.301598637472391
0.880633229622617,0.571575833530062
0.410429011099041,0.321806671781642
0.935367071302608,-0.89618253010521
0.769787278492004,-0.812926976411291
0.910798843251541,-0.332785275721058
0.182004428468645,-0.535709323139203
0.0472840024158359,0.996361980656327
0.801637610886246,0.051424371282675
0.0799786346033216,0.588328143161302
0.728218679782003,-0.774874145969977
0.11091467551887,-0.336214630577364
0.575262770522386,-0.701245460318324
0.913164018886164,-0.401871608182136
0.271508287638426,0.780267590308843
0.140523301670328,-0.956008009007621
0.679693951969966,0.595536486415429
0.693241401808336,0.210735821588872
0.804855979979038,0.151964061061875
0.531719912076369,-0.83958044123524
0.591939800884575,-0.250521236447937
0.619432154111564,0.573260109010011
0.230640330351889,0.820676731288089
0.399917161092162,-0.00260245810529109
0.84871532721445,0.999185678602516
0.703980694292113,-0.12473148633505
0.239220257150009,0.943202150327482
0.431409490993246,0.834242879871273
0.411464681616053,0.352436695356689
0.51464139088057,-0.44392378819472
0.0583809721283615,0.965537391710524
0.000560987973585725,0.0176230446350191
0.136293500894681,-0.90871447475122
0.815396669320762,0.465058448136419
0.797217838233337,-0.0872929449002747
0.247402067529038,0.996671225514354
0.0126751060597599,0.387759987654158
0.0256600647699088,0.72161665882573
0.609994241734967,0.308844942024757
0.285623176489025,0.436460784095214
0.7597706313245,-0.953258529574522
0.186839887406677,-0.401759231115061
0.981457310728729,-0.550143244407337
0.0311816474422812,0.830274687502293
0.211968535091728,0.367205289625527
0.649894197238609,0.999994475876806
0.29125101538375,0.271409748154395
0.298613335704431,0.0435495661161265
0.127773724263534,-0.765962581180295
0.443253414938226,0.977622512274981
0.431216805242002,0.830889787158341
0.597819920862094,-0.0684356740615934
0.283458173274994,0.496599644162785
0.974644629750401,-0.714956892400085
0.411462794290856,0.352381207104203
0.544665028341115,-0.98598745225796
0.364528912119567,-0.897627608175763
0.469750300515443,0.813602960359467
0.106367310741916,-0.198703600170887
0.00343122496269643,0.107586473254731
0.464810816571116,0.893689006279044
0.562730296049267,-0.921086675905633
0.259015363408253,0.960158917179856
0.772921487223357,-0.751739946040768
0.551896343007684,-0.998225912301652
0.314012417104095,-0.426132227515108
0.0108162683900446,0.333301450810569
0.194589086342603,-0.169171375509267
0.310727427480742,-0.33066872619352
0.251985628157854,0.998054976917187
0.833767010131851,0.872756996322626
0.914976277854294,-0.453326348275733
0.549417142057791,-0.999832357915475
0.340716391569003,-0.957769841406136
0.846888974774629,0.995227663274446
0.660811878973618,0.942866265650078
0.920643336605281,-0.604015147471594
0.225061178440228,0.708464517566408
0.849933214019984,0.999997798897856
0.987980155041441,-0.368704148172099
0.301046482054517,-0.0328702813206007
0.577153842663392,-0.657678786507124
0.425906183663756,0.726947879910063
0.883503580931574,0.495360945743223
0.162135566351935,-0.928200236900376
0.0817451090551913,0.54257061362689
0.705412893556058,-0.169232679017474
0.194338445086032,-0.176926685623947
0.446647473610938,0.994458687303317
0.531851297942922,-0.841815545963119
0.0668205753900111,0.863597697240772
0.630842419108376,0.824287828933855
0.97562494315207,-0.693088649938878
0.882353491149843,0.526417472812528
0.86470714234747,0.895145646593241
0.14662180794403,-0.994373598125763
0.234446169110015,0.882973028455545
0.195776689099148,-0.132290291582862
0.303874681936577,-0.121426333546861
0.415478518698364,0.467333294102325
0.944722458720207,-0.986286827781259
0.247187086613849,0.996097887172054
0.988466555718333,-0.354457503722186
0.672944777878001,0.751257219862897
0.791041501332074,-0.277738835669438
0.616140783531591,0.485624718240625
0.910950749646872,-0.337281741849288
0.233955823350698,0.875637234304526
0.135819197166711,-0.90239400503924
0.0747993523254991,0.711549974087887
0.99852627934888,-0.0462817611638806
0.27754368330352,0.648403892856633
0.646582537330687,0.994242153261235
0.414878034032881,0.4505731290055
0.602116282097995,0.0664359937144273
0.380307402461767,-0.579945017679598
0.756053225835785,-0.981972550019518
0.232473518233746,0.85220517705626
0.553505782736465,-0.993941003618021
0.278797573177144,0.617919558623301
0.369638143340126,-0.815646554569096
0.130753969075158,-0.822711406838398
0.277321852510795,0.653693594971752
0.860841764137149,0.942553045439409
0.422108653234318,0.640050373429871
0.713351526297629,-0.407258712450702
0.960355392890051,-0.947547136799507
0.825329382671043,0.71438583631275
0.195648029679433,-0.136295630237806
0.981484128627926,-0.549439494866912
0.999946706695482,-0.00167425775739149
0.838695663958788,0.937599141580703
0.645895536756143,0.991698039575469
0.46612589340657,0.874394467485032
0.63292746595107,0.859579828200334
0.754018834326416,-0.992040368245552
0.403307386441156,0.103717748424552
0.290039749583229,0.307829102905934
0.42234512208961,0.645740518901058
0.0268130176700652,0.74621345669342
0.974906469462439,-0.709181451804808
0.773336620302871,-0.743075724952041
0.600693230517209,0.0217767574453339
0.247753796866164,0.997511213852881
0.510882699629292,-0.335268388510959
0.155856180936098,-0.983123849523541
0.859640656039119,0.954484370475878
0.553151434985921,-0.99510298226084
0.530326434411108,-0.81500222548068
0.178251462988555,-0.631317152113366
0.737758944509551,-0.9269620508421
0.51518686930649,-0.459213453784761
0.93198021966964,-0.843994790404084
0.254254563478753,0.991080652118344
0.838607897982001,0.936636833342713
0.655193521408364,0.986719025469163
0.887945825932547,0.369706431894898
0.494253046344966,0.179566601252138
0.374653762439266,-0.714756263214895
0.719791795359924,-0.582480983216761
0.695487092714757,0.141302669317494
0.374816306866705,-0.711175619559352
0.830606922274455,0.82007657655847
0.267543298192322,0.851928645607687
0.622551103355363,0.650668011627116
0.624806358944625,0.702792100779818
0.702796985395253,-0.0877568557283608
0.977528640069067,-0.648763606997937
0.551120694959536,-0.999380273988985
0.584343430353329,-0.472271185265388
0.643813679227605,0.981173603880365
0.110724876634777,-0.33059309590845
0.587803723290563,-0.373850719342584
0.775743833044544,-0.690391412136439
0.112194826127961,-0.373808452023325
0.747665726812556,-0.997312314330324
0.646198920207098,0.99287856390196
0.221063564531505,0.614483721625664
0.434383235871792,0.882043202860379
0.243835348403081,0.98130484968355
0.917454031994566,-0.52126669921421
0.618821037467569,0.557424445236708
0.766841176431626,-0.863271209700516
0.734064802760258,-0.877285636179773
0.478425556793809,0.627066139167548
0.604483412345871,0.140385295142492
0.877095658332109,0.65905465236335
0.359764591325074,-0.953315847149103
0.216257831314579,0.488835885157388
0.711487804306671,-0.353116412747929
0.520315543049946,-0.595776088597757
0.770957120927051,-0.790979933594771
0.0106107129249722,0.327206078222348
0.204454899765551,0.139498360461261
0.63234347756952,0.850060585672382
0.744332243222743,-0.984189542800345
0.045377773232758,0.989475318303198
0.596167947631329,-0.120096887509698
0.717825603671372,-0.531192853430473
0.542531611165032,-0.972601274065737
0.537093352526426,-0.918915415090262
0.389026011107489,-0.337968954242498
0.49669482326135,0.103648702720244
0.939223354915157,-0.943234477170772
0.35259216488339,-0.996685981161351
0.190196711570024,-0.303133719429305
0.234537716722116,0.884319462292225
0.327197830425575,-0.754206626630373
0.110679115867242,-0.329235970169914
0.77004090230912,-0.808261032056594
0.552328681340441,-0.997325170092079
0.742627334780991,-0.973295998491053
0.782742218580097,-0.51599531647778
0.451062582200393,0.999442872632429
0.168619338423014,-0.833743135820047
0.589762209448963,-0.316113088240249
0.374621702590957,-0.71546030258129
0.93634205404669,-0.909350123075554
0.992805229965597,-0.224110639050086
0.611388076329604,0.350183470430759
0.550470072077587,-0.999890958763817
0.902506261831149,-0.078655209009906
0.728918909095228,-0.788591041160935
0.116464223479852,-0.494482055101994
0.207118302350864,0.221768797179042
0.206825537839904,0.212791098839625
0.270667168078944,0.79652039407983
0.842594418209046,0.973058095591191
0.156330598285422,-0.980288154525074
0.075571839697659,0.694290278702825
0.636439746944234,0.910622686457455
0.416622157907113,0.498788562198499
0.142088252818212,-0.969268941165843
0.180683463346213,-0.570280181563089
0.271977982250974,0.770953969674891
0.291840808466077,0.253530786151242
0.0739705816376954,0.729600977937867
0.451977232238278,0.998071385319008
0.492090669227764,0.245929913738595
0.630979486508295,0.826718167720953
0.258099029306322,0.967804776493169
0.425287340534851,0.713460986139573
0.909064755542204,-0.280944105978809
0.646213218569756,0.99293197686438
0.656775664072484,0.977429924945078
0.877167436294258,0.657357025521344
0.0792434320319444,0.606846365951348
0.807433715788648,0.231420015582654
0.135453735711053,-0.897387204247077
0.500985803082585,-0.0309649667328635
0.792085679247975,-0.24608186093222
0.826491498621181,0.739451321299317
0.788901924621314,-0.341635282700978
0.533777845092118,-0.872923108965344
0.709442108636722,-0.292301528797135
0.344257288379595,-0.983769740298631
0.539672163547948,-0.94782347683872
0.0770496150944382,0.660141861203117
0.17074655694887,-0.795009971529221
0.818037029821426,0.536808660937388
0.585136011941358,-0.450179148397015
0.0930187860503793,0.217567235734036
0.206504348199815,0.202921057969291
0.343366106972098,-0.978361151061206
0.45060759363696,0.999817827424916
0.718426310457289,-0.547086433372305
0.926028227200732,-0.729575385907892
0.855962639441714,0.982506506624556
0.96534426510334,-0.886044416435288
0.570898104924709,-0.792112954634762
0.0293813322205096,0.797440704932555
0.225421024952084,0.716397477882953
0.353152634808794,-0.995099255788502
0.427666374715045,0.763790108509337
0.962522406131029,-0.923609929195353
0.749155807308853,-0.99964833635811
0.493288408499211,0.209291997076518
0.92262518312782,-0.652433500250558
0.274467069888487,0.718845855987134
0.351929622935131,-0.998163116336565
0.0562651429791003,0.980692358962057
0.960375897120684,-0.94734105653732
0.299959922907874,0.00125905864935333
0.604146661004052,0.129903046928686
0.209090186515823,0.281710775927338
0.778445036383346,-0.626589318446476
0.212049249559641,0.369562680769343
0.913781753042713,-0.419565448445991
0.141094775404781,-0.961120111894972
0.999510775553063,-0.0153688341977358
0.0592219398822635,0.958325108475083
0.997179056284949,-0.0885065997460787
0.276255816454068,0.678666551967619
0.191766099771485,-0.255800444442265
0.406101382337511,0.190508963471228
0.266799562145025,0.863930344760356
0.345923296175897,-0.991809802909801
0.381175204878673,-0.557522449873902
0.819706107489765,0.580290727799343
0.84990823850967,0.999995844814986
0.0278372019529343,0.767243105544271
0.833941362565383,0.875417731454737
0.323317651171237,-0.668764400264044
0.157253864454105,-0.974145966296071
0.647150287637487,0.995995191888947
0.522437192499638,-0.647946385587371
0.0463525829836726,0.993442091685532
0.53600790607743,-0.90493277823077
0.447483653901145,0.996876911355928
0.221863113576546,0.63410458005179
0.566288893809542,-0.871898316905234
0.314444030402228,-0.438359455670597
0.32413807627745,-0.687702771521861
0.255641630385071,0.984334587397058
0.861091762315482,0.939900347648935
0.410652656108141,0.32845094321877
0.916883175494149,-0.505878942021119
0.54560509743169,-0.990483478807854
0.44267047336325,0.973606204597164
0.544126080814749,-0.983021750397493
0.790036978200078,-0.30791193954956
0.0654216262046248,0.884915080030486
0.478132992284372,0.634199172824303
0.31710039335303,-0.511753616923156
0.841644642874599,0.965746518761483
0.478516889503226,0.624828472440995
0.730391053250059,-0.816176879860452
0.593421192606911,-0.20521103833061
0.757333134533837,-0.973580329012763
0.125299403676763,-0.713726480615755
0.5933721519541,-0.206718663070507
0.12585061811842,-0.725748052656352
0.306238068267703,-0.194722664462349
0.248838279629126,0.999334075869565
0.871662776218727,0.7772228724658
0.571036075940356,-0.789459861264518
0.212130700936541,0.371939185554071
0.444921357557178,0.987298835638057
0.890553377801552,0.292437130737404
0.28794325934723,0.369781349484524
0.201155909104273,0.0363059748056856
0.872800352051854,0.75424411882841
0.126685231458396,-0.743534956194789
0.00860953517258167,0.267190666822272
0.486982299247757,0.397658179272605
0.759548575617373,-0.955343182378406
0.272760024527088,0.755075369784838
0.387965153902769,-0.369142179072613
0.48937142174691,0.327736387046953
0.288183252792805,0.362765706212015
0.760107867885381,-0.95000387006777
0.525879138614982,-0.726364172440324
0.587615475524217,-0.379329298532252
0.521077766548842,-0.614835656759001
0.333810386015102,-0.873421391356726
0.844203957356513,0.983467725624228
0.353471874957904,-0.99405752586052
0.348792751785368,-0.999280864325236
0.154150249436498,-0.991512050018044
0.635473150992766,0.897656173621397
0.921523616183549,-0.625821504473526
0.149488379945979,-0.999870831826513
0.296222659759223,0.118390319358553
0.832224398385733,0.848084322737227
0.89075795491226,0.286285110884686
0.918960374314338,-0.561053328477239
0.54545561899431,-0.989826241063291
0.880434246966615,0.576694069751152
0.182370693655685,-0.525957905936633
0.236132107442245,0.906586356968526
0.0094708998221904,0.293166407855404
0.505442906171083,-0.17016187786642
0.442320954287425,0.971041441003471
0.312933795386925,-0.39523821418837
0.685362921329215,0.443802392406372
0.699221825692803,0.0244446317712274
0.0649879942648113,0.891177692992391
0.392343550920486,-0.238221716078459
0.0134012529160827,0.40868499934759
0.691035085124895,0.27793247063075
0.992868966422975,-0.222158783321819
0.313797115115449,-0.420003480174323
0.802949111675844,0.0925165849840285
0.87725643068552,0.655247571016903
0.558024218305945,-0.968393667457845
0.0214418990071863,0.623817098656118
0.0589993582107127,0.960299310613452
0.0287123341113329,0.78458380193081
0.0571231939829886,0.975065185435226
0.985516918590292,-0.43946179423436
0.956223670160398,-0.980946318940107
0.615697851171717,0.473413942240027
0.696220406098291,0.11846062197529
0.601318815490231,0.0414199579668855
0.799337596865371,-0.0208085062624938
0.309338095597923,-0.289175019192949
0.0785823443438858,0.623221652431662
0.949540602508932,-0.999895854754192
0.283362760674208,0.499199157062372
0.894040174083784,0.186141414977403
0.950275685638189,-0.999962494468933
0.404344139387831,0.136051905877999
0.929732910124585,-0.804056539157896
0.395004488760605,-0.156295181084474
0.0989403806161135,0.0332827768599302
0.637678307713941,0.926008704664296
0.700328623177484,-0.0103238182054956
0.902696910779923,-0.0846246199600627
0.200870643602684,0.0273486650762479
0.868592489743605,0.834208566640223
0.275817963760346,0.688704741999744
0.051256375387311,0.999221152901021
0.903290799586102,-0.10319945331203
0.751981311943382,-0.99806342089964
0.396035679383203,-0.124221092818352
0.813668818911538,0.416342269096221
0.0868591964244843,0.401203656324737
0.0232943310402334,0.668219534006854
0.0934513667598367,0.204283171785049
0.766787034459412,-0.864128483572996
0.672694223932922,0.75642908161075
0.0178080371115357,0.530725200397792
0.199600706808269,-0.0125438365968185
0.285740044200793,0.433154509051613
0.468702040379867,0.832305743606701
0.419209287269041,0.567509205570207
0.921406790846959,-0.622954682155654
0.358871152158827,-0.961415136191672
0.606370649533346,0.198806398734084
0.170950045110658,-0.791115922465449
0.212262004148215,0.375765082013672
0.399117184570059,-0.0277309092676907
0.489970449125394,0.309899791618736
0.820087692700326,0.59001181819774
0.628115773433819,0.77282653494011
0.453265012707561,0.994743959662984
0.969405774725601,-0.819848246137919
0.743451798800379,-0.978914610201195
0.702283589867875,-0.0716795680422659
0.959864197997376,-0.952366230220193
0.824894667835906,0.704763021609261
0.00356242409907281,0.111683366499376
0.828942485386506,0.789046276776573
0.633623974397779,0.870554619170759
0.410070442361757,0.311120935506133
0.665990673471242,0.876447796995938
0.518837210023776,-0.557846191891565
0.747321602422744,-0.996461953161522
0.000627306988462806,0.0197061546185921
0.250817531021312,0.999670197184882
0.254498837981373,0.990028800781994
0.185111864469945,-0.450856415318827
0.00508599076420069,0.159102110801449
0.445640814723447,0.990637290598424
0.413787904195487,0.419740853186303
0.740723259979859,-0.957831862897763
0.610413615591824,0.321348698354985
0.876165761379525,0.680741702521824
0.990252473857254,-0.30146385798889
0.109079185174778,-0.281379139506211
0.360249476740137,-0.948605396965173
0.00578501378186047,0.180742731728874
0.0132143464870751,0.403318901463754
0.65620493190363,0.981060517050249
0.0358748405706137,0.90314589826002
0.180428648600355,-0.57683774604324
0.32272507972084,-0.654808664775598
0.188083757413551,-0.365676744651163
0.870381754124537,0.801909578929245
0.384195401100442,-0.476365241166155
0.0852527639362961,0.446900944226263
0.743601697031409,-0.979865698292457
0.283187481109053,0.503962937327953
0.956483242800459,-0.979329430866799
0.541659618495032,-0.965868493644126
0.522308915155008,-0.64487157488674
0.302827168954536,-0.0887014022152433
0.470724455779418,0.795430957133644
0.620097709586844,0.590265867803736
0.229403157485649,0.797854243412626
0.410543504636735,0.32521016651832
0.976750742644072,-0.66716538771033
0.427641737740487,0.763290294377634
0.394679683959112,-0.166365509403851
0.0573314935900271,0.973592099297193
0.786524240858853,-0.410820161050717
0.627427453175187,0.75892381820068
0.380421494832262,-0.577021314149281
0.560351578285918,-0.947585432567229
0.793754136189818,-0.194962874937586
0.285870612133294,0.42945374082057
0.622330443002284,0.645388330529281
0.0517597221769392,0.998472267377968
0.453554397216067,0.993771974891402
0.361336106201634,-0.937251621048379
0.102755973581225,-0.0864733299443118
0.166328438790515,-0.871289285420275
0.666052855551243,0.875505517378371
0.140919881640002,-0.959588426044312
0.377911236835644,-0.639570144155435
0.940475095063448,-0.955562661690748
0.574745350284502,-0.712740987609278
0.274663237156346,0.714548058084676
0.625937320757657,0.727619255191833
0.505196736659855,-0.162536008454465
0.0486061151605099,0.999041363108301
0.894322699867189,0.177413511005466
0.606979962671176,0.217528867153796
0.820339092751965,0.596370124970044
0.443587214220315,0.979774754410425
0.977309372043237,-0.653990259041663
0.333775467704982,-0.872886669494331
0.97910009440966,-0.610419338705876
0.748347876127809,-0.998653341538228
0.960812747012824,-0.942857179629194
0.203697149874642,0.115888409239331
0.637359304586425,0.922179022927935
0.88032525125891,0.579488119388864
0.396461323136464,-0.110941961432977
0.563492665532976,-0.911498073198823
0.585052377311513,-0.452523750793571
0.567693300778046,-0.84945147301388
0.691469367127866,0.264801179166458
0.239037793362513,0.941282293779476
0.601677338825539,0.052670769570463
0.579944043885916,-0.589206524984559
0.41761425929144,0.525555796274908
0.47317080013454,0.746551791356523
0.8234046632424,0.670794234568637
0.232482348103076,0.852350281321002
0.895633209729567,0.136756853187206
0.945823379093781,-0.991403994528074
0.843206176999956,0.977309246456266
0.985400531906635,-0.442743247800724
0.496189976343885,0.119409815343565
0.118673224933445,-0.553563147614057
0.435571822337806,0.89901795237909
0.57457492640242,-0.716486212941489
0.142125336453319,-0.969554881518233
0.394218781962991,-0.180625447549429
0.162505804561079,-0.923809732658948
0.806656152941287,0.20758859887124
0.604594169417396,0.143829516357807
0.207755249924958,0.241235124405806
0.373212285572663,-0.745684034166089
0.331879995530471,-0.842301835291016
0.526853583287448,-0.747061231476582
0.671280963346362,0.784714340612234
0.96405811724253,-0.904048153925343
0.373544801492244,-0.738683110772155
0.15841489424929,-0.965259481072924
0.478640651563182,0.621788076468689
0.336188098881394,-0.907327297503241
0.306460066,-0.201558638787728
0.307056864025071,-0.219886305253088
0.881345488829538,0.553073436122565
0.565235500456765,-0.887623336457829
0.868610615143552,0.833894421850869
0.409318470396101,0.28858476144093
0.741386078763753,-0.96360685693214
0.886638093972579,0.407556511906422
0.859105792827904,0.959361134420312
0.60329557931982,0.103348810160642
0.78382554021664,-0.48654928973539
0.856183692347258,0.981189547952141
0.980365783674642,-0.578449883288714
0.0992145938798785,0.0246717573530116
0.964447410544381,-0.898753193755981
0.668883941601962,0.829124474317006
0.531163603067398,-0.829958600621602
0.660255380440503,0.948546686490279
0.366258011432365,-0.872373000034872
0.757794212549925,-0.970170689387481
0.774166637565941,-0.725375000323822
0.752329022390768,-0.997324386892293
0.471640182193369,0.777669308525443
0.0573051292449236,0.973780852686239
0.704518190352246,-0.141466974521158
0.606419432908297,0.200308147532034
0.594546387437731,-0.170493314129194
0.749656720552593,-0.999941848470051
0.316061404068023,-0.483443229830317
0.130597837269306,-0.819913213996565
0.28884639358148,0.343274355489223
0.706286392174661,-0.196211520082744
0.437128456309438,0.919349867827195
0.580898211803287,-0.564725313358805
0.483356865355745,0.49935962791515
0.173204991267994,-0.745836702057626
0.0197096792981029,0.580382110383323
0.19734218227677,-0.0834008173227773
0.08119724271819,0.556947562744274
0.266414331505075,0.86996182214623
0.739138404838741,-0.942344741981424
0.945691511034966,-0.990853465887126
0.284949254244566,0.455410387026441
0.7440049208235,-0.98231620668605
0.415131614543498,0.457670735807827
0.951418407261372,-0.999007341701741
0.493601994588971,0.19964858058168
0.806715457234532,0.209410751507197
0.391524387057871,-0.263133984626888
0.161981605459005,-0.929989063014915
0.155646771658212,-0.984306097250319
0.428963348036632,0.789448753588759
0.596555944997817,-0.107987192569595
0.0452412809245288,0.988845737615315
0.329760268330574,-0.804567250403829
0.51624130574055,-0.48838291127027
0.175652731908485,-0.692459074922499
0.742792619159445,-0.974474843594065
0.570030756061897,-0.808448680963148
0.905750182224438,-0.179666380190267
0.980057901469991,-0.586312655823329
0.180119633441791,-0.584740502299632
0.64088367880322,0.959267748133667
0.439467694144696,0.945756121881679
0.609373741783202,0.290246851045602
0.440829715225846,0.958787445729585
0.862078603589907,0.928864603478111
0.947822215501219,-0.997660461803661
0.494456393411383,0.173278480558382
0.147212208947167,0.96129637192155
0.0490077938884497,0.577652653645379
0.355944580165669,-0.971466793210225
0.822866486385465,-0.792969307359962
0.424988511018455,-0.809101847321332
0.811282982584089,-0.696210379603978
0.796740142861381,-0.55416037365546
0.417588874232024,-0.860172979357879
0.436773234745488,-0.71353506831371
0.798230835003778,-0.569655428107202
0.890501538990065,-0.981086774106144
0.854982417076826,-0.968528188577522
0.929892493411899,-0.771373678553335
0.883176830364391,-0.99472554536995
0.759886153275147,-0.123913746673845
0.415784753160551,-0.871513333942536
0.0126222863327712,0.157952055846746
0.08317961380817,0.865057940357798
0.536375411786139,0.441353888337384
0.840617533540353,-0.908103888534022
0.705268970690668,0.532969923645437
0.994082799879834,-0.0742892271100513
0.820512632839382,-0.774603470282778
0.533825614955276,0.412380193152141
0.63213891396299,0.9959787345311
0.223812974290922,0.323168624368734
0.958989670500159,-0.49284029101034
0.00891464203596115,0.111790533105735
0.4524184204638,-0.562930971177882
0.664281748700887,0.880619145064477
0.975389578845352,-0.304357325083401
0.710722939344123,0.473772899557065
0.810045202029869,-0.684961068210673
0.450431457720697,-0.5833902594201
0.642247119685635,0.976605046129543
0.625582413282245,0.999973217547998
0.364097931422293,-0.990630246230725
0.712035930948332,0.459178800985269
0.372576928231865,-0.999536458381981
0.857399579603225,-0.975640705664133
0.834454094059765,-0.872981229027551
0.930658085504547,-0.76521562109762
0.0719515392556787,0.785912024887866
0.216398514341563,0.409812703525102
0.221136648906395,0.354806942301695
0.843423757469282,-0.92230289154868
0.960723989177495,-0.473761281495661
0.645929439691827,0.965612544073103
0.851507576648146,-0.956739757057775
0.477554961340502,-0.2783277987206
0.252316181315109,-0.0291018834233738
0.290503332624212,-0.487286696648495
0.470772763481364,-0.359078434069096
0.0556643304880708,0.643834119692056
0.520154874539003,0.250574482052044
0.385286101838574,-0.991657684521968
0.279542389791459,-0.362771816356403
0.938569322926924,-0.697541474976543
0.65928240888752,0.90862968392516
0.0495328509714454,0.583025924367275
0.0592141833622009,0.677315381691847
0.974151432048529,-0.319140747892514
0.316156361019239,-0.73883864784216
0.638817279832438,0.984963614343912
0.330716220661998,-0.849116261944638
0.317479990888387,-0.749944764400089
0.49044369510375,-0.119799642518185
0.0603554400149733,0.687796271288273
0.00967756845057011,0.121312371025247
0.630658075213432,0.997473355181575
0.675628088414669,0.804352576728808
0.468869539676234,-0.381295167875683
0.660497114527971,0.902149603332928
0.80352161731571,-0.623000294909643
0.218420672928914,0.386503569979236
0.275413998635486,-0.313960623958015
0.494209110736847,-0.0727062511908228
0.984808960929513,-0.189738917697793
0.154112916206941,0.93382227250058
0.293807950103655,-0.523119337853253
0.120411098469049,0.998337786297943
0.900322117609903,-0.949797873937062
0.0614266225602478,0.697504965767448
0.455674371682107,-0.528652464030722
0.783641333226115,-0.410269411344369
0.826842421432957,-0.822407683080631
0.347519797971472,-0.940965013983919
0.55501270131208,0.63754696278136
0.0828624200075865,0.863051421808371
0.705768677173182,0.527646153581101
0.879087075591087,-0.998681380163636
0.795284484513104,-0.538841784409935
0.448326936690137,-0.604663140046143
0.814967022743076,-0.728684885481414
0.661697742994875,0.895538054500321
0.355178987840191,-0.969140070757015
0.319008742459118,-0.762513592613114
0.47819794761017,-0.270558066021726
0.608451650710776,0.978455646720332
0.562576435506344,0.707785642910363
0.887837591813877,-0.987015812282199
0.20118397148326,0.575683904604426
0.559223531046882,0.677401796253236
0.840469321236014,-0.9073224053554
0.191909517627209,0.666859597938343
0.747282012132928,0.0341486024429324
0.230009357444942,0.248575990603102
0.11944932420738,0.997568325914692
0.369282842148095,-0.997420335136808
0.420989256817847,-0.837601797180987
0.759543276624754,-0.119637101908381
0.838026924058795,-0.893993077934899
0.0344818134326488,0.419878321728069
0.130674390355125,0.997458769123167
0.239158917684108,0.135812047433713
0.145046880701557,0.968436484803992
0.0161890592426062,0.202037343081674
0.622087459545583,0.999330292466983
0.682390837231651,0.751017537835349
0.343045296147466,-0.920454471368443
0.293517750222236,-0.520007881284345
0.887815015856177,-0.987061340995571
0.115388807840645,0.99271522306956
0.801613482180983,-0.604066630287107
0.691140225157142,0.674032172746761
0.181745619745925,0.756346389536391
0.667133064707741,0.863080081078918
0.672592787072062,0.8264246248113
0.412227577529848,-0.89255547382412
0.119445510907099,0.997564985016156
0.0313445979263633,0.383781425913447
0.539820110891014,0.479771507003299
0.939189692260697,-0.691934304913945
0.0381724205799401,0.461503106397119
0.0454143357928842,0.540215671870169
0.205608489923179,0.529355031478074
0.0716390425805002,0.783477788284692
0.718519350280985,0.385359621191094
0.338434407487512,-0.896275784415246
0.0731989850755781,0.795508056805781
0.535444138105959,0.430822658290154
0.219099098583683,0.37862679387809
0.0704359461087734,0.773993637854479
0.00215348415076733,0.0270581771111226
0.132742536021397,0.995270518043332
0.21984794177115,0.369900515108759
0.353385933674872,-0.963340111135372
0.855124237947166,-0.968970240202531
0.0975367403589189,0.941037061584738
0.497369003482163,-0.033056054292698
0.138826600043103,0.984943373502188
0.0840790583752096,0.870672838358757
0.815780607517809,-0.735648446419613
0.233006268274039,0.211930130387246
0.911884624511003,-0.894490573389307
0.236718554748222,0.166125797658551
0.337365139042959,-0.890235861552434
0.144370331428945,0.970520614947557
0.569502847502008,0.766515987894751
0.976896213134751,-0.286269147033126
0.471234608907253,-0.353655761561114
0.933923611883074,-0.73816104387467
0.523938244674355,0.296300478829664
0.087238984182477,0.889512635298045
0.676428826060146,0.798333379409985
0.0255926579702646,0.316091409130692
0.4820882671047,-0.223189680778239
0.622799571370706,0.99961772435121
0.901777961524203,-0.943915502960821
0.418252314208075,-0.855891228521343
0.333866767818108,-0.869357589174971
0.539722990477458,0.478700334123993
0.042996893171221,0.514406054209445
0.90427281265147,-0.933101579942362
0.914868998574093,-0.877098561188859
0.451471683336422,-0.572723859211367
0.208257851656526,0.500821226653628
0.172502876725048,0.827060254423908
0.508966710884124,0.11244072418156
0.320429398445413,-0.773941535852988
0.169952696654946,0.844646288565475
0.0858354840893298,0.8813162234657
0.926917254924774,-0.79462209843924
0.28779403725639,-0.45727964541235
0.446131108095869,-0.626407952118221
0.400611702585593,-0.948653064758047
0.729419029084966,0.25575452782174
0.112974953139201,0.988604412543531
0.688623656285927,0.697052075158605
0.754638873971999,-0.0582607998125924
0.652894734404981,0.939188932106858
0.864055344834924,-0.990557017049222
0.784427769947797,-0.419261859448542
0.0945800296030939,0.927820768176369
0.39349932433106,-0.973100467116009
0.755475290352479,-0.0687502531436594
0.0708722854033113,0.777453911957655
0.179789596237242,0.772195904024801
0.575819616438821,0.815027932008515
0.692754056770355,0.658913715932003
0.576124685816467,0.817243217024497
0.578750648302957,0.835811834127991
0.134627673542127,0.992690248118204
0.872605225536972,-0.99954722108637
0.86658150749281,-0.994409465653229
0.850536197656766,-0.953117085535986
0.356688996078447,-0.973642939721815
0.652157408418134,0.942330356968342
0.399308434920385,-0.95370606963618
0.871976372087374,-0.999278237732193
0.431912530213594,-0.754972629406691
0.417277768487111,-0.862160239983911
0.975290768081322,-0.305539874366341
0.00158571288920939,0.0199253371617205
0.75906070927158,-0.113614373264054
0.607124390080571,0.974876246843927
0.994721868541092,-0.0662783351161633
0.537422448629513,0.453121963451965
0.123909756774083,0.999906150981914
0.293342269491404,-0.518123059299773
0.864635574165732,-0.991530335259061
0.865690923063084,-0.993165485771267
0.399933000095189,-0.951316354685103
0.0791527817491442,0.83857552491614
0.971444693626836,-0.351185138009883
0.991550296545029,-0.105982690154168
0.00547288567759097,0.0687201065752608
0.40675836824812,-0.921415983671277
0.424046240979806,-0.816003496223908
0.618174722185358,0.996324096099205
0.776467619463801,-0.326503450939545
0.64549713791348,0.967010650231092
0.855632534949109,-0.970529295783292
0.861065787030384,-0.984708690366397
0.348562119295821,-0.945317960615833
0.0948226365726441,0.928953695819505
0.713422756409273,0.443628366297742
0.589001254644245,0.899412143163637
0.886104990029708,-0.990278770975981
0.946613319450989,-0.62167301377606
0.75458166655153,-0.0575431162803828
0.472047785297036,-0.344079162887415
0.656674331985414,0.921825819781363
0.897516582626849,-0.960235527702692
0.357662777416408,-0.976360936589477
0.320592919597402,-0.775241160241323
0.615554291987792,0.99296362790859
0.650277701904997,0.949972349318537
0.00309482519514859,0.0388809175047524
0.762063768925145,-0.151017790893519
0.690046081552282,0.684124861581266
0.586623413721099,0.885951631866439
0.683936894638464,0.738048427943902
0.894542334834114,-0.969997397584076
0.75448485952802,-0.0563285768003587
0.496633507311344,-0.0422919773196367
0.167650678893551,0.859776621362841
0.0495929608587176,0.583639455428886
0.642153535736725,0.97685726111011
0.00695168343372643,0.0872463640490834
0.101191277382895,0.955575773356643
0.0844453449826688,0.872927598076323
0.0388549517374486,0.469094972250537
0.919303826987743,-0.848983166073227
0.205862073460594,0.52664881466422
0.446452665142715,-0.623253057743461
0.614483814919367,0.991280851990949
0.482223363127559,-0.221534516842079
0.231679559452459,0.22819313221774
0.0954116005450487,0.931668100120947
0.352130676154047,-0.958988533695945
0.640229898970574,0.981741808448394
0.935172723373398,-0.727481097919545
0.680631090188399,0.765433966567352
0.289465819951147,-0.475860476545492
0.159304509405047,0.908513670860401
0.673216249328107,0.82198802288361
0.660451286705211,0.902397905848154
0.612872642930597,0.9884100552516
0.305041898740456,-0.637829588234915
0.397363181458786,-0.960771939004711
0.955841555958614,-0.526867974498422
0.884434165433049,-0.99298079404756
0.679635237902403,0.773426921173768
0.912936262786388,-0.888504262295829
0.377836961764842,-0.999364594894423
0.167152936570346,0.8629539302333
0.876046821242198,-0.999913477606857
0.62816356215626,0.999209894149314
0.771375352982432,-0.265392123700603
0.856321302708238,-0.972578700879745
0.716822265880182,0.404949595368361
0.216864691581577,0.404462069804403
0.91099926806055,-0.899409272041514
0.0606258632615209,0.690259089525246
0.638985777739435,0.984595599310413
0.81742447335273,-0.749483083540211
0.374305717414245,-0.999961940811669
0.123469203943387,0.999814983266325
0.938379901694134,-0.699245114695821
0.102792409015819,0.961312358804446
0.263215804705396,-0.165312339635274
0.110310735646635,0.983011450283898
0.695829447591677,0.629358338080222
0.433861800702289,-0.738684830500455
0.368474574526772,-0.996639808479253
0.254284165101126,-0.053810403999908
0.0780978866387159,0.831280272073352
0.746481204405427,0.0442040810830856
0.540633940137923,0.488719259052571
0.0645653896499425,0.725219137581534
0.337724256562069,-0.892282371045923
0.377425005892292,-0.999535718135274
0.431495594326407,-0.758398001810277
0.599142770748585,0.947672588596064
0.460841652704403,-0.472458627034243
0.769791657105088,-0.246153176571692
0.496151111787185,-0.0483477004359081
0.386511979624629,-0.989554427948413
0.734483039705083,0.193758562839272
0.873937073163688,-0.999910794831165
0.344579393044114,-0.927817784221237
0.83339920709841,-0.866439004091054
0.722914980724454,0.333826830126145
0.487792681669816,-0.152800750451951
0.179220206802711,0.776722375568121
0.377772036474198,-0.999393342324213
0.622007994912565,0.999293254218232
0.460705582052469,-0.473964973401113
0.212031684117392,0.459226208802038
0.593988123815507,0.925020518096956
0.301103859674186,-0.598950629987913
0.273429606342688,-0.290189752490372
0.499412265140563,-0.00738562692045009
0.376940105110407,-0.999702820573733
0.248527093790472,0.0185080285009076
0.91349631221965,-0.885252866419958
0.632281062193215,0.995817112215033
0.927067139651626,-0.793477204261406
0.610420358832926,0.983263361710918
0.452366964891553,-0.563465278982575
0.0610063252970576,0.693710558124137
0.72766579175368,0.276989825536629
0.531360919354483,0.383970813124306
0.995846602600068,-0.05216943751288
0.744503017514944,0.0690221969855199
0.504925662884489,0.0618581878516695
0.418964370153844,-0.851229537048352
0.214695920236409,0.429233680802591
0.242935224669054,0.0886620109656216
0.0302621009759605,0.371184916171472
0.685284158913419,0.726519572657298
0.424315550364554,-0.814042576530046
0.171322267269716,0.835308428689508
0.954117616871372,-0.545155869530887
0.870871118968353,-0.998654272769976
0.0914764266926795,0.912570492869779
0.908922062255442,-0.910511371326406
0.0352774758357555,0.428931705861085
0.568035587202758,0.754544931754441
0.136374625610188,0.989801779483187
0.0311277729924768,0.381263948867797
0.212618698598817,0.452660960428237
0.735198712907732,0.184927863388855
0.73550053848885,0.181199108796351
0.915883741108701,-0.87090267691193
0.593668253626674,0.92348593156213
0.318064839346334,-0.754786113265681
0.85176782310009,-0.957686132308181
0.717386150965467,0.398460486984231
0.195211204933003,0.635376743725524
0.488304980797693,-0.146435485609586
0.267127285711467,-0.213569997395765
0.687705056043342,0.705282355634419
0.0802628337405622,0.846093081140354
0.943115983391181,-0.655485744701871
0.937534243799746,-0.70680243333924
0.117870683083311,0.995989531840563
0.192242692457512,0.663733829677371
0.779042685171589,-0.356912999297993
0.925926996394992,-0.802115159758234
0.0200529580470175,0.249334414887423
0.237463306635618,0.156889873873915
0.737121692392975,0.161128104180723
0.340814921073616,-0.909139767625525
0.665113485651091,0.875618758934237
0.856393382884562,-0.972788964207408
0.119183287955821,0.997329752679212
0.67157572391443,0.833553123771513
0.249732013558969,0.0033676105723541
0.997142409672961,-0.0359018220826358
0.965927662793547,-0.415202710699412
0.769227820681408,-0.239279688239412
0.517137013375759,0.213689416851265
0.306342112598941,-0.650327798967274
0.00664445222355425,0.0833996641859985
0.638683002209291,0.985253727389233
0.747817194787785,0.0274264996834877
0.605388239491731,0.969784927686083
0.948514062911272,-0.602788546237189
0.112849130993709,0.988365159065166
0.311222537187859,-0.695664924114879
0.0941247388254851,0.92567137925405
0.887372481636703,-0.987937749698953
0.00130617106333375,0.0164130926588158
0.854228552430868,-0.966126812432223
0.902117308694869,-0.942498887350346
0.181144568603486,0.761265745192052
0.277573534287512,-0.339607204945648
0.562570803100243,0.707735640990855
0.309876080136746,-0.683411109733194
0.16400564275682,0.88225784708422
0.829333614325151,-0.839811333963726
0.872019363800064,-0.9992986143096
0.976197336334735,-0.29467279614077
0.480540125863627,-0.24211002676126
0.248517650179565,0.0186266799577927
0.284742683637887,-0.422851282821365
0.104010401293635,0.965415724269925
0.464700772659853,-0.429178605658943
0.78098331252113,-0.379585097516771
0.346022472484037,-0.934429555045649
0.288717670133337,-0.46757072899835
0.657469660509378,0.917905974505127
0.609401254216209,0.980849591264344
0.740580259356648,0.118095709253383
0.2684006546624,-0.229174421223671
0.578455299837515,0.833768432180852
0.796808022540063,-0.554870218625736
0.166305122431368,0.868288107352275
0.873383044265211,-0.99979357083687
0.401196123333648,-0.946304445135862
0.26611590036191,-0.201136875049305
0.333373753586784,-0.866279259999329
0.220894542289898,0.35764975741031
0.148697036784142,0.955988503219045
0.176581528037786,0.797176312682382
0.741080648265779,0.111849345747342
0.399398059817031,-0.95336675315937
0.40538684790954,-0.927975952334143
0.0496582628693432,0.58430560417215
0.932202078402042,-0.752581621953077
0.350381041876972,-0.952525278004722
0.869594916235656,-0.997694168235548
0.256578724132851,-0.0825765497924851
0.827474772231653,-0.826902340207501
0.812590579967946,-0.707911195323438
0.129629834555089,0.998308008535181
0.763409239239991,-0.167709174616248
0.431300351396203,-0.759994885352256
0.706514346180484,0.519663325533699
0.992061033146456,-0.0995985926636998
0.329610859509557,-0.841697602957479
0.422405740711838,-0.827745780066572
0.77828375203535,-0.347987999629105
0.867946802638471,-0.996074658238684
0.871568034635857,-0.999070160033126
0.843592343386263,-0.923119558389657
0.335988473612815,-0.882223038137983
0.754590151831508,-0.0576495684438327
0.0285661998204887,0.351313306679234
0.915724560851231,-0.871884001272673
0.758541202172637,-0.107125950900859
0.243230926338583,0.0849601446554878
0.613945003598928,0.99036596158835
0.173397476086393,0.820688923550617
0.401758549967781,-0.943996018345712
0.71809997363016,0.390217265783687
0.0436602365225554,0.521536453445088
0.685457171406597,0.725023906254151
0.243858750676736,0.0770966343541767
0.644456479465589,0.970259127750111
0.608132489258423,0.977619741521354
0.520458337152377,0.254264416402366
0.127857800107449,0.99935522713349
0.864257741719484,-0.990902515724013
0.960271150805056,-0.478764972064739
0.113377411151305,0.98935309632895
0.947340005310252,-0.614494461988382
0.452623456018046,-0.560799574044805
0.671762792626396,0.832252161416053
0.49678016314283,-0.0404506238923247
0.448435845552012,-0.603572518443692
0.524838671786711,0.307088274169105
0.435796891804785,-0.722077110898346
0.151016686344519,0.94703098653884
0.389110690681264,-0.984319928531342
0.261179405031726,-0.14002290431232
0.126115251332521,0.999901796237874
0.707948626019061,0.50418083220102
0.92111370828934,-0.836746442135343
0.312923311721534,-0.710858207822302
0.172905672108755,0.824204436398655
0.33675271528773,-0.886704031778649
0.585530035663396,0.879495998556101
0.559786774218082,0.682591398256511
0.763554697856307,-0.169510891072202
0.623007326386869,0.999686498676248
0.107952897902578,0.977142464863413
0.889250103384256,-0.984009394249179
0.503412322839722,0.0428673736598482
0.0349638974294066,0.425368747378503
0.313333424041048,-0.714473477155322
0.311896410770714,-0.701723139817533
0.848459391389042,-0.944896140240641
0.170236448291689,0.842732100252696
0.798501292010769,-0.572445438168249
0.345133216353133,-0.930391440242841
0.988374758278951,-0.145568031980713
0.151221269043162,0.94620224555494
0.0885599155444652,0.896974144547676
0.396174918627366,-0.964805953416051
0.507124522933736,0.0894098395600206
0.902478883508593,-0.940970622528145
0.231954812770709,0.224824099585763
0.636457699583843,0.989652529553622
0.279163742205128,-0.358333640346298
0.673229343490675,0.821894301966484
0.917541769333184,-0.860474718245886
0.200951709644869,0.578067979867613
0.989649055758491,-0.129707321068658
0.172326141735539,0.828306620816301
0.535796850686893,0.434818298495527
0.391545084537938,-0.978464116022599
0.257236341480166,-0.0908092763761702
0.860126762883738,-0.982584493280167
0.0305542214773595,0.374591049570034
0.160568098770455,0.90176440868563
0.0838806550018489,0.869443816648335
0.192055712686852,0.665489466180832
0.275541792390868,-0.31548492124727
0.620478322030976,0.998386116658206
0.251780844060704,-0.0223768786096548
0.108546452363953,0.978700907342689
0.338658855762333,-0.897523101513465
0.354214226827025,-0.966080339196088
0.00736750150099397,0.0924505478324076
0.726366154616699,0.292644896901874
0.58058525621891,0.848245818610088
0.731291712028906,0.232935645821102
0.87991920276545,-0.998089966961242
0.22055497369729,0.361631387081053
0.744878274155781,0.0643170791270985
0.819584011100233,-0.767170615058917
0.480300207622349,-0.245034126585198
0.015367157291621,0.19191141497754
0.840507635846734,-0.907524729638962
0.354890564689413,-0.968240245855708
0.490503290202469,-0.119056108364613
0.831894955132157,-0.856846832249115
0.865794805809855,-0.993317002225819
0.312954035587609,-0.711129703810703
0.496018380858004,-0.0500136279062268
0.17118744365871,0.836238693298972
0.765787668991834,-0.197094793919177
0.852559105725959,-0.96050063987341
0.607769698370248,0.976650471473996
0.700406658230349,0.583643342258435
0.36317938263528,-0.988987869423164
0.0909604351036251,0.909899835992008
0.723502220585942,0.326861657820477
0.700786286965013,0.579762976344365
0.162399901077151,0.891576884778396
0.821135450387374,-0.779529579240352
0.319982178043574,-0.770370467691945
0.837585453409702,-0.891493523173822
0.576672008261085,0.821187516121017
0.0167172460351139,0.208533358503448
0.543494074605405,0.519753731080318
0.0772474575787783,0.825292617339874
0.330944102723151,-0.850625375623143
0.411063150269911,-0.899058086575179
0.415112709393725,-0.875623470459075
0.72963107493706,0.253177597607759
0.74996277061291,0.000467838258847324
0.518358429661021,0.228657896089753
0.261658969102427,-0.145987335126075
0.123399592004716,0.999797774220115
0.360923824366182,-0.984396342420592
0.862419962184504,-0.987530501632003
0.734486833680421,0.193711789624593
0.86168675404042,-0.986038102321732
0.285311776213348,-0.429321032452176
0.0438488824293017,0.523557645980726
0.959719024365768,-0.484844766840841
0.295796963619068,-0.544255676084096
0.932383535662666,-0.751078118358591
0.919525180477649,-0.847510025474258
0.85518901864998,-0.969171135946217
0.667873366735876,0.858344208281643
0.335800007451326,-0.881105477435056
0.470478448085487,-0.362527785624362
0.45005710539408,-0.587204544299107
0.495968769770116,-0.050636269261363
0.535631695529446,0.432948427073517
0.308317188639194,-0.668979823210795
0.489453514339402,-0.132143414951468
0.430662427796051,-0.765180491238928
0.156898396555334,0.920730797787109
0.347848734818399,-0.942356191172075
0.306336191017181,-0.650271269214294
0.482826206367463,-0.214140912421862
0.887766199419275,-0.987159517008342
0.0305356322787702,0.374374448886901
0.784665252780542,-0.421969328552515
0.570452961605042,0.77412901148705
0.398098523030058,-0.958168178712319
0.998623579274863,-0.0172957505201791
0.241603217087686,0.105321393019914
0.951895616482943,-0.568348706585664
0.34977866220288,-0.950193334776531
0.50950502185151,0.119159817151384
0.572530812118202,0.790392268603301
0.544470671797171,0.530198737372778
0.699673398165032,0.591100659823478
0.857110660290346,-0.974837800955158
0.122600954724476,0.999545604807609
0.913697053212672,-0.884076771060681
0.506851386046037,0.0859907270409025
0.796910509467125,-0.555941200326617
0.923996075289324,-0.816367735245573
0.204198528081179,0.544303202482495
0.804821388563141,-0.635692970547984
0.282891342882067,-0.401656366775325
0.510883556678891,0.136340831266733
0.268713422119617,-0.23299838820867
0.986779569182545,-0.165369672951893
0.354871388059109,-0.968179967364112
0.588587712263688,0.897128511130466
0.397699947701767,-0.959589657357401
0.0136765327770263,0.171019558100268
0.335842775180936,-0.88135951389454
0.785922051407397,-0.436234561851045
0.892089885659516,-0.97702803042296
0.66675585322082,0.865464484355059
0.205043160589412,0.535368776396143
0.436650151619688,-0.714617868317811
0.324219760019332,-0.803215092196682
0.112854547332972,0.988375509246732
0.393805626546964,-0.972206498977801
0.946554252645001,-0.622254233940589
0.213424547342584,0.443608196483862
0.91006780276075,-0.904463945377452
0.531378350919113,0.384173064069703
0.413360233651474,-0.886046916302053
0.121056599542499,0.998772440296508
0.611840154509991,0.986357268253124
0.298489698441699,-0.572325975374441
0.880735834361985,-0.997403460690486
0.127242534421384,0.999602955461023
0.219448753399774,0.374556387780646
0.0732739258091897,0.796078340517467
0.418483579298481,-0.854384677102911
0.0257268061395735,0.317690284040997
0.837354809977114,-0.890176730688141
0.0955931332428008,0.932494461859765
0.242007160559297,0.100272186521915
0.548976476304233,0.57733136220244
0.628438874613494,0.999066412931051
0.198042355710641,0.607507604211513
0.0873198185581714,0.889976303650405
0.726135060191154,0.295420542752934
0.806806323817,-0.654748110891256
0.616007395321503,0.993621794238522
0.00508908764459193,0.063907779213369
0.155583467334509,0.927052404363605
0.900407719658688,-0.949460774258183
0.390336158452556,-0.981486935482588
0.532977083232254,0.402642847311131
0.317069935612381,-0.746526173038013
0.518479228252545,0.230135415327935
0.308407249161974,-0.669820590425507
0.499708810122684,-0.00365919175155463
0.469462451990694,-0.374396771855594
0.763440384762362,-0.168095004545823
0.288397127762437,-0.464006324066901
0.221666925353929,0.348569000441158
0.436628041323274,-0.714812198314904
0.864375924225897,-0.991101293392341
0.587139047915116,0.888938129187367
0.776609556749463,-0.328188816819397
0.579792479751632,0.842927739718243
0.630829056724906,0.997318411710913
0.212397963507101,0.455132600078851
0.488346612313762,-0.145917948050543
0.634706004988402,0.992570966999656
0.821175723103806,-0.77984647158851
0.708752121543512,0.495435510451522
0.971164043294266,-0.354485070172432
0.382600082317367,-0.995442819932679
0.995475420961156,-0.0568269073805151
0.257222672691569,-0.0906382176636354
0.903680945280939,-0.935750412460174
0.652646730653942,0.940254580584428
0.164379383204505,0.880037141404477
0.186564611503854,0.71536938418223
0.147095595253631,0.961699084349175
0.0433019052725285,0.517689154278501
0.0397860372904688,0.479395779388703
0.186958681093529,0.711900417303262
0.128270377637818,0.999155646290747
0.790945466142148,-0.49213089534859
0.582702102838084,0.862032061750514
0.931043489836156,-0.762088775003999
0.42216804693453,-0.829418071523994
0.0585300845559686,0.670965946808158
0.519953174050897,0.248119898592789
0.709834176115692,0.48357867853953
0.874138038372621,-0.999941337394124
0.155683383811265,0.926580914090679
0.682886575814337,0.746889674318887
0.48882775218226,-0.139933849609657
0.706508479081094,0.519726315320116
0.278420337708667,-0.349596596573259
0.930372105445713,-0.767524225874209
0.124334114370868,0.999964990453691
0.129876103950664,0.998123278821307
0.812863067723811,-0.7103255452689
0.58097619144246,0.850837318204611
0.360502671916038,-0.983451288657735
0.159131930442527,0.909417732425534
0.629212605999783,0.998599155292286
0.729665575549006,0.252758151406421
0.760310307377949,-0.129200960163067
0.815446621272713,-0.732799084296591
0.738001724006608,0.150204170433869
0.302727665519342,-0.615165119894666
0.891457225661725,-0.978691417847861
0.437412761850283,-0.707881533904319
0.275290194898844,-0.312483146586267
0.107976330211386,0.977205020236379
0.409417248563841,-0.907920774741458
0.26763673289679,-0.219819774118893
0.440546036930755,-0.679529064180732
0.249988744035363,0.000141446622776797
0.63656282494776,0.989462116362633
0.762624657945707,-0.157981484225595
0.969242556253448,-0.376957652474792
0.0699310610070825,0.769960745063257
0.673759036231786,0.818084418787478
0.980214948765934,-0.246072718096017
0.320627929642797,-0.775518985885435
0.0781721193343401,0.831798430225692
0.533436323748901,0.407918627007947
0.49110171967186,-0.111586212248859
0.82761212834157,-0.827871754466908
0.616186254657805,0.993872734157547
0.890211278339848,-0.981786291476254
0.372957551153377,-0.999670641961173
0.657594142714515,0.917284144805733
0.169439707417041,0.848079639286143
0.168874600203708,0.851821005704446
0.383731913752854,-0.993985870031125
0.429994686506689,-0.770555802703278
0.915756880072877,-0.871685039848172
0.536019332706928,0.437334257024188
0.224766165949404,0.311810283846955
0.80927979783155,-0.677921756378015
0.787754345918074,-0.456836015541962
0.655833299504593,0.925870745431725
0.462456179782748,-0.454481073507671
0.101263349875808,0.955842329402675
0.428729207022116,-0.780593751765699
0.166592576075345,0.8664905532733
0.637487925123423,0.987712066179622
0.686530981911346,0.715664611900124
0.131606610026211,0.996555726627222
0.946150197647512,-0.626220943766355
0.364933437667787,-0.992009519664297
0.920292894355953,-0.842350036627305
0.0756247520912439,0.813606638212608
0.039628702448681,0.477659718393966
0.0363037320785224,0.440545433198224
0.657972582150251,0.915379936830368
0.148197490721941,0.957811493795454
0.263905527302995,-0.173854081884865
0.0579988569952548,0.666001153098656
0.527577538974583,0.339654537986316
0.904027779120952,-0.934204468299712
0.558409372810274,0.669840405564828
0.16110202902928,0.898844071221163
0.535339161520824,0.429631812249131
0.446222005877644,-0.625517160975968
0.167995354626328,0.857556685390963
0.447485121898353,-0.613054773275665
0.176678121788427,0.796442878149213
0.528636513045058,0.352140430147419
0.777362012071535,-0.337105917545135
0.773268077988178,-0.288246675990104
0.942914880346507,-0.657392161288811
0.950155081460252,-0.586207515823626
0.126511317910627,0.999819661548171
0.436431242385879,-0.716539454127483
0.536676553776488,0.444746463537725
0.83281784132123,-0.862768324274114
0.276985882548615,-0.332652247931466
0.826614564051852,-0.820775363713573
0.689859008882195,0.685837578543147
0.988372029503807,-0.145601957437669
0.191670379135758,0.669095936243244
0.219745175912976,0.371100003395998
0.461918322835118,-0.460491188780262
0.0875047293957323,0.891033503878341
0.936573339859024,-0.715292738747813
0.688049090094864,0.702210900924933
0.902810961240903,-0.939549918162949
0.806887509534135,-0.655518892692854
0.862855497281998,-0.988377324049715
0.869801272405311,-0.997866810732924
0.819346853531897,-0.765255575952218
0.442164428997785,-0.664469126682491
0.275735748466104,-0.317796833110465
0.0240647487808019,0.297818415554215
0.283697571139783,-0.410913799955482
0.706231892574579,0.522692564868789
0.532460602233186,0.396693473652141
0.0473462957888842,0.560484820856035
0.456937283743173,-0.515115204189491
0.651882789330557,0.943479726958073
0.066769904224202,0.744012277322946
0.786251436918974,-0.439955385339144
0.370856045512483,-0.998644431268363
0.86454689106904,-0.99138498333721
0.127634444274008,0.99945206618835
0.597702251747251,0.94173865545759
0.585562419146299,0.879689592384841
0.655647985870019,0.926748118578184
0.389147588051856,-0.984238035562855
0.914419627282768,-0.879796859039118
0.432487830286846,-0.750212194703947
0.113296037074178,0.989203758322381
0.46333766495809,-0.444586422425302
0.111070603365079,0.984719232365028
0.957180120516568,-0.512497239351105
0.669125914340839,0.850162440246336
0.188928274437785,0.694302260095882
0.97475030971691,-0.31199959895412
0.197255188599229,0.615334975094423
0.0625475172419101,0.707528882188196
0.391012757783756,-0.979823022480039
0.133529393235222,0.994261344004699
0.612227202625945,0.987146269399595
0.814184966264293,-0.721919373929211
0.432792937150225,-0.747671600120825
0.539577923249453,0.477099012670882
0.886180059751496,-0.990147112725519
0.20004499796778,0.587327690673846
0.78688015928492,-0.447036616179414
0.990594973554835,-0.117912097086397
0.854280943050981,-0.966296504536612
0.282979303970933,-0.402668391683713
0.161473366897553,0.896789169525889
0.709280018927529,0.489662275958125
0.434670681133866,-0.731795267899658
0.371854219119996,-0.999218749852312
0.357891004299745,-0.976976824994103
0.308309717103839,-0.668910033588949
0.21576689905487,0.417039711748768
0.604118001414463,0.965767366029603
0.945643620332703,-0.631171319917065
0.525825871154666,0.31887043328004
0.857062860392034,-0.974703726248901
0.429441754240543,-0.774965854706692
0.656907095108181,0.920688139995466
0.789326904574409,-0.474324406168708
0.191737439250574,0.668469422612493
0.63080411311239,0.997341302479164
0.634733873186633,0.992528298071669
0.72163534979336,0.348940877745994
0.457236676709726,-0.5118868345648
0.635436447802931,0.991412384922212
0.761572059709579,-0.144906813276465
0.890271523268893,-0.981642177330444
0.356487726327032,-0.973062965174153
0.320490964688361,-0.774431232510614
0.0293284212239087,0.36026486668971
0.262186259729788,-0.152539222475361
0.0823930338956416,0.860057008505461
0.198297757422552,0.604955151160841
0.720164254074916,0.36620463906653
0.144405767321587,0.970413193222124
0.375346024287865,-0.999990546291322
0.738377343863249,0.145535886583914
0.629980937577784,0.998041740977762
0.150031464872882,0.950934256864941
0.642501643393189,0.975912256748137
0.275702786166221,-0.317404062847499
0.748237545136362,0.0221458504109502
0.170719784451649,0.839446857885052
0.681523945881054,0.758165735835557
0.239752855384722,0.128413845537815
0.528537471080199,0.350975279692573
0.259984817123041,-0.125143942090371
0.653905290178955,0.934752467331002
0.153999475995079,0.934331289351567
0.888672179542482,-0.985276988111656
0.0463422590401024,0.549991451506251
0.518552854890004,0.231035702135778
0.472717862809077,-0.336160762567329
0.995094643207267,-0.061603500636884
0.748209224548191,0.0225016487268892
0.915665655396879,-0.872246261129366
0.322375766467303,-0.789197201063653
0.139621610520408,0.983167137564357
0.780706163495779,-0.376360705171147
0.675829859217629,0.802843503830617
0.684998052893206,0.728985376746688
0.363770841620862,-0.990060526291864
0.707102346932516,0.513336218294026
0.841333342948928,-0.911833763261785
0.781813728157431,-0.389218553777551
0.350046248175204,-0.951235947605352
0.520764583256096,0.257984447671832
0.425457990495488,-0.805620746749803
0.574508484452963,0.80537109080492
0.496444872580469,-0.044660189361065
0.190152076771483,0.68315275901659
0.834673379547894,-0.874321978318616
0.710203922353685,0.479506502946349
0.699127918574959,0.596615714467468
0.237048409646377,0.162036900967605
0.891267483821139,-0.979178232960942
0.379784576361999,-0.998193051069414
0.897512985859066,-0.960248145694635
0.918135133571923,-0.856651830597391
0.670518672093749,0.840817590215543
0.417637652717531,-0.859860202362505
0.198293635854498,0.604996391140875
0.652456177398562,0.941067166220048
0.595038402825594,0.929954028685041
0.983435385394841,-0.206657120209643
0.0779556736815721,0.830285578974062
0.313838379923254,-0.718898745812832
0.540413528913632,0.4863009270603
0.87700597406365,-0.999682299892255
0.819733835291117,-0.768376929262844
0.199899648316205,0.588805000754653
0.131127026863396,0.997037388230986
0.554019507486373,0.627882173356887
0.593682827893645,0.923556176655216
0.900510315550491,-0.949055305619069
0.35459642810747,-0.967309496510109
0.734887002734467,0.188775939232276
0.939779676729813,-0.686562748753816
0.781740617472678,-0.388372100193206
0.681833051145077,0.755627198159594
0.526529182679951,0.327234581548889
0.628797505283728,0.998861575884617
0.680542542599142,0.766149545127068
0.0995798141229898,0.949411590804866
0.167846802156419,0.858515435090376
0.600092541892081,0.951415233841091
0.620279249502346,0.998240924579139
0.924974010325968,-0.80920891946408
0.83788519538939,-0.893193621910904
0.650285943644121,0.949939996180897
0.889599867863581,-0.983217021617991
0.50953193125315,0.119495554531738
0.247369668912143,0.0330476968216621
0.107213716953993,0.975125669554267
0.725929619977251,0.297885967978737
0.606007197406143,0.971653119156865
0.842390895821154,-0.917209256222661
0.410680742468685,-0.901151677166033
0.963300126371905,-0.44500891290359
0.827868244145066,-0.829672746146699
0.328355327947065,-0.833074162149447
0.0478165154345334,0.565368594915063
0.243982267333195,0.0755490058217465
0.032171881524846,0.393360385918257
0.690328158205375,0.681535204027532
0.173032442340627,0.823301263587524
0.663339028600603,0.886170419402164
0.193330276058987,0.653449686381694
0.546202252153307,0.548521220457937
0.349365483736619,-0.948562341978743
0.794983456609771,-0.535651255754239
0.0246699885465205,0.305070273106051
0.57663641590625,0.820932197458268
0.351467267377302,-0.956592258643413
0.666547456290573,0.866773452651586
0.226417041849345,0.292033364424905
0.957100383238867,-0.513357395205469
0.856052144663408,-0.97178649480563
0.681807400658727,0.755838287980098
0.979669386288151,-0.252711818876671
0.472326823975891,-0.340784655707091
0.835810776334256,-0.881169467605024
0.598488110350445,0.945014224375107
0.636837528785691,0.988956395565731
0.773553126957268,-0.291674815358391
0.687182366847992,0.709923554696252
0.207347195362672,0.510693272860332
0.608150001848117,0.977666016055412
0.368433482246473,-0.996597379342854
0.177123174304143,0.793048460565807
0.317658719606698,-0.751428582689137
0.608010118827224,0.977295073841341
0.293637715512887,-0.521294962480609
0.607008102815598,0.974549703652694
